CRYPTONOTESMOHSIN,2022-09-15,17:03:57,Why every project is labelling itself as Web 3 project ... ethereum then Binance then dot and matic and many others  ... Web 3 is getting huge hype... ğŸ˜³  btc crash na hota tou ab tak web3 projects apne peak pe hote. Next trend is Web 3. All dip base web 3.0 coins can make its all time high... Web 3 is big ğŸš€,"['Why', 'every', 'project', 'labelling', 'Web', '3', 'project', '...', 'ethereum', 'Binance', 'dot', 'matic', 'many', 'others', '...', 'Web', '3', 'getting', 'huge', 'hype...', 'ğŸ˜³', 'btc', 'crash', 'na', 'hota', 'tou', 'ab', 'tak', 'web3', 'project', 'apne', 'peak', 'pe', 'hote.', 'Next', 'trend', 'Web', '3.', 'All', 'dip', 'base', 'web', '3.0', 'coin', 'make', 'time', 'high...', 'Web', '3', 'big', 'ğŸš€']"
CRYPTONOTESMOHSIN,2022-09-16,11:22:55,https://twitter.com/Mohsin_71/status/1570734360890060808?t=Mo5nv1nukGLwa1XSYHdqAw&s=19,['httpstwitter.comMohsin71status1570734360890060808tMo5nv1nukGLwa1XSYHdqAws19']
CRYPTONOTESMOHSIN,2022-09-18,07:47:12,"Premium Signal channel Entries are open Now For 48 Hours Only. Â  If you are Making wrong Decisions in trading and not earning Good profit then you can Join Crypto Notes Premium channel Recover your losses and Make a Quick money from quality Crypto Signals 1 month fees... 55 usdt3 Months Fees... 130 usdt6 Months Fees...180 Usdt 12 Months Fees 250 usdtHow to Join..? ğŸ¤”1. Make a payment on given usdt address2. Take a screenshot of transaction ID3. Send this screenshot on this telegram payment Link ğŸ‘‡@cryptonotes11224, it's done âœ… you will receive Premium channel link.Usdt Trc20 Address ğŸ‘‡ğŸ‘‡TFibYBvoPvijgCygFHPuiGMfVmfBeonqQk","['Premium', 'Signal', 'channel', 'Entries', 'open', 'Now', 'For', '48', 'Hours', 'Only.', 'If', 'Making', 'wrong', 'Decisions', 'trading', 'earning', 'Good', 'profit', 'Join', 'Crypto', 'Notes', 'Premium', 'channel', 'Recover', 'loss', 'Make', 'Quick', 'money', 'quality', 'Crypto', 'Signals', '1', 'month', 'fees...', '55', 'usdt3', 'Months', 'Fees...', '130', 'usdt6', 'Months', 'Fees...180', 'Usdt', '12', 'Months', 'Fees', '250', 'usdtHow', 'Join..', 'ğŸ¤”1.', 'Make', 'payment', 'given', 'usdt', 'address2.', 'Take', 'screenshot', 'transaction', 'ID3.', 'Send', 'screenshot', 'telegram', 'payment', 'Link', 'ğŸ‘‡cryptonotes11224', 'done', 'âœ…', 'receive', 'Premium', 'channel', 'link.Usdt', 'Trc20', 'Address', 'ğŸ‘‡ğŸ‘‡TFibYBvoPvijgCygFHPuiGMfVmfBeonqQk']"
CRYPTONOTESMOHSIN,2022-09-18,17:35:37,This is the Whale pump and dump Game ... infact dump Game... 4 hours before they invested 65 btc and 16 min before they dumped with 52 btc... more dump on the way???Still 13 btc is still in knc ?Don't try to catch a falling Knife.,"['This', 'Whale', 'pump', 'dump', 'Game', '...', 'infact', 'dump', 'Game...', '4', 'hour', 'invested', '65', 'btc', '16', 'min', 'dumped', '52', 'btc...', 'dump', 'wayStill', '13', 'btc', 'still', 'knc', 'Dont', 'try', 'catch', 'falling', 'Knife.']"
CRYPTONOTESMOHSIN,2022-09-18,17:36:49,Crypto Notes pinned Â«Premium Signal channel Entries are open Now For 48 Hours Only. Â    If you are Making wrong Decisions in trading and not earning Good profit then you can Join Crypto Notes Premium channel   Recover your losses and Make a Quick money from quality Crypto Signalsâ€¦Â»,"['Crypto', 'Notes', 'pinned', 'Â«Premium', 'Signal', 'channel', 'Entries', 'open', 'Now', 'For', '48', 'Hours', 'Only.', 'If', 'Making', 'wrong', 'Decisions', 'trading', 'earning', 'Good', 'profit', 'Join', 'Crypto', 'Notes', 'Premium', 'channel', 'Recover', 'loss', 'Make', 'Quick', 'money', 'quality', 'Crypto', 'Signalsâ€¦Â»']"
CRYPTONOTESMOHSIN,2022-09-19,06:43:56,Spare funds rakhne k benefitsMarket crash but No tensionBuying opportunitiesChances of quick profitFeelings like an Achiever,"['Spare', 'fund', 'rakhne', 'k', 'benefitsMarket', 'crash', 'No', 'tensionBuying', 'opportunitiesChances', 'quick', 'profitFeelings', 'like', 'Achiever']"
CRYPTONOTESMOHSIN,2022-09-19,07:49:43,ğŸ”¥ GRT/USDT FREE SIGNAL ğŸ”¥Grab some GRT/USDT coin between $0.09 - $0.11 Current Price ... $0.099 Selling Targets $0.117 - $0.133 - $0.16 - $0.23+Signal type ... short term GRT coin is in huge dip at this time. Price can pump any time.âŒ Market is so volatile .. Must use Stop Loss. Stop Loss ...Â  $0.08Grt is a very strong coin. You can hold GRT token for long term too...,"['ğŸ”¥', 'GRTUSDT', 'FREE', 'SIGNAL', 'ğŸ”¥Grab', 'GRTUSDT', 'coin', '0.09', '-', '0.11', 'Current', 'Price', '...', '0.099', 'Selling', 'Targets', '0.117', '-', '0.133', '-', '0.16', '-', '0.23Signal', 'type', '...', 'short', 'term', 'GRT', 'coin', 'huge', 'dip', 'time.', 'Price', 'pump', 'time.âŒ', 'Market', 'volatile', '..', 'Must', 'use', 'Stop', 'Loss.', 'Stop', 'Loss', '...', '0.08Grt', 'strong', 'coin.', 'You', 'hold', 'GRT', 'token', 'long', 'term', 'too...']"
CRYPTONOTESMOHSIN,2022-09-20,08:43:32,"Must listen the safe Game plan,,, Starts after 4:05When I will buy this coin? Why I am not holding this coin? At which point shib token can pump 50% in short term Watch this video till last ğŸ‘†","['Must', 'listen', 'safe', 'Game', 'plan', 'Starts', '405When', 'I', 'buy', 'coin', 'Why', 'I', 'holding', 'coin', 'At', 'point', 'shib', 'token', 'pump', '50', 'short', 'term', 'Watch', 'video', 'till', 'last', 'ğŸ‘†']"
CRYPTONOTESMOHSIN,2022-09-20,09:23:16,MDX is pumping now again. Enjoy the profit who couldn't sell it before at higher prices,"['MDX', 'pumping', 'again.', 'Enjoy', 'profit', 'sell', 'higher', 'price']"
CRYPTONOTESMOHSIN,2022-09-20,10:36:08,Premium Signal channel Entries are open Now For 48 Hours Only. Â    If you are Making wrong Decisions in trading and not earning Good profit then you can Join Crypto Notes Premium channel   Recover your losses and Make a Quick money from quality Crypto Signalsâ€¦,"['Premium', 'Signal', 'channel', 'Entries', 'open', 'Now', 'For', '48', 'Hours', 'Only.', 'If', 'Making', 'wrong', 'Decisions', 'trading', 'earning', 'Good', 'profit', 'Join', 'Crypto', 'Notes', 'Premium', 'channel', 'Recover', 'loss', 'Make', 'Quick', 'money', 'quality', 'Crypto', 'Signalsâ€¦']"
CRYPTONOTESMOHSIN,2022-09-20,16:22:16,I am waiting for GRT/USDT Breakout ğŸš€,"['I', 'waiting', 'GRTUSDT', 'Breakout', 'ğŸš€']"
CRYPTONOTESMOHSIN,2022-09-20,16:22:30,ğŸ”¥ GRT/USDT FREE SIGNAL ğŸ”¥  Grab some GRT/USDT coin between $0.09 - $0.11   Current Price ... $0.099   Selling Targets  $0.117 - $0.133 - $0.16 - $0.23+  Signal type ... short term   GRT coin is in huge dip at this time. Price can pump any time.  âŒ Market isâ€¦,"['ğŸ”¥', 'GRTUSDT', 'FREE', 'SIGNAL', 'ğŸ”¥', 'Grab', 'GRTUSDT', 'coin', '0.09', '-', '0.11', 'Current', 'Price', '...', '0.099', 'Selling', 'Targets', '0.117', '-', '0.133', '-', '0.16', '-', '0.23', 'Signal', 'type', '...', 'short', 'term', 'GRT', 'coin', 'huge', 'dip', 'time.', 'Price', 'pump', 'time.', 'âŒ', 'Market', 'isâ€¦']"
CRYPTONOTESMOHSIN,2022-09-21,01:10:00,Hello Crypto Notes Force ... Time to Act Fake Duplicate Twitter Account spotted... Parasites are everywhere. âŒï¸ We DO NOT HAVE ANY DISCORD CHANNEL YET. âŒï¸REPORT THIS FAKE ACCOUNT ASAP SO THAT HAMARI COMMUNITY ES CHOR LOGON SE BACH SAKAY.ğŸ‘‡FAKE TWITTER ACCOUNT IDğŸ‘‡https://twitter.com/Mohsln_71MUST Report it on twitter ğŸ‘†Block to this chor ğŸ‘†Do it Fast ... ğŸ‘Š,"['Hello', 'Crypto', 'Notes', 'Force', '...', 'Time', 'Act', 'Fake', 'Duplicate', 'Twitter', 'Account', 'spotted...', 'Parasites', 'everywhere.', 'âŒï¸', 'We', 'DO', 'NOT', 'HAVE', 'ANY', 'DISCORD', 'CHANNEL', 'YET.', 'âŒï¸REPORT', 'THIS', 'FAKE', 'ACCOUNT', 'ASAP', 'SO', 'THAT', 'HAMARI', 'COMMUNITY', 'ES', 'CHOR', 'LOGON', 'SE', 'BACH', 'SAKAY.ğŸ‘‡FAKE', 'TWITTER', 'ACCOUNT', 'IDğŸ‘‡httpstwitter.comMohsln71MUST', 'Report', 'twitter', 'ğŸ‘†Block', 'chor', 'ğŸ‘†Do', 'Fast', '...', 'ğŸ‘Š']"
CRYPTONOTESMOHSIN,2022-09-21,16:02:00,"Bitcoin ,,,Not a noticeable volatality... Btc is on dead walk.... don't take big decisions at this time... whales are controlling prices these days... For bullish movement btc price should go above $20300 otherwise consider it bearish... Downside , major support is at $17600","['Bitcoin', 'Not', 'noticeable', 'volatality...', 'Btc', 'dead', 'walk....', 'take', 'big', 'decision', 'time...', 'whale', 'controlling', 'price', 'days...', 'For', 'bullish', 'movement', 'btc', 'price', 'go', '20300', 'otherwise', 'consider', 'bearish...', 'Downside', 'major', 'support', '17600']"
CRYPTONOTESMOHSIN,2022-09-22,08:34:37,Premium Signal channel Entries are open Now For 48 Hours Only. Â    If you are Making wrong Decisions in trading and not earning Good profit then you can Join Crypto Notes Premium channel   Recover your losses and Make a Quick money from quality Crypto Signalsâ€¦,"['Premium', 'Signal', 'channel', 'Entries', 'open', 'Now', 'For', '48', 'Hours', 'Only.', 'If', 'Making', 'wrong', 'Decisions', 'trading', 'earning', 'Good', 'profit', 'Join', 'Crypto', 'Notes', 'Premium', 'channel', 'Recover', 'loss', 'Make', 'Quick', 'money', 'quality', 'Crypto', 'Signalsâ€¦']"
CRYPTONOTESMOHSIN,2022-09-22,17:53:19,BREAKING NEWS: #Helium Community Approves Migrating the Entire HNT Ecosystem to @Solana .,"['BREAKING', 'NEWS', 'Helium', 'Community', 'Approves', 'Migrating', 'Entire', 'HNT', 'Ecosystem', 'Solana', '.']"
CRYPTONOTESMOHSIN,2022-09-23,05:56:00,ğŸ”¥ğŸ”¥ RSR/USDT FREE SIGNAL ğŸ”¥ğŸ”¥  RSR/usdt is in buying Zone   Current Price $0.00594 Buying Range $0.00550 - $0.00620  Selling Targets  $0.00650 - $0.00747 - $0.00895+  Sitting at very good support âœ…ï¸ Waiting for Big Rally âœ…ï¸  Signal Type ... Short Term   âŒï¸ Stopâ€¦,"['ğŸ”¥ğŸ”¥', 'RSRUSDT', 'FREE', 'SIGNAL', 'ğŸ”¥ğŸ”¥', 'RSRusdt', 'buying', 'Zone', 'Current', 'Price', '0.00594', 'Buying', 'Range', '0.00550', '-', '0.00620', 'Selling', 'Targets', '0.00650', '-', '0.00747', '-', '0.00895', 'Sitting', 'good', 'support', 'âœ…ï¸', 'Waiting', 'Big', 'Rally', 'âœ…ï¸', 'Signal', 'Type', '...', 'Short', 'Term', 'âŒï¸', 'Stopâ€¦']"
CRYPTONOTESMOHSIN,2022-09-26,13:02:41,ğŸ”¥ğŸ”¥ KDA/USDT FREE Signal ğŸ”¥ğŸ”¥Buy some KDA/USDT coin between $1.33 - $1.45 Current Price $1.40Selling Targets $1.52 - $1.67 - $2.04 - $2.50 - $2.90+Signal type ... Short Term Kda/usdt is very undervalued gem. Can leave this earth soon ğŸš€Short Term Stop Loss... $1.20,"['ğŸ”¥ğŸ”¥', 'KDAUSDT', 'FREE', 'Signal', 'ğŸ”¥ğŸ”¥Buy', 'KDAUSDT', 'coin', '1.33', '-', '1.45', 'Current', 'Price', '1.40Selling', 'Targets', '1.52', '-', '1.67', '-', '2.04', '-', '2.50', '-', '2.90Signal', 'type', '...', 'Short', 'Term', 'Kdausdt', 'undervalued', 'gem.', 'Can', 'leave', 'earth', 'soon', 'ğŸš€Short', 'Term', 'Stop', 'Loss...', '1.20']"
CRYPTONOTESMOHSIN,2022-10-01,08:36:45,Making a very very very informative video for you1. Bitcoin quick updates2. One Good News3. I have asked 3 questions in this video. Purpose of these questions to understand the market... Must provide the answers4. In last 2 minutes I have discussed 2 important points5. Last 30 sec main I have mentioned the coin names in which I will invest if market get crash6. Must like the video. Qn k ye dil ka mamla Hai ğŸ˜‚,"['Making', 'informative', 'video', 'you1.', 'Bitcoin', 'quick', 'updates2.', 'One', 'Good', 'News3.', 'I', 'asked', '3', 'question', 'video.', 'Purpose', 'question', 'understand', 'market...', 'Must', 'provide', 'answers4.', 'In', 'last', '2', 'minute', 'I', 'discussed', '2', 'important', 'points5.', 'Last', '30', 'sec', 'main', 'I', 'mentioned', 'coin', 'name', 'I', 'invest', 'market', 'get', 'crash6.', 'Must', 'like', 'video.', 'Qn', 'k', 'ye', 'dil', 'ka', 'mamla', 'Hai', 'ğŸ˜‚']"
CRYPTONOTESMOHSIN,2022-10-02,14:34:36,Justin sun's coins are pumping nowSun ğŸš€Jst ğŸš€Let's see Bttc coin pump or not,"['Justin', 'sun', 'coin', 'pumping', 'nowSun', 'ğŸš€Jst', 'ğŸš€Lets', 'see', 'Bttc', 'coin', 'pump']"
CRYPTONOTESMOHSIN,2022-10-03,14:21:59,https://youtu.be/7pDJYBEqAr0,['httpsyoutu.be7pDJYBEqAr0']
CRYPTONOTESMOHSIN,2022-10-05,06:55:53,"Here is the link of the video , just in case if you didn't find it ğŸ‘†","['Here', 'link', 'video', 'case', 'find', 'ğŸ‘†']"
CRYPTONOTESMOHSIN,2022-10-08,01:15:24,Strax coin is pumping Now ğŸš€ğŸš€ğŸš€Enjoy the profit,"['Strax', 'coin', 'pumping', 'Now', 'ğŸš€ğŸš€ğŸš€Enjoy', 'profit']"
CRYPTONOTESMOHSIN,2022-10-08,09:03:09,"Yes ,,, TO do practice is must... without doing practice , No One can achieve highly successful Trades . ğŸ‘Œ","['Yes', 'TO', 'practice', 'must...', 'without', 'practice', 'No', 'One', 'achieve', 'highly', 'successful', 'Trades', '.', 'ğŸ‘Œ']"
CRYPTONOTESMOHSIN,2022-10-10,11:00:50,#Mana #decentraland Holders .... Be attentive ğŸš€,"['Mana', 'decentraland', 'Holders', '....', 'Be', 'attentive', 'ğŸš€']"
CRYPTONOTESMOHSIN,2022-10-10,11:17:39,Grt ( The Graph holders ) hold your tokens with confidence... Mana holders don't be confused. I am doing analysis for you ... profit opportunity,"['Grt', 'The', 'Graph', 'holder', 'hold', 'token', 'confidence...', 'Mana', 'holder', 'confused.', 'I', 'analysis', '...', 'profit', 'opportunity']"
CRYPTONOTESMOHSIN,2022-10-10,11:46:23,Many members requested for this video ... So here is the Link ğŸ‘†,"['Many', 'member', 'requested', 'video', '...', 'So', 'Link', 'ğŸ‘†']"
CRYPTONOTESMOHSIN,2022-10-11,13:23:05,â¤ï¸ Band/USDT FREE SIGNAL â¤ï¸This is the time to buy BAND/USDT coin Current price $1.11Buying Range ...$1.05 - $1.16 Selling Targets$1.22 - $1.35 - $1.55 - $1.83 - $2.20+ Band is also in consolidation phase since many weeks. This sleeping giant can awake any time ...Extreme undervalued âœ…ï¸Market is volatile... we will use stop lossStop loss ...$0.95Signal type... short term Signal strength... medium strongâŒï¸ INVEST AT YOUR OWN RISK,"['â¤ï¸', 'BandUSDT', 'FREE', 'SIGNAL', 'â¤ï¸This', 'time', 'buy', 'BANDUSDT', 'coin', 'Current', 'price', '1.11Buying', 'Range', '...1.05', '-', '1.16', 'Selling', 'Targets1.22', '-', '1.35', '-', '1.55', '-', '1.83', '-', '2.20', 'Band', 'also', 'consolidation', 'phase', 'since', 'many', 'weeks.', 'This', 'sleeping', 'giant', 'awake', 'time', '...Extreme', 'undervalued', 'âœ…ï¸Market', 'volatile...', 'use', 'stop', 'lossStop', 'loss', '...0.95Signal', 'type...', 'short', 'term', 'Signal', 'strength...', 'medium', 'strongâŒï¸', 'INVEST', 'AT', 'YOUR', 'OWN', 'RISK']"
CRYPTONOTESMOHSIN,2022-10-13,07:44:20,"Binance will Delist DNT, NBS, BTG and TCT coin","['Binance', 'Delist', 'DNT', 'NBS', 'BTG', 'TCT', 'coin']"
CRYPTONOTESMOHSIN,2022-10-13,07:54:02,DNT holders Must listen this ğŸ‘†,"['DNT', 'holder', 'Must', 'listen', 'ğŸ‘†']"
CRYPTONOTESMOHSIN,2022-10-13,10:53:15,I am going to post very important video on Our 2nd YouTube channel ( Mohsin Trek ) Here is youtube channel Link ğŸ‘‡ğŸ‘‡https://youtube.com/c/MOHSINTREKSubscribe to our Mohsin Trek channel too. I will share premium content on this channel ...Emergency crypto Market Updates is on the way to you....,"['I', 'going', 'post', 'important', 'video', 'Our', '2nd', 'YouTube', 'channel', 'Mohsin', 'Trek', 'Here', 'youtube', 'channel', 'Link', 'ğŸ‘‡ğŸ‘‡httpsyoutube.comcMOHSINTREKSubscribe', 'Mohsin', 'Trek', 'channel', 'too.', 'I', 'share', 'premium', 'content', 'channel', '...Emergency', 'crypto', 'Market', 'Updates', 'way', 'you....']"
CRYPTONOTESMOHSIN,2022-10-13,17:18:41,https://twitter.com/Mohsin_71/status/1580608910008156161?t=4WBc531DVvPJcBVZLn1ATA&s=19,['httpstwitter.comMohsin71status1580608910008156161t4WBc531DVvPJcBVZLn1ATAs19']
CRYPTONOTESMOHSIN,2022-10-14,13:21:19,Near Protocol coin ğŸ‘€,"['Near', 'Protocol', 'coin', 'ğŸ‘€']"
CRYPTONOTESMOHSIN,2022-10-14,13:36:57,https://youtu.be/AjNlsC5F7ng,['httpsyoutu.beAjNlsC5F7ng']
CRYPTONOTESMOHSIN,2022-10-14,13:50:14,ENS is also performing very well... ğŸ‘Œ,"['ENS', 'also', 'performing', 'well...', 'ğŸ‘Œ']"
CRYPTONOTESMOHSIN,2022-10-14,18:24:31,https://youtu.be/AjNlsC5F7ng,['httpsyoutu.beAjNlsC5F7ng']
CRYPTONOTESMOHSIN,2022-10-16,10:14:06,https://twitter.com/Mohsin_71/status/1580931405890322432?s=19Fida coin pumped from $0.38 to $0.4723% instant Profit.... If you didn't join us on Twitter then follow us for Fresh updates and for juicy SignalsTwitter Link ğŸ‘‡ğŸ‘‡https://twitter.com/Mohsin_71,"['httpstwitter.comMohsin71status1580931405890322432s19Fida', 'coin', 'pumped', '0.38', '0.4723', 'instant', 'Profit....', 'If', 'join', 'u', 'Twitter', 'follow', 'u', 'Fresh', 'update', 'juicy', 'SignalsTwitter', 'Link', 'ğŸ‘‡ğŸ‘‡httpstwitter.comMohsin71']"
CRYPTONOTESMOHSIN,2022-10-18,13:32:50,ğŸš€ocean/usdt Premium Signal ğŸš€ğŸ‰ğŸ‰ Top Gainer at binance ğŸ‰ğŸ‰Our buying price was $0.15 Price jumped to $0.199âœ…ï¸ 1st Target chased âœ…ï¸ 32% juicy profit,"['ğŸš€oceanusdt', 'Premium', 'Signal', 'ğŸš€ğŸ‰ğŸ‰', 'Top', 'Gainer', 'binance', 'ğŸ‰ğŸ‰Our', 'buying', 'price', '0.15', 'Price', 'jumped', '0.199âœ…ï¸', '1st', 'Target', 'chased', 'âœ…ï¸', '32', 'juicy', 'profit']"
CRYPTONOTESMOHSIN,2022-10-18,17:39:17,Many members are asking about APT ( aptos Network) coin APT coin is expected to list on Binance tomorrow... I am smelling huge gains in the price of APT coin... ( Acha project hai ),"['Many', 'member', 'asking', 'APT', 'aptos', 'Network', 'coin', 'APT', 'coin', 'expected', 'list', 'Binance', 'tomorrow...', 'I', 'smelling', 'huge', 'gain', 'price', 'APT', 'coin...', 'Acha', 'project', 'hai']"
CRYPTONOTESMOHSIN,2022-10-18,17:40:57,Okx and coinbase will also list APT coin,"['Okx', 'coinbase', 'also', 'list', 'APT', 'coin']"
CRYPTONOTESMOHSIN,2022-10-23,04:16:25,"Please Note, Market is volatile . MARKET is in hands of big whales and Manipulators,  As you know if btc price dump then whole market crash... Must use Stop loss if given in Crypto Notes Signals Never invest all funds in one coin Sometime signals can hit to stop loss which is the part of Trading . If you will not take safe risk then you cannot make money . ğŸ¤« Invest at your own risk . â¤ï¸â¤ï¸ Love you all â¤ï¸â¤ï¸","['Please', 'Note', 'Market', 'volatile', '.', 'MARKET', 'hand', 'big', 'whale', 'Manipulators', 'As', 'know', 'btc', 'price', 'dump', 'whole', 'market', 'crash...', 'Must', 'use', 'Stop', 'loss', 'given', 'Crypto', 'Notes', 'Signals', 'Never', 'invest', 'fund', 'one', 'coin', 'Sometime', 'signal', 'hit', 'stop', 'loss', 'part', 'Trading', '.', 'If', 'take', 'safe', 'risk', 'cannot', 'make', 'money', '.', 'ğŸ¤«', 'Invest', 'risk', '.', 'â¤ï¸â¤ï¸', 'Love', 'â¤ï¸â¤ï¸']"
CRYPTONOTESMOHSIN,2022-10-23,11:27:31,Polkadot ($DOT)Â  founder Gavin Woods has stepped down from CEO position.#Dot,"['Polkadot', 'DOT', 'founder', 'Gavin', 'Woods', 'stepped', 'CEO', 'position.Dot']"
CRYPTONOTESMOHSIN,2022-10-23,12:22:09,"Polkadot holders ,,, Don't panic ... No negative impact on dot coin Price Project is massive strong with dheet holders","['Polkadot', 'holder', 'Dont', 'panic', '...', 'No', 'negative', 'impact', 'dot', 'coin', 'Price', 'Project', 'massive', 'strong', 'dheet', 'holder']"
CRYPTONOTESMOHSIN,2022-10-26,14:16:46,$21300 is a crucial level. For bullish momentum btc price should climb above $21300,"['21300', 'crucial', 'level.', 'For', 'bullish', 'momentum', 'btc', 'price', 'climb', '21300']"
CRYPTONOTESMOHSIN,2022-10-29,07:22:10,ğŸš€ğŸš€Mask/usdt Premium Signal ğŸš€ğŸš€ğŸ‰ğŸ‰ Top Gainer At Binance ğŸ‰ğŸ‰Congratulations Mask Holders Our buying price was $1.13 Price Aggressively jumped to $2.69 âœ…ï¸ Almost All Targets Achieved âœ…ï¸ 138% Mega Profit,"['ğŸš€ğŸš€Maskusdt', 'Premium', 'Signal', 'ğŸš€ğŸš€ğŸ‰ğŸ‰', 'Top', 'Gainer', 'At', 'Binance', 'ğŸ‰ğŸ‰Congratulations', 'Mask', 'Holders', 'Our', 'buying', 'price', '1.13', 'Price', 'Aggressively', 'jumped', '2.69', 'âœ…ï¸', 'Almost', 'All', 'Targets', 'Achieved', 'âœ…ï¸', '138', 'Mega', 'Profit']"
CRYPTONOTESMOHSIN,2022-10-30,07:18:42,Keep an eye on 3 coins The Graph ( GRT coin)Bonfida ( Fida ) Strax ( Strat ),"['Keep', 'eye', '3', 'coin', 'The', 'Graph', 'GRT', 'coinBonfida', 'Fida', 'Strax', 'Strat']"
CRYPTONOTESMOHSIN,2022-10-31,06:13:47,â¤ï¸ Band/USDT FREE SIGNAL â¤ï¸  This is the time to buy BAND/USDT coin   Current price $1.11  Buying Range ...$1.05 - $1.16   Selling Targets $1.22 - $1.35 - $1.55 - $1.83 - $2.20+   Band is also in consolidation phase since many weeks. This sleeping giant canâ€¦,"['â¤ï¸', 'BandUSDT', 'FREE', 'SIGNAL', 'â¤ï¸', 'This', 'time', 'buy', 'BANDUSDT', 'coin', 'Current', 'price', '1.11', 'Buying', 'Range', '...1.05', '-', '1.16', 'Selling', 'Targets', '1.22', '-', '1.35', '-', '1.55', '-', '1.83', '-', '2.20', 'Band', 'also', 'consolidation', 'phase', 'since', 'many', 'weeks.', 'This', 'sleeping', 'giant', 'canâ€¦']"
CRYPTONOTESMOHSIN,2022-11-01,00:43:07,Strax coin ğŸš€ğŸš€ğŸš€ğŸš€,"['Strax', 'coin', 'ğŸš€ğŸš€ğŸš€ğŸš€']"
CRYPTONOTESMOHSIN,2022-11-01,00:43:40,Keep an eye on 3 coins   The Graph ( GRT coin) Bonfida ( Fida )  Strax ( Strat ),"['Keep', 'eye', '3', 'coin', 'The', 'Graph', 'GRT', 'coin', 'Bonfida', 'Fida', 'Strax', 'Strat']"
CRYPTONOTESMOHSIN,2022-11-01,09:30:03,Keep an eye on 3 coins   The Graph ( GRT coin) Bonfida ( Fida )  Strax ( Strat ),"['Keep', 'eye', '3', 'coin', 'The', 'Graph', 'GRT', 'coin', 'Bonfida', 'Fida', 'Strax', 'Strat']"
CRYPTONOTESMOHSIN,2022-11-02,09:49:25,ğŸš¨ Deribit Exchange hot wallet was compromised for â‰ˆ$28 M,"['ğŸš¨', 'Deribit', 'Exchange', 'hot', 'wallet', 'compromised', 'â‰ˆ28', 'M']"
CRYPTONOTESMOHSIN,2022-11-02,12:33:16,Web 3.0 crypto coins 2nd Part is coming ... âœ…ï¸According to my perception these coins will pump one by one anytime just like Mask coin,"['Web', '3.0', 'crypto', 'coin', '2nd', 'Part', 'coming', '...', 'âœ…ï¸According', 'perception', 'coin', 'pump', 'one', 'one', 'anytime', 'like', 'Mask', 'coin']"
CRYPTONOTESMOHSIN,2022-11-02,14:12:49,Lagta hai Elon Musk bhai ne Retweet ka option khatam kr dia hai twitter se ğŸ˜‚,"['Lagta', 'hai', 'Elon', 'Musk', 'bhai', 'ne', 'Retweet', 'ka', 'option', 'khatam', 'kr', 'dia', 'hai', 'twitter', 'se', 'ğŸ˜‚']"
CRYPTONOTESMOHSIN,2022-11-03,04:52:52,ğŸš€ğŸš€ GTC/PREMIUM SIGNAL ğŸš€ğŸš€ğŸ‰ Top Gainer At Binance ğŸ‰GTC/USDT Premium Signal was given at the price of $2.07Price nicely moved to $2.92 âœ…ï¸ 3rd Target successfully Achieved âœ…ï¸ 41% juicy Profit,"['ğŸš€ğŸš€', 'GTCPREMIUM', 'SIGNAL', 'ğŸš€ğŸš€ğŸ‰', 'Top', 'Gainer', 'At', 'Binance', 'ğŸ‰GTCUSDT', 'Premium', 'Signal', 'given', 'price', '2.07Price', 'nicely', 'moved', '2.92', 'âœ…ï¸', '3rd', 'Target', 'successfully', 'Achieved', 'âœ…ï¸', '41', 'juicy', 'Profit']"
CRYPTONOTESMOHSIN,2022-11-03,04:56:18,â¤ï¸ Band/USDT FREE SIGNAL â¤ï¸  This is the time to buy BAND/USDT coin   Current price $1.11  Buying Range ...$1.05 - $1.16   Selling Targets $1.22 - $1.35 - $1.55 - $1.83 - $2.20+   Band is also in consolidation phase since many weeks. This sleeping giant canâ€¦,"['â¤ï¸', 'BandUSDT', 'FREE', 'SIGNAL', 'â¤ï¸', 'This', 'time', 'buy', 'BANDUSDT', 'coin', 'Current', 'price', '1.11', 'Buying', 'Range', '...1.05', '-', '1.16', 'Selling', 'Targets', '1.22', '-', '1.35', '-', '1.55', '-', '1.83', '-', '2.20', 'Band', 'also', 'consolidation', 'phase', 'since', 'many', 'weeks.', 'This', 'sleeping', 'giant', 'canâ€¦']"
CRYPTONOTESMOHSIN,2022-11-03,05:04:49,â¤ï¸ Band/USDT FREE SIGNAL â¤ï¸  This is the time to buy BAND/USDT coin   Current price $1.11  Buying Range ...$1.05 - $1.16   Selling Targets $1.22 - $1.35 - $1.55 - $1.83 - $2.20+   Band is also in consolidation phase since many weeks. This sleeping giant canâ€¦,"['â¤ï¸', 'BandUSDT', 'FREE', 'SIGNAL', 'â¤ï¸', 'This', 'time', 'buy', 'BANDUSDT', 'coin', 'Current', 'price', '1.11', 'Buying', 'Range', '...1.05', '-', '1.16', 'Selling', 'Targets', '1.22', '-', '1.35', '-', '1.55', '-', '1.83', '-', '2.20', 'Band', 'also', 'consolidation', 'phase', 'since', 'many', 'weeks.', 'This', 'sleeping', 'giant', 'canâ€¦']"
CRYPTONOTESMOHSIN,2022-11-03,05:07:41,GRT coin also start to move ğŸš€ğŸš€,"['GRT', 'coin', 'also', 'start', 'move', 'ğŸš€ğŸš€']"
CRYPTONOTESMOHSIN,2022-11-03,06:08:01,To be honest ... maza nahi aya grt main abi tak... 10% profit kam hai . Fir b trailing stop loss use kare,"['To', 'honest', '...', 'maza', 'nahi', 'aya', 'grt', 'main', 'abi', 'tak...', '10', 'profit', 'kam', 'hai', '.', 'Fir', 'b', 'trailing', 'stop', 'loss', 'use', 'kare']"
CRYPTONOTESMOHSIN,2022-11-03,06:24:23,Grt main trailing stop.loss use kare...Sell 50% and for other 50% use trailing stop loss,"['Grt', 'main', 'trailing', 'stop.loss', 'use', 'kare...Sell', '50', '50', 'use', 'trailing', 'stop', 'loss']"
CRYPTONOTESMOHSIN,2022-11-03,06:31:09,Keep an eye on 3 coins   The Graph ( GRT coin) Bonfida ( Fida )  Strax ( Strat ),"['Keep', 'eye', '3', 'coin', 'The', 'Graph', 'GRT', 'coin', 'Bonfida', 'Fida', 'Strax', 'Strat']"
CRYPTONOTESMOHSIN,2022-11-03,11:30:23,â¤ï¸ Band/USDT FREE SIGNAL â¤ï¸  This is the time to buy BAND/USDT coin   Current price $1.11  Buying Range ...$1.05 - $1.16   Selling Targets $1.22 - $1.35 - $1.55 - $1.83 - $2.20+   Band is also in consolidation phase since many weeks. This sleeping giant canâ€¦,"['â¤ï¸', 'BandUSDT', 'FREE', 'SIGNAL', 'â¤ï¸', 'This', 'time', 'buy', 'BANDUSDT', 'coin', 'Current', 'price', '1.11', 'Buying', 'Range', '...1.05', '-', '1.16', 'Selling', 'Targets', '1.22', '-', '1.35', '-', '1.55', '-', '1.83', '-', '2.20', 'Band', 'also', 'consolidation', 'phase', 'since', 'many', 'weeks.', 'This', 'sleeping', 'giant', 'canâ€¦']"
CRYPTONOTESMOHSIN,2022-11-03,17:37:39,â¤ï¸ Band/USDT FREE SIGNAL â¤ï¸  This is the time to buy BAND/USDT coin   Current price $1.11  Buying Range ...$1.05 - $1.16   Selling Targets $1.22 - $1.35 - $1.55 - $1.83 - $2.20+   Band is also in consolidation phase since many weeks. This sleeping giant canâ€¦,"['â¤ï¸', 'BandUSDT', 'FREE', 'SIGNAL', 'â¤ï¸', 'This', 'time', 'buy', 'BANDUSDT', 'coin', 'Current', 'price', '1.11', 'Buying', 'Range', '...1.05', '-', '1.16', 'Selling', 'Targets', '1.22', '-', '1.35', '-', '1.55', '-', '1.83', '-', '2.20', 'Band', 'also', 'consolidation', 'phase', 'since', 'many', 'weeks.', 'This', 'sleeping', 'giant', 'canâ€¦']"
CRYPTONOTESMOHSIN,2022-11-03,20:47:52,Ocean Game on ğŸš€ğŸš€ğŸš€,"['Ocean', 'Game', 'ğŸš€ğŸš€ğŸš€']"
CRYPTONOTESMOHSIN,2022-11-04,10:29:45,Gala ğŸ¤”,"['Gala', 'ğŸ¤”']"
CRYPTONOTESMOHSIN,2022-11-05,17:24:51,Fida coin Game on ğŸš€ğŸš€ğŸš€,"['Fida', 'coin', 'Game', 'ğŸš€ğŸš€ğŸš€']"
CRYPTONOTESMOHSIN,2022-11-05,17:29:47,Fida coin 18% pumped ğŸš€ğŸš€Fida jumped to $0.48,"['Fida', 'coin', '18', 'pumped', 'ğŸš€ğŸš€Fida', 'jumped', '0.48']"
CRYPTONOTESMOHSIN,2022-11-06,07:46:10,"Premium Signal channel Entries are open Now For 48 Hours Only  If you are Making wrong Decisions in trading and not earning Good profit then you can Join Crypto Notes Premium channel Recover your losses and Make a Quick money from quality Crypto Signals 1 month fees... 55 usdt3 Months Fees... 130 usdt12 Months Fees 250 usdtHow to Join..? ğŸ¤”1. Make a payment on given usdt address2. Take a screenshot of transaction ID3. Send this screenshot on this telegram payment Link ğŸ‘‡@cryptonotes11224, it's done âœ… you will receive Premium channel link.Usdt Trc20 Address ğŸ‘‡ğŸ‘‡TFibYBvoPvijgCygFHPuiGMfVmfBeonqQk","['Premium', 'Signal', 'channel', 'Entries', 'open', 'Now', 'For', '48', 'Hours', 'Only', 'If', 'Making', 'wrong', 'Decisions', 'trading', 'earning', 'Good', 'profit', 'Join', 'Crypto', 'Notes', 'Premium', 'channel', 'Recover', 'loss', 'Make', 'Quick', 'money', 'quality', 'Crypto', 'Signals', '1', 'month', 'fees...', '55', 'usdt3', 'Months', 'Fees...', '130', 'usdt12', 'Months', 'Fees', '250', 'usdtHow', 'Join..', 'ğŸ¤”1.', 'Make', 'payment', 'given', 'usdt', 'address2.', 'Take', 'screenshot', 'transaction', 'ID3.', 'Send', 'screenshot', 'telegram', 'payment', 'Link', 'ğŸ‘‡cryptonotes11224', 'done', 'âœ…', 'receive', 'Premium', 'channel', 'link.Usdt', 'Trc20', 'Address', 'ğŸ‘‡ğŸ‘‡TFibYBvoPvijgCygFHPuiGMfVmfBeonqQk']"
CRYPTONOTESMOHSIN,2022-11-07,05:46:40,CZ as Binance continues to liquidate its FTX position â€” potentially sending FTT into a death spiral.,"['CZ', 'Binance', 'continues', 'liquidate', 'FTX', 'position', 'â€”', 'potentially', 'sending', 'FTT', 'death', 'spiral.']"
CRYPTONOTESMOHSIN,2022-11-07,05:52:25,One is selling and other is buying ğŸ”¥,"['One', 'selling', 'buying', 'ğŸ”¥']"
CRYPTONOTESMOHSIN,2022-11-08,05:09:42,ğŸ”¥ğŸ”¥ Flow/usdt Free Signal ğŸ”¥ğŸ”¥Flow/usdt is again in accumulation zone. Flow coin .... A powerful Project Current Price $1.58Buying Range . $1.50 - $1.65Selling Targets $1.75 - $2 - $2.30 - $2.80 - $3.50+Signal type... Short Term All time High was ...$46.16 and currently extreme undervalued due to market crash âŒ Stop Loss ... $1.35,"['ğŸ”¥ğŸ”¥', 'Flowusdt', 'Free', 'Signal', 'ğŸ”¥ğŸ”¥Flowusdt', 'accumulation', 'zone.', 'Flow', 'coin', '....', 'A', 'powerful', 'Project', 'Current', 'Price', '1.58Buying', 'Range', '.', '1.50', '-', '1.65Selling', 'Targets', '1.75', '-', '2', '-', '2.30', '-', '2.80', '-', '3.50Signal', 'type...', 'Short', 'Term', 'All', 'time', 'High', '...46.16', 'currently', 'extreme', 'undervalued', 'due', 'market', 'crash', 'âŒ', 'Stop', 'Loss', '...', '1.35']"
CRYPTONOTESMOHSIN,2022-11-08,05:27:40,"Current scenario of #FTT , #BNB and #SOL ... #Binance and #FTX are playing with you ğŸ‘† What are your thoughts ğŸ¤”","['Current', 'scenario', 'FTT', 'BNB', 'SOL', '...', 'Binance', 'FTX', 'playing', 'ğŸ‘†', 'What', 'thought', 'ğŸ¤”']"
CRYPTONOTESMOHSIN,2022-11-08,06:35:59,Latest Updates about FTT token,"['Latest', 'Updates', 'FTT', 'token']"
CRYPTONOTESMOHSIN,2022-11-08,07:19:41,"Bitcoin + Crypto Market Latest Updates ğŸ‘†Solana, FTT and BNb updates Portfolio Management kaise kare? For these details listen the above voice mail ğŸ‘†ğŸ‘†","['Bitcoin', 'Crypto', 'Market', 'Latest', 'Updates', 'ğŸ‘†Solana', 'FTT', 'BNb', 'update', 'Portfolio', 'Management', 'kaise', 'kare', 'For', 'detail', 'listen', 'voice', 'mail', 'ğŸ‘†ğŸ‘†']"
CRYPTONOTESMOHSIN,2022-11-08,07:20:26,Crypto Notes pinned Â«Premium Signal channel Entries are open Now For 48 Hours Only    If you are Making wrong Decisions in trading and not earning Good profit then you can Join Crypto Notes Premium channel   Recover your losses and Make a Quick money from quality Crypto Signalsâ€¦Â»,"['Crypto', 'Notes', 'pinned', 'Â«Premium', 'Signal', 'channel', 'Entries', 'open', 'Now', 'For', '48', 'Hours', 'Only', 'If', 'Making', 'wrong', 'Decisions', 'trading', 'earning', 'Good', 'profit', 'Join', 'Crypto', 'Notes', 'Premium', 'channel', 'Recover', 'loss', 'Make', 'Quick', 'money', 'quality', 'Crypto', 'Signalsâ€¦Â»']"
CRYPTONOTESMOHSIN,2022-11-08,14:42:29,ğŸš¨ Reports indicate that FTX may have halted withdrawals according to on-chain data.,"['ğŸš¨', 'Reports', 'indicate', 'FTX', 'may', 'halted', 'withdrawal', 'according', 'on-chain', 'data.']"
CRYPTONOTESMOHSIN,2022-11-09,06:37:48,But don't worry we will tackle this situation.  For now just grab a cup of tea and enjoy the Game,"['But', 'worry', 'tackle', 'situation.', 'For', 'grab', 'cup', 'tea', 'enjoy', 'Game']"
CRYPTONOTESMOHSIN,2022-11-09,06:47:48,All solana based coins are dumping due to FTX issue... Things will be normal soon. Infact I am accumulating these coins ... Ftx didn't do any kind of scam like luna terra. That's why I am optimistic and hopeful that market will recover instantly FTX ka bura time chal raha hai bas...,"['All', 'solana', 'based', 'coin', 'dumping', 'due', 'FTX', 'issue...', 'Things', 'normal', 'soon.', 'Infact', 'I', 'accumulating', 'coin', '...', 'Ftx', 'kind', 'scam', 'like', 'luna', 'terra.', 'Thats', 'I', 'optimistic', 'hopeful', 'market', 'recover', 'instantly', 'FTX', 'ka', 'bura', 'time', 'chal', 'raha', 'hai', 'bas...']"
CRYPTONOTESMOHSIN,2022-11-09,18:53:13,BREAKING: FTX Ventures is officially offline... this is crazy! ğŸš¨ $FTT,"['BREAKING', 'FTX', 'Ventures', 'officially', 'offline...', 'crazy', 'ğŸš¨', 'FTT']"
CRYPTONOTESMOHSIN,2022-11-10,10:36:13,Bhai kuch urgent information hain...Making an Emergency video... bohat kuch cover kia hai ous main....Kal b bohat se members ne video ko skip kr k dekha aur same questions ask kr rahe thae video main. Don't skip the video . I never talked fazool... Video will come out soon,"['Bhai', 'kuch', 'urgent', 'information', 'hain...Making', 'Emergency', 'video...', 'bohat', 'kuch', 'cover', 'kia', 'hai', 'ous', 'main....Kal', 'b', 'bohat', 'se', 'member', 'ne', 'video', 'ko', 'skip', 'kr', 'k', 'dekha', 'aur', 'question', 'ask', 'kr', 'rahe', 'thae', 'video', 'main.', 'Dont', 'skip', 'video', '.', 'I', 'never', 'talked', 'fazool...', 'Video', 'come', 'soon']"
CRYPTONOTESMOHSIN,2022-11-10,11:45:17,"Beware of Scammers âŒï¸Solana , Ftt , FTX and Binance or any other platform didn't Announce any airdrop for token holders ... don't send your money to anyone. âš ï¸","['Beware', 'Scammers', 'âŒï¸Solana', 'Ftt', 'FTX', 'Binance', 'platform', 'Announce', 'airdrop', 'token', 'holder', '...', 'send', 'money', 'anyone.', 'âš ï¸']"
CRYPTONOTESMOHSIN,2022-11-10,12:19:25,Solana k sath Fida b Recover hoga. Ye dono bhai behan hain,"['Solana', 'k', 'sath', 'Fida', 'b', 'Recover', 'hoga.', 'Ye', 'dono', 'bhai', 'behan', 'hain']"
CRYPTONOTESMOHSIN,2022-11-10,13:04:54,"200,000,000 #USDC (202,700,000 USD) transferred from unknown wallet to #Binanceâ€¯â€¯â€¯We can observe some volatality â›”ï¸","['200000000', 'USDC', '202700000', 'USD', 'transferred', 'unknown', 'wallet', 'Binance', 'We', 'observe', 'volatality', 'â›”ï¸']"
CRYPTONOTESMOHSIN,2022-11-10,14:41:14,ğŸ”¥ FLUX/USDT FREE SIGNAL ğŸ”¥Accumulate some FLUX/USDT coin Now Flux coin is again in buying AreaCurrent Price $0.45Buying Range $0.42 - $0.47 Selling Targets $0.50 - $0.56 - $0.64 - $0.75+Signal typeÂ  .... short term Flux is extremely Undervalued coin. This strong project can boom any timeTo avoid the huge volatality and Manipulation. MUST USE STOP LOSS âŒï¸ stop Loss ... $0.38,"['ğŸ”¥', 'FLUXUSDT', 'FREE', 'SIGNAL', 'ğŸ”¥Accumulate', 'FLUXUSDT', 'coin', 'Now', 'Flux', 'coin', 'buying', 'AreaCurrent', 'Price', '0.45Buying', 'Range', '0.42', '-', '0.47', 'Selling', 'Targets', '0.50', '-', '0.56', '-', '0.64', '-', '0.75Signal', 'type', '....', 'short', 'term', 'Flux', 'extremely', 'Undervalued', 'coin.', 'This', 'strong', 'project', 'boom', 'timeTo', 'avoid', 'huge', 'volatality', 'Manipulation.', 'MUST', 'USE', 'STOP', 'LOSS', 'âŒï¸', 'stop', 'Loss', '...', '0.38']"
CRYPTONOTESMOHSIN,2022-11-10,16:25:06,"In yesterday video , we talked about CHZ coin... ğŸš€ğŸš€","['In', 'yesterday', 'video', 'talked', 'CHZ', 'coin...', 'ğŸš€ğŸš€']"
CRYPTONOTESMOHSIN,2022-11-10,16:32:00,â Bitcoin price gains $1K in minutes as CPI data deals DXY fresh 2% dip Wild volatility continues for Bitcoin and altcoins as the lowest CPI readout since January pummels the dollar.https://ct.com/b4er,"['\u2060Bitcoin', 'price', 'gain', '1K', 'minute', 'CPI', 'data', 'deal', 'DXY', 'fresh', '2', 'dip', 'Wild', 'volatility', 'continues', 'Bitcoin', 'altcoins', 'lowest', 'CPI', 'readout', 'since', 'January', 'pummels', 'dollar.httpsct.comb4er']"
CRYPTONOTESMOHSIN,2022-11-10,16:59:36,ğŸ”¥ FLUX/USDT FREE SIGNAL ğŸ”¥  Accumulate some FLUX/USDT coin Now   Flux coin is again in buying Area  Current Price $0.45  Buying Range $0.42 - $0.47   Selling Targets  $0.50 - $0.56 - $0.64 - $0.75+  Signal typeÂ  .... short term   Flux is extremely Undervaluedâ€¦,"['ğŸ”¥', 'FLUXUSDT', 'FREE', 'SIGNAL', 'ğŸ”¥', 'Accumulate', 'FLUXUSDT', 'coin', 'Now', 'Flux', 'coin', 'buying', 'Area', 'Current', 'Price', '0.45', 'Buying', 'Range', '0.42', '-', '0.47', 'Selling', 'Targets', '0.50', '-', '0.56', '-', '0.64', '-', '0.75', 'Signal', 'type', '....', 'short', 'term', 'Flux', 'extremely', 'Undervaluedâ€¦']"
CRYPTONOTESMOHSIN,2022-11-11,01:23:42,Chz is pumping now ğŸš€ğŸš€ğŸš€,"['Chz', 'pumping', 'ğŸš€ğŸš€ğŸš€']"
CRYPTONOTESMOHSIN,2022-11-11,11:41:08,"JUST IN: Tron founder Justin Sun says he's ready to provide billions to help FTX, Bloomberg reports.","['JUST', 'IN', 'Tron', 'founder', 'Justin', 'Sun', 'say', 'he', 'ready', 'provide', 'billion', 'help', 'FTX', 'Bloomberg', 'reports.']"
CRYPTONOTESMOHSIN,2022-11-12,07:01:20,Do not update or install your FTX app. This may contain some virus or malware... your funds can be hacked this way... DO NOT USE FTX APP FOR A WHILE âš ï¸,"['Do', 'update', 'install', 'FTX', 'app.', 'This', 'may', 'contain', 'virus', 'malware...', 'fund', 'hacked', 'way...', 'DO', 'NOT', 'USE', 'FTX', 'APP', 'FOR', 'A', 'WHILE', 'âš ï¸']"
CRYPTONOTESMOHSIN,2022-11-12,09:25:48,"There are lot of uncertainties running in the crypto Market today...It's better to keep rest today.. do not chase your trades ...Every time , market recovered after extreme crash ( perhaps you forgot luna crash ) portfolios will start to recover ... Now take a chill ğŸ’Š pill. Lastly agr tension lene se koi faida hai tou mujhe zaoror inform kare ap so that sab ko recommend kia jaa sakay k tension lo .. sab ki help ho sakay.. Good Luck","['There', 'lot', 'uncertainty', 'running', 'crypto', 'Market', 'today...Its', 'better', 'keep', 'rest', 'today..', 'chase', 'trade', '...Every', 'time', 'market', 'recovered', 'extreme', 'crash', 'perhaps', 'forgot', 'luna', 'crash', 'portfolio', 'start', 'recover', '...', 'Now', 'take', 'chill', 'ğŸ’Š', 'pill.', 'Lastly', 'agr', 'tension', 'lene', 'se', 'koi', 'faida', 'hai', 'tou', 'mujhe', 'zaoror', 'inform', 'kare', 'ap', 'sab', 'ko', 'recommend', 'kia', 'jaa', 'sakay', 'k', 'tension', 'lo', '..', 'sab', 'ki', 'help', 'ho', 'sakay..', 'Good', 'Luck']"
CRYPTONOTESMOHSIN,2022-11-13,08:13:14,"Quick Alert âš ï¸ Binance pauses FTX token deposits following ""suspicious movement"" of $407 million $FTT by the contract deployers.","['Quick', 'Alert', 'âš ï¸', 'Binance', 'pause', 'FTX', 'token', 'deposit', 'following', 'suspicious', 'movement', '407', 'million', 'FTT', 'contract', 'deployers.']"
CRYPTONOTESMOHSIN,2022-11-13,09:58:18,Important News about FTT,"['Important', 'News', 'FTT']"
CRYPTONOTESMOHSIN,2022-11-13,15:16:35,ğŸš€ ANKR/USDT PREMIUM SIGNAL ğŸš€ANKR coin Premium signal was given at $0.023 Price jumped to $0.0298 âœ…ï¸ 1st Target Achieved âœ…ï¸ 29% juicy profit in extreme bear Market,"['ğŸš€', 'ANKRUSDT', 'PREMIUM', 'SIGNAL', 'ğŸš€ANKR', 'coin', 'Premium', 'signal', 'given', '0.023', 'Price', 'jumped', '0.0298', 'âœ…ï¸', '1st', 'Target', 'Achieved', 'âœ…ï¸', '29', 'juicy', 'profit', 'extreme', 'bear', 'Market']"
CRYPTONOTESMOHSIN,2022-11-13,15:23:47,Jo b Information main apko de raha hoon ... make a paper notes of these info. This is very important... I am doing very hard work to collect this information... in some days you will collect enough data ...,"['Jo', 'b', 'Information', 'main', 'apko', 'de', 'raha', 'hoon', '...', 'make', 'paper', 'note', 'info.', 'This', 'important...', 'I', 'hard', 'work', 'collect', 'information...', 'day', 'collect', 'enough', 'data', '...']"
CRYPTONOTESMOHSIN,2022-11-13,15:27:46,https://twitter.com/Mohsin_71/status/1591814952163196930?t=sZMNx1nrMrP1MCrNSvPjPw&s=19,['httpstwitter.comMohsin71status1591814952163196930tsZMNx1nrMrP1MCrNSvPjPws19']
CRYPTONOTESMOHSIN,2022-11-14,01:47:33,"The largest allocation of assets shown in this dashboard are ~89K BTC, ~1m ETH and fiat-backed stablecoins for a total of ~$6bn. Top-five crypto assets by market cap comprise the majority of these reserves, meaning they are high quality.","['The', 'largest', 'allocation', 'asset', 'shown', 'dashboard', '89K', 'BTC', '1m', 'ETH', 'fiat-backed', 'stablecoins', 'total', '6bn.', 'Top-five', 'crypto', 'asset', 'market', 'cap', 'comprise', 'majority', 'reserve', 'meaning', 'high', 'quality.']"
CRYPTONOTESMOHSIN,2022-11-14,08:42:28,If bitmex get trouble in future then Think about FTT token... yehi haal bmex ka b hoga... Nobody will remind you this kind of information.  Agr sab kuch bta dia tou oun ko kon Sunay ga. Yahan sab kuch milay ga bhai and behno ğŸ”¥,"['If', 'bitmex', 'get', 'trouble', 'future', 'Think', 'FTT', 'token...', 'yehi', 'haal', 'bmex', 'ka', 'b', 'hoga...', 'Nobody', 'remind', 'kind', 'information.', 'Agr', 'sab', 'kuch', 'bta', 'dia', 'tou', 'oun', 'ko', 'kon', 'Sunay', 'ga.', 'Yahan', 'sab', 'kuch', 'milay', 'ga', 'bhai', 'behno', 'ğŸ”¥']"
CRYPTONOTESMOHSIN,2022-11-14,08:53:42,Binance is delisting FTT token expect FTT/BUSD pair ...,"['Binance', 'delisting', 'FTT', 'token', 'expect', 'FTTBUSD', 'pair', '...']"
CRYPTONOTESMOHSIN,2022-11-14,09:58:21,Reading your all comments on youtube...Fida sell kr dain??hold it with confidence ğŸ’¯ Fida is dumped due to solana timely dump... Agr kuch kamaana hai tou aisi situations face krna paray gi crypto main. âŒï¸ not a financial advice. I am holding.  We are at the same boat . If you are feeling big risk then you can take better decisions...,"['Reading', 'comment', 'youtube...Fida', 'sell', 'kr', 'dainhold', 'confidence', 'ğŸ’¯', 'Fida', 'dumped', 'due', 'solana', 'timely', 'dump...', 'Agr', 'kuch', 'kamaana', 'hai', 'tou', 'aisi', 'situation', 'face', 'krna', 'paray', 'gi', 'crypto', 'main.', 'âŒï¸', 'financial', 'advice.', 'I', 'holding.', 'We', 'boat', '.', 'If', 'feeling', 'big', 'risk', 'take', 'better', 'decisions...']"
CRYPTONOTESMOHSIN,2022-11-14,11:32:43,Is solana safe for long term investment?Is solana is a good buying opportunity at this time ?? 400% pump or ZERO? WHAT IS THE TARGET???Kya solana FTT ki tarha ZERO hone wala hai???A very shocking and truthful video is on the way to you ...,"['Is', 'solana', 'safe', 'long', 'term', 'investmentIs', 'solana', 'good', 'buying', 'opportunity', 'time', '400', 'pump', 'ZERO', 'WHAT', 'IS', 'THE', 'TARGETKya', 'solana', 'FTT', 'ki', 'tarha', 'ZERO', 'hone', 'wala', 'haiA', 'shocking', 'truthful', 'video', 'way', '...']"
CRYPTONOTESMOHSIN,2022-11-14,14:04:37,Keep Learning... one day your work will bring a big positive impact in your Financial Life ... ğŸ’¯,"['Keep', 'Learning...', 'one', 'day', 'work', 'bring', 'big', 'positive', 'impact', 'Financial', 'Life', '...', 'ğŸ’¯']"
CRYPTONOTESMOHSIN,2022-11-14,16:18:39,"I can see,,, Bitcoin inflow is increasing on Exchanges ...Be careful... This is not a positive signâš ï¸At this time, ONE POSITIVE NEWS CAN PUMP THE CRYPTO MARKET...","['I', 'see', 'Bitcoin', 'inflow', 'increasing', 'Exchanges', '...Be', 'careful...', 'This', 'positive', 'signâš ï¸At', 'time', 'ONE', 'POSITIVE', 'NEWS', 'CAN', 'PUMP', 'THE', 'CRYPTO', 'MARKET...']"
CRYPTONOTESMOHSIN,2022-11-15,00:43:09,Solana based projects are pumping now SRM COIN 125% ğŸš€RAY 50% ğŸš€Keep an eye on #Fida coin ğŸª™,"['Solana', 'based', 'project', 'pumping', 'SRM', 'COIN', '125', 'ğŸš€RAY', '50', 'ğŸš€Keep', 'eye', 'Fida', 'coin', '\U0001fa99']"
CRYPTONOTESMOHSIN,2022-11-15,01:50:50,I was just reading the solana Foundation weekly report. Here I find one interesting fact... At this time ( 15/11/2022) solana foundation revealed FTX is just holding 1% of sol tokens.Mostly selling pressure from FTX exchange is cooling off now ğŸ˜ FTX sold millions of solana tokens last week due to ftx collapse . Now what they can do with 1% ? Almost nothing ( my personal views ) Alameda Research is still holding $106 million worth of solana tokens. Both parties are agree to locked these coin till 2025 ( Good thing ) âœ…ï¸( paper pe abi likho. 2025 main sol ki Jo b price hogi wo January 2025 main dump ho sakti hai. Make a notes ğŸ“)Good Luck Solana Holders.,"['I', 'reading', 'solana', 'Foundation', 'weekly', 'report.', 'Here', 'I', 'find', 'one', 'interesting', 'fact...', 'At', 'time', '15112022', 'solana', 'foundation', 'revealed', 'FTX', 'holding', '1', 'sol', 'tokens.Mostly', 'selling', 'pressure', 'FTX', 'exchange', 'cooling', 'ğŸ˜', 'FTX', 'sold', 'million', 'solana', 'token', 'last', 'week', 'due', 'ftx', 'collapse', '.', 'Now', '1', 'Almost', 'nothing', 'personal', 'view', 'Alameda', 'Research', 'still', 'holding', '106', 'million', 'worth', 'solana', 'tokens.', 'Both', 'party', 'agree', 'locked', 'coin', 'till', '2025', 'Good', 'thing', 'âœ…ï¸', 'paper', 'pe', 'abi', 'likho.', '2025', 'main', 'sol', 'ki', 'Jo', 'b', 'price', 'hogi', 'wo', 'January', '2025', 'main', 'dump', 'ho', 'sakti', 'hai.', 'Make', 'note', 'ğŸ“Good', 'Luck', 'Solana', 'Holders.']"
CRYPTONOTESMOHSIN,2022-11-15,08:00:14,Fida starts to move... ğŸš€,"['Fida', 'start', 'move...', 'ğŸš€']"
CRYPTONOTESMOHSIN,2022-11-15,12:02:55,Fida ... Price jumped to $0.31 55% in 24 hours,"['Fida', '...', 'Price', 'jumped', '0.31', '55', '24', 'hour']"
CRYPTONOTESMOHSIN,2022-11-15,12:03:28,Solana based projects are pumping now   SRM COIN 125% ğŸš€ RAY 50% ğŸš€  Keep an eye on #Fida coin ğŸª™,"['Solana', 'based', 'project', 'pumping', 'SRM', 'COIN', '125', 'ğŸš€', 'RAY', '50', 'ğŸš€', 'Keep', 'eye', 'Fida', 'coin', '\U0001fa99']"
CRYPTONOTESMOHSIN,2022-11-15,15:09:42,Grt pe nazar rakho sab... hold it ...Market stable rahi tou pump ho sakta hai ...Extreme undervalued,"['Grt', 'pe', 'nazar', 'rakho', 'sab...', 'hold', '...Market', 'stable', 'rahi', 'tou', 'pump', 'ho', 'sakta', 'hai', '...Extreme', 'undervalued']"
CRYPTONOTESMOHSIN,2022-11-15,15:24:51,"I have shared ""detail"" GRT/USDT Free Signal on Twitter this time... If you didn't follow us yet then here is a link #Twitter Link ğŸ‘‡https://twitter.com/Mohsin_71Wait for more new Signals","['I', 'shared', 'detail', 'GRTUSDT', 'Free', 'Signal', 'Twitter', 'time...', 'If', 'follow', 'u', 'yet', 'link', 'Twitter', 'Link', 'ğŸ‘‡httpstwitter.comMohsin71Wait', 'new', 'Signals']"
CRYPTONOTESMOHSIN,2022-11-15,20:26:20,One more FUD after FTX âš ï¸Is this the Fashion of 2022 to become bankrupt ??ğŸ˜¡,"['One', 'FUD', 'FTX', 'âš ï¸Is', 'Fashion', '2022', 'become', 'bankrupt', 'ğŸ˜¡']"
CRYPTONOTESMOHSIN,2022-11-16,01:46:57,"BREAKING NEWSThe FTX hacker is dumping tokens for $eth. The hacker currently holds 217,000 ETH making him one of the largest holders.#ETHEREUM IS THE NEXT TARGET?","['BREAKING', 'NEWSThe', 'FTX', 'hacker', 'dumping', 'token', 'eth.', 'The', 'hacker', 'currently', 'hold', '217000', 'ETH', 'making', 'one', 'largest', 'holders.ETHEREUM', 'IS', 'THE', 'NEXT', 'TARGET']"
CRYPTONOTESMOHSIN,2022-11-16,05:26:15,110% profit in short term ... First Ankr and Now Scrt coin....,"['110', 'profit', 'short', 'term', '...', 'First', 'Ankr', 'Now', 'Scrt', 'coin....']"
CRYPTONOTESMOHSIN,2022-11-16,11:00:34,Time se pehle btaa raha hoon. Don't be afraid you are a member of Crypto Notes Family ... By the way I am doing technical analysis on Fida coin too on your request ..Video is in editing phase ...,"['Time', 'se', 'pehle', 'btaa', 'raha', 'hoon.', 'Dont', 'afraid', 'member', 'Crypto', 'Notes', 'Family', '...', 'By', 'way', 'I', 'technical', 'analysis', 'Fida', 'coin', 'request', '..Video', 'editing', 'phase', '...']"
CRYPTONOTESMOHSIN,2022-11-16,12:38:42,https://youtu.be/qTWt4Nu6UVM,['httpsyoutu.beqTWt4Nu6UVM']
CRYPTONOTESMOHSIN,2022-11-17,13:25:43,Binance temporarily suspends $USDT & $USDC deposits on the Solana chain.,"['Binance', 'temporarily', 'suspends', 'USDT', 'USDC', 'deposit', 'Solana', 'chain.']"
CRYPTONOTESMOHSIN,2022-11-17,15:50:00,"Gemini, the Winklevoss twinsâ€™ crypto exchange, has endured $485 million of net withdrawals in the past 24 hours, according to data by Nansen.","['Gemini', 'Winklevoss', 'twinsâ€™', 'crypto', 'exchange', 'endured', '485', 'million', 'net', 'withdrawal', 'past', '24', 'hour', 'according', 'data', 'Nansen.']"
CRYPTONOTESMOHSIN,2022-11-17,16:59:43,Nexo had offered BlockFi an $850 million deal to potentially acquire it,"['Nexo', 'offered', 'BlockFi', '850', 'million', 'deal', 'potentially', 'acquire']"
CRYPTONOTESMOHSIN,2022-11-18,14:29:20,"Binance saw a large inflow of up to 127,351 bitcoins and a large outflow of nearly 50,000 bitcoins today. On-chain verification shows that these inflows and outflows are organized by internal wallets, which are transfers between cold wallets and wallets for proof of reserves.People are FUDding that these Bitcoins came for selling. These are just internal transfers.","['Binance', 'saw', 'large', 'inflow', '127351', 'bitcoins', 'large', 'outflow', 'nearly', '50000', 'bitcoins', 'today.', 'On-chain', 'verification', 'show', 'inflow', 'outflow', 'organized', 'internal', 'wallet', 'transfer', 'cold', 'wallet', 'wallet', 'proof', 'reserves.People', 'FUDding', 'Bitcoins', 'came', 'selling.', 'These', 'internal', 'transfers.']"
CRYPTONOTESMOHSIN,2022-11-19,09:43:03,Important News of FIDA ... Hopefully Next Market Maker will be not a Manipulator. Actually this Is good to move from controversial MM ... bye bye Alameda ğŸ‘‹,"['Important', 'News', 'FIDA', '...', 'Hopefully', 'Next', 'Market', 'Maker', 'Manipulator.', 'Actually', 'Is', 'good', 'move', 'controversial', 'MM', '...', 'bye', 'bye', 'Alameda', 'ğŸ‘‹']"
CRYPTONOTESMOHSIN,2022-11-19,15:32:31,Ren Coin Red Alert Before time â›”ï¸âš ï¸Ren is in danger of not having enough funds for its development following the collapse of Alameda Research.,"['Ren', 'Coin', 'Red', 'Alert', 'Before', 'time', 'â›”ï¸âš ï¸Ren', 'danger', 'enough', 'fund', 'development', 'following', 'collapse', 'Alameda', 'Research.']"
CRYPTONOTESMOHSIN,2022-11-20,06:59:33,ADX is ready for instant profit Current price 760Buying between 710 - 785Selling Targets.... 830 - 900 - 1050 - 1160 - 1350 - 1700+If Adx/btc price suddenly pump then book profit immediately.  Adx is a high volatality coin Signal type... Short termâŒ Stop loss... 645 Satoshi,"['ADX', 'ready', 'instant', 'profit', 'Current', 'price', '760Buying', '710', '-', '785Selling', 'Targets....', '830', '-', '900', '-', '1050', '-', '1160', '-', '1350', '-', '1700If', 'Adxbtc', 'price', 'suddenly', 'pump', 'book', 'profit', 'immediately.', 'Adx', 'high', 'volatality', 'coin', 'Signal', 'type...', 'Short', 'termâŒ', 'Stop', 'loss...', '645', 'Satoshi']"
CRYPTONOTESMOHSIN,2022-11-20,08:08:39,I just completed today's video. That time snm was 1800% pump .... now 3684% upUp ğŸ˜±By the way today's video was not about snm coin.... this is something else. I am 500% sure you will extremely like upcoming video... Inshallah,"['I', 'completed', 'today', 'video.', 'That', 'time', 'snm', '1800', 'pump', '....', '3684', 'upUp', 'ğŸ˜±By', 'way', 'today', 'video', 'snm', 'coin....', 'something', 'else.', 'I', '500', 'sure', 'extremely', 'like', 'upcoming', 'video...', 'Inshallah']"
CRYPTONOTESMOHSIN,2022-11-20,08:16:44,https://twitter.com/Mohsin_71/status/1594243079451582464?t=oki-0okerYwagSsXQgJpHA&s=19OMG ğŸ™„ğŸ˜±ğŸ˜¯,"['httpstwitter.comMohsin71status1594243079451582464toki-0okerYwagSsXQgJpHAs19OMG', 'ğŸ™„ğŸ˜±ğŸ˜¯']"
CRYPTONOTESMOHSIN,2022-11-20,08:23:15,199 BTC volume in 13 minutes.. ğŸ˜±Now listen carefully . Take SNM coin as a case study. Observe it ... learning make us wealthy ...,"['199', 'BTC', 'volume', '13', 'minutes..', 'ğŸ˜±Now', 'listen', 'carefully', '.', 'Take', 'SNM', 'coin', 'case', 'study.', 'Observe', '...', 'learning', 'make', 'u', 'wealthy', '...']"
CRYPTONOTESMOHSIN,2022-11-20,08:55:48,Fida starts to Move ğŸš€,"['Fida', 'start', 'Move', 'ğŸš€']"
CRYPTONOTESMOHSIN,2022-11-20,11:01:34,https://youtu.be/n-lhO0tP8qI,['httpsyoutu.ben-lhO0tP8qI']
CRYPTONOTESMOHSIN,2022-11-20,15:43:28,ADX is ready for instant profit   Current price 760  Buying between 710 - 785  Selling Targets....  830 - 900 - 1050 - 1160 - 1350 - 1700+  If Adx/btc price suddenly pump then book profit immediately.  Adx is a high volatality coin   Signal type... Short termâ€¦,"['ADX', 'ready', 'instant', 'profit', 'Current', 'price', '760', 'Buying', '710', '-', '785', 'Selling', 'Targets....', '830', '-', '900', '-', '1050', '-', '1160', '-', '1350', '-', '1700', 'If', 'Adxbtc', 'price', 'suddenly', 'pump', 'book', 'profit', 'immediately.', 'Adx', 'high', 'volatality', 'coin', 'Signal', 'type...', 'Short', 'termâ€¦']"
CRYPTONOTESMOHSIN,2022-11-20,15:58:47,ADX is ready for instant profit   Current price 760  Buying between 710 - 785  Selling Targets....  830 - 900 - 1050 - 1160 - 1350 - 1700+  If Adx/btc price suddenly pump then book profit immediately.  Adx is a high volatality coin   Signal type... Short termâ€¦,"['ADX', 'ready', 'instant', 'profit', 'Current', 'price', '760', 'Buying', '710', '-', '785', 'Selling', 'Targets....', '830', '-', '900', '-', '1050', '-', '1160', '-', '1350', '-', '1700', 'If', 'Adxbtc', 'price', 'suddenly', 'pump', 'book', 'profit', 'immediately.', 'Adx', 'high', 'volatality', 'coin', 'Signal', 'type...', 'Short', 'termâ€¦']"
CRYPTONOTESMOHSIN,2022-11-20,17:16:34,Hello Fida Holders,"['Hello', 'Fida', 'Holders']"
CRYPTONOTESMOHSIN,2022-11-20,17:17:37,Are you happy Guys ?? #fida,"['Are', 'happy', 'Guys', 'fida']"
CRYPTONOTESMOHSIN,2022-11-20,17:18:37,https://youtu.be/qTWt4Nu6UVM,['httpsyoutu.beqTWt4Nu6UVM']
CRYPTONOTESMOHSIN,2022-11-21,00:45:48,"I told you , I informed you , I advised you , I forced you to buy Fida ...This is the biggest pump ...581% pump ... wow","['I', 'told', 'I', 'informed', 'I', 'advised', 'I', 'forced', 'buy', 'Fida', '...This', 'biggest', 'pump', '...581', 'pump', '...', 'wow']"
CRYPTONOTESMOHSIN,2022-11-21,02:29:49,https://youtu.be/qTWt4Nu6UVM,['httpsyoutu.beqTWt4Nu6UVM']
CRYPTONOTESMOHSIN,2022-11-21,03:01:14,https://youtu.be/n-lhO0tP8qI,['httpsyoutu.ben-lhO0tP8qI']
CRYPTONOTESMOHSIN,2022-11-21,10:18:06,https://twitter.com/Mohsin_71/status/1594634932676083713?t=U4RthZLSoL8BV1nGaJhe8Q&s=19,['httpstwitter.comMohsin71status1594634932676083713tU4RthZLSoL8BV1nGaJhe8Qs19']
CRYPTONOTESMOHSIN,2022-11-21,10:52:17,OK Done . Video upload krne se 10 min pehle yahan inform karun ga. Then publish hote he link share krta hoon. Plz wait 30 min approx,"['OK', 'Done', '.', 'Video', 'upload', 'krne', 'se', '10', 'min', 'pehle', 'yahan', 'inform', 'karun', 'ga.', 'Then', 'publish', 'hote', 'link', 'share', 'krta', 'hoon.', 'Plz', 'wait', '30', 'min', 'approx']"
CRYPTONOTESMOHSIN,2022-11-21,12:39:00,Twitter Force Come Forward. Retweet it as much as you can. Tag to many people and friends ğŸ”ƒWe need little more volume ğŸ”¥,"['Twitter', 'Force', 'Come', 'Forward.', 'Retweet', 'much', 'can.', 'Tag', 'many', 'people', 'friend', 'ğŸ”ƒWe', 'need', 'little', 'volume', 'ğŸ”¥']"
CRYPTONOTESMOHSIN,2022-11-21,12:51:30,Dia/usdt is 10% up from our buying Range... Twitter force is working ... volume is coming ...Please btc Araam se reh laina kuch der. Don't spoil our party,"['Diausdt', '10', 'buying', 'Range...', 'Twitter', 'force', 'working', '...', 'volume', 'coming', '...Please', 'btc', 'Araam', 'se', 'reh', 'laina', 'kuch', 'der.', 'Dont', 'spoil', 'party']"
CRYPTONOTESMOHSIN,2022-11-21,13:11:27,We want to see dia at top Gainers ğŸš€17% se maza nahi aya mujhe,"['We', 'want', 'see', 'dia', 'top', 'Gainers', 'ğŸš€17', 'se', 'maza', 'nahi', 'aya', 'mujhe']"
