pumpsignals1,2022-09-15,15:18:48,ğŸ”¸DOGEUSDT BUY signal timeframe : 5 price : 0.05904 USD,"['ğŸ”¸DOGEUSDT', 'BUY', 'signal', 'timeframe', '5', 'price', '0.05904', 'USD']"
pumpsignals1,2022-09-15,15:26:33,ğŸ”¸DOGEUSDT BUY signal timeframe : 5 price : 0.05899 USD,"['ğŸ”¸DOGEUSDT', 'BUY', 'signal', 'timeframe', '5', 'price', '0.05899', 'USD']"
pumpsignals1,2022-09-15,15:32:04,ğŸ”¸DOGEUSDT BUY signal timeframe : 5 price : 0.059 USD,"['ğŸ”¸DOGEUSDT', 'BUY', 'signal', 'timeframe', '5', 'price', '0.059', 'USD']"
pumpsignals1,2022-09-18,21:10:55,ğŸ”¸DOGEUSDT BUY signal timeframe : 5 price : 0.05806 USD,"['ğŸ”¸DOGEUSDT', 'BUY', 'signal', 'timeframe', '5', 'price', '0.05806', 'USD']"
pumpsignals1,2022-09-18,21:17:13,ğŸ”¸DOGEUSDT BUY signal timeframe : 5 price : 0.0576 USD,"['ğŸ”¸DOGEUSDT', 'BUY', 'signal', 'timeframe', '5', 'price', '0.0576', 'USD']"
pumpsignals1,2022-09-19,02:17:41,ğŸ”¸DOGEUSDT BUY signal timeframe : 5 price : 0.05627 USD,"['ğŸ”¸DOGEUSDT', 'BUY', 'signal', 'timeframe', '5', 'price', '0.05627', 'USD']"
pumpsignals1,2022-09-19,02:55:04,ğŸ”¸DOGEUSDT LONG signal timeframe : 5 price : 0.05663 USD,"['ğŸ”¸DOGEUSDT', 'LONG', 'signal', 'timeframe', '5', 'price', '0.05663', 'USD']"
pumpsignals1,2022-09-21,20:30:04,ğŸ”¸DOGEUSDT LONG signal timeframe : 5 price : 0.05793 USD,"['ğŸ”¸DOGEUSDT', 'LONG', 'signal', 'timeframe', '5', 'price', '0.05793', 'USD']"
pumpsignals1,2022-09-21,20:35:01,ğŸ”¸DOGEUSDT LONG signal timeframe : 5 price : 0.05778 USD,"['ğŸ”¸DOGEUSDT', 'LONG', 'signal', 'timeframe', '5', 'price', '0.05778', 'USD']"
pumpsignals1,2022-09-21,20:40:03,ğŸ”¸DOGEUSDT LONG signal timeframe : 5 price : 0.05795 USD,"['ğŸ”¸DOGEUSDT', 'LONG', 'signal', 'timeframe', '5', 'price', '0.05795', 'USD']"
pumpsignals1,2022-09-23,18:38:51,ğŸ”¸DOGEUSDT SELL signal timeframe : 5 price : 0.06332 USD,"['ğŸ”¸DOGEUSDT', 'SELL', 'signal', 'timeframe', '5', 'price', '0.06332', 'USD']"
pumpsignals1,2022-09-24,01:12:53,ğŸ”¸DOGEUSDT SELL signal timeframe : 5 price : 0.06622 USD,"['ğŸ”¸DOGEUSDT', 'SELL', 'signal', 'timeframe', '5', 'price', '0.06622', 'USD']"
pumpsignals1,2022-09-24,01:19:57,ğŸ”¸DOGEUSDT SELL signal timeframe : 5 price : 0.0667 USD,"['ğŸ”¸DOGEUSDT', 'SELL', 'signal', 'timeframe', '5', 'price', '0.0667', 'USD']"
pumpsignals1,2022-09-28,02:18:28,ğŸ”¸DOGEUSDT BUY signal timeframe : 5 price : 0.0592 USD,"['ğŸ”¸DOGEUSDT', 'BUY', 'signal', 'timeframe', '5', 'price', '0.0592', 'USD']"
pumpsignals1,2022-09-28,02:23:59,ğŸ”¸DOGEUSDT BUY signal timeframe : 5 price : 0.0589 USD,"['ğŸ”¸DOGEUSDT', 'BUY', 'signal', 'timeframe', '5', 'price', '0.0589', 'USD']"
pumpsignals1,2022-09-28,02:34:38,ğŸ”¸DOGEUSDT BUY signal timeframe : 5 price : 0.05876 USD,"['ğŸ”¸DOGEUSDT', 'BUY', 'signal', 'timeframe', '5', 'price', '0.05876', 'USD']"
pumpsignals1,2022-10-02,23:06:27,ğŸ”¸DOGEUSDT BUY signal timeframe : 5 price : 0.059 USD,"['ğŸ”¸DOGEUSDT', 'BUY', 'signal', 'timeframe', '5', 'price', '0.059', 'USD']"
pumpsignals1,2022-10-04,16:06:31,ğŸ”¸DOGEUSDT SELL signal timeframe : 5 price : 0.06128 USD,"['ğŸ”¸DOGEUSDT', 'SELL', 'signal', 'timeframe', '5', 'price', '0.06128', 'USD']"
pumpsignals1,2022-10-04,16:11:50,ğŸ”¸DOGEUSDT SELL signal timeframe : 5 price : 0.06369 USD,"['ğŸ”¸DOGEUSDT', 'SELL', 'signal', 'timeframe', '5', 'price', '0.06369', 'USD']"
pumpsignals1,2022-10-04,16:19:13,ğŸ”¸DOGEUSDT SELL signal timeframe : 5 price : 0.06413 USD,"['ğŸ”¸DOGEUSDT', 'SELL', 'signal', 'timeframe', '5', 'price', '0.06413', 'USD']"
pumpsignals1,2022-10-09,04:22:37,ğŸ”¸DOGEUSDT BUY signal timeframe : 5 price : 0.06117 USD,"['ğŸ”¸DOGEUSDT', 'BUY', 'signal', 'timeframe', '5', 'price', '0.06117', 'USD']"
pumpsignals1,2022-10-10,08:24:39,ğŸ”¸DOGEUSDT BUY signal timeframe : 5 price : 0.06087 USD,"['ğŸ”¸DOGEUSDT', 'BUY', 'signal', 'timeframe', '5', 'price', '0.06087', 'USD']"
pumpsignals1,2022-10-10,08:25:30,ğŸ”¸DOGEUSDT BUY signal timeframe : 5 price : 0.0606 USD,"['ğŸ”¸DOGEUSDT', 'BUY', 'signal', 'timeframe', '5', 'price', '0.0606', 'USD']"
pumpsignals1,2022-10-10,08:31:20,ğŸ”¸DOGEUSDT BUY signal timeframe : 5 price : 0.06029 USD,"['ğŸ”¸DOGEUSDT', 'BUY', 'signal', 'timeframe', '5', 'price', '0.06029', 'USD']"
pumpsignals1,2022-10-10,08:40:12,ğŸ”¸DOGEUSDT BUY signal timeframe : 5 price : 0.06008 USD,"['ğŸ”¸DOGEUSDT', 'BUY', 'signal', 'timeframe', '5', 'price', '0.06008', 'USD']"
pumpsignals1,2022-10-10,22:06:34,ğŸ”¸DOGEUSDT BUY signal timeframe : 5 price : 0.05999 USD,"['ğŸ”¸DOGEUSDT', 'BUY', 'signal', 'timeframe', '5', 'price', '0.05999', 'USD']"
pumpsignals1,2022-10-10,22:13:14,ğŸ”¸DOGEUSDT BUY signal timeframe : 5 price : 0.05953 USD,"['ğŸ”¸DOGEUSDT', 'BUY', 'signal', 'timeframe', '5', 'price', '0.05953', 'USD']"
pumpsignals1,2022-10-11,00:00:49,ğŸ”¸DOGEUSDT BUY signal timeframe : 5 price : 0.05915 USD,"['ğŸ”¸DOGEUSDT', 'BUY', 'signal', 'timeframe', '5', 'price', '0.05915', 'USD']"
pumpsignals1,2022-10-11,00:06:08,ğŸ”¸DOGEUSDT BUY signal timeframe : 5 price : 0.05838 USD,"['ğŸ”¸DOGEUSDT', 'BUY', 'signal', 'timeframe', '5', 'price', '0.05838', 'USD']"
pumpsignals1,2022-10-11,00:12:40,ğŸ”¸DOGEUSDT BUY signal timeframe : 5 price : 0.05782 USD,"['ğŸ”¸DOGEUSDT', 'BUY', 'signal', 'timeframe', '5', 'price', '0.05782', 'USD']"
pumpsignals1,2022-10-13,02:45:00,ğŸ”¸DOGEUSDT LONG signal timeframe : 5 price : 0.05868 USD,"['ğŸ”¸DOGEUSDT', 'LONG', 'signal', 'timeframe', '5', 'price', '0.05868', 'USD']"
pumpsignals1,2022-10-13,02:50:06,ğŸ”¸DOGEUSDT LONG signal timeframe : 5 price : 0.0585 USD,"['ğŸ”¸DOGEUSDT', 'LONG', 'signal', 'timeframe', '5', 'price', '0.0585', 'USD']"
pumpsignals1,2022-10-13,07:38:42,ğŸ”¸DOGEUSDT BUY signal timeframe : 5 price : 0.05749 USD,"['ğŸ”¸DOGEUSDT', 'BUY', 'signal', 'timeframe', '5', 'price', '0.05749', 'USD']"
pumpsignals1,2022-10-13,07:41:08,ğŸ”¸DOGEUSDT BUY signal timeframe : 5 price : 0.05697 USD,"['ğŸ”¸DOGEUSDT', 'BUY', 'signal', 'timeframe', '5', 'price', '0.05697', 'USD']"
pumpsignals1,2022-10-13,10:22:12,ğŸ”¸DOGEUSDT BUY signal timeframe : 5 price : 0.05671 USD,"['ğŸ”¸DOGEUSDT', 'BUY', 'signal', 'timeframe', '5', 'price', '0.05671', 'USD']"
pumpsignals1,2022-10-13,10:28:20,ğŸ”¸DOGEUSDT BUY signal timeframe : 5 price : 0.05613 USD,"['ğŸ”¸DOGEUSDT', 'BUY', 'signal', 'timeframe', '5', 'price', '0.05613', 'USD']"
pumpsignals1,2022-10-13,10:30:24,ğŸ”¸DOGEUSDT BUY signal timeframe : 5 price : 0.05562 USD,"['ğŸ”¸DOGEUSDT', 'BUY', 'signal', 'timeframe', '5', 'price', '0.05562', 'USD']"
pumpsignals1,2022-10-16,10:25:09,Online broadcasts of crypto market signals: ğŸ“ˆ https://www.youtube.com/c/PUMPmaps   ğŸ‘‘Main Channel:  https://t.me/PUMPmaps  ğŸ’°Forex & Stock Signals:  https://t.me/forexpump  ğŸ’°Stock Signals:  https://t.me/stock_pump  ğŸ’°Futures & Bond Signals:  https://t.me/futuresbondsâ€¦,"['Online', 'broadcast', 'crypto', 'market', 'signal', 'ğŸ“ˆ', 'httpswww.youtube.comcPUMPmaps', 'ğŸ‘‘Main', 'Channel', 'httpst.mePUMPmaps', 'ğŸ’°Forex', 'Stock', 'Signals', 'httpst.meforexpump', 'ğŸ’°Stock', 'Signals', 'httpst.mestockpump', 'ğŸ’°Futures', 'Bond', 'Signals', 'httpst.mefuturesbondsâ€¦']"
pumpsignals1,2022-10-18,17:42:09,ğŸ”¸DOGEUSDT SELL signal timeframe : 5 price : 0.06035 USD,"['ğŸ”¸DOGEUSDT', 'SELL', 'signal', 'timeframe', '5', 'price', '0.06035', 'USD']"
pumpsignals1,2022-10-18,17:47:20,ğŸ”¸DOGEUSDT SELL signal timeframe : 5 price : 0.06047 USD,"['ğŸ”¸DOGEUSDT', 'SELL', 'signal', 'timeframe', '5', 'price', '0.06047', 'USD']"
pumpsignals1,2022-10-19,22:37:54,ğŸ”¸DOGEUSDT BUY signal timeframe : 5 price : 0.05846 USD,"['ğŸ”¸DOGEUSDT', 'BUY', 'signal', 'timeframe', '5', 'price', '0.05846', 'USD']"
pumpsignals1,2022-10-19,22:43:12,ğŸ”¸DOGEUSDT BUY signal timeframe : 5 price : 0.05851 USD,"['ğŸ”¸DOGEUSDT', 'BUY', 'signal', 'timeframe', '5', 'price', '0.05851', 'USD']"
pumpsignals1,2022-10-21,08:37:43,ğŸ”¸DOGEUSDT BUY signal timeframe : 5 price : 0.05783 USD,"['ğŸ”¸DOGEUSDT', 'BUY', 'signal', 'timeframe', '5', 'price', '0.05783', 'USD']"
pumpsignals1,2022-10-21,10:25:50,Added additional signals. I made the old signals blue and dark red and the new - green and purple. New signals should catch deeper price moves and work a little better. + Added BNB price panel on other exchanges. I would be grateful for likes on YouTubeğŸ‘ğŸ». Have a good dayğŸ’°,"['Added', 'additional', 'signals.', 'I', 'made', 'old', 'signal', 'blue', 'dark', 'red', 'new', '-', 'green', 'purple.', 'New', 'signal', 'catch', 'deeper', 'price', 'move', 'work', 'little', 'better.', 'Added', 'BNB', 'price', 'panel', 'exchanges.', 'I', 'would', 'grateful', 'like', 'YouTubeğŸ‘ğŸ».', 'Have', 'good', 'dayğŸ’°']"
pumpsignals1,2022-10-21,12:13:42,ğŸ”¸DOGEUSDT BUY signal timeframe : 5 price : 0.05734 USD,"['ğŸ”¸DOGEUSDT', 'BUY', 'signal', 'timeframe', '5', 'price', '0.05734', 'USD']"
pumpsignals1,2022-10-22,15:54:13,Hello friends. I added a table of strong MA/EMA levels. Zones of long-term key support and resistance levels have been added to the chart. These levels will be very useful in the next 12 months in search of a bottom and the start of a global uptrend.I added spot markets to the hourly chart (they show key strong levels better due to the deep history of the chart). Now you can compare the price of the Binance spot and futures market + see the price of futures on other major exchanges. I would be grateful for likes on YouTubeğŸ‘ğŸ»Good luck everyone and have a nice weekend!,"['Hello', 'friends.', 'I', 'added', 'table', 'strong', 'MAEMA', 'levels.', 'Zones', 'long-term', 'key', 'support', 'resistance', 'level', 'added', 'chart.', 'These', 'level', 'useful', 'next', '12', 'month', 'search', 'bottom', 'start', 'global', 'uptrend.I', 'added', 'spot', 'market', 'hourly', 'chart', 'they', 'show', 'key', 'strong', 'level', 'better', 'due', 'deep', 'history', 'chart.', 'Now', 'compare', 'price', 'Binance', 'spot', 'future', 'market', 'see', 'price', 'future', 'major', 'exchanges.', 'I', 'would', 'grateful', 'like', 'YouTubeğŸ‘ğŸ»Good', 'luck', 'everyone', 'nice', 'weekend']"
pumpsignals1,2022-10-23,16:56:17,Online broadcasts of crypto market signals: ğŸ“ˆ https://www.youtube.com/c/PUMPmaps   ğŸ‘‘Main Channel:  https://t.me/PUMPmaps  ğŸ’°Forex & Stock Signals:  https://t.me/forexpump  ğŸ’°Stock Signals:  https://t.me/stock_pump  ğŸ’°Futures & Bond Signals:  https://t.me/futuresbondsâ€¦,"['Online', 'broadcast', 'crypto', 'market', 'signal', 'ğŸ“ˆ', 'httpswww.youtube.comcPUMPmaps', 'ğŸ‘‘Main', 'Channel', 'httpst.mePUMPmaps', 'ğŸ’°Forex', 'Stock', 'Signals', 'httpst.meforexpump', 'ğŸ’°Stock', 'Signals', 'httpst.mestockpump', 'ğŸ’°Futures', 'Bond', 'Signals', 'httpst.mefuturesbondsâ€¦']"
pumpsignals1,2022-10-23,22:02:06,ğŸ”¸DOGEUSDT SELL signal timeframe : 5 price : 0.06016 USD,"['ğŸ”¸DOGEUSDT', 'SELL', 'signal', 'timeframe', '5', 'price', '0.06016', 'USD']"
pumpsignals1,2022-10-25,13:32:36,ğŸ”¸DOGEUSDT SELL signal timeframe : 5 price : 0.06102 USD,"['ğŸ”¸DOGEUSDT', 'SELL', 'signal', 'timeframe', '5', 'price', '0.06102', 'USD']"
pumpsignals1,2022-10-25,17:37:17,ğŸ”¸DOGEUSDT SELL signal timeframe : 5 price : 0.0625 USD,"['ğŸ”¸DOGEUSDT', 'SELL', 'signal', 'timeframe', '5', 'price', '0.0625', 'USD']"
pumpsignals1,2022-10-25,17:44:03,ğŸ”¸DOGEUSDT SELL signal timeframe : 5 price : 0.06336 USD,"['ğŸ”¸DOGEUSDT', 'SELL', 'signal', 'timeframe', '5', 'price', '0.06336', 'USD']"
pumpsignals1,2022-10-26,03:18:30,ğŸ”¸DOGEUSDT SELL signal timeframe : 5 price : 0.06671 USD,"['ğŸ”¸DOGEUSDT', 'SELL', 'signal', 'timeframe', '5', 'price', '0.06671', 'USD']"
pumpsignals1,2022-10-26,10:04:16,ğŸ”¸DOGEUSDT SELL signal timeframe : 5 price : 0.06743 USD,"['ğŸ”¸DOGEUSDT', 'SELL', 'signal', 'timeframe', '5', 'price', '0.06743', 'USD']"
pumpsignals1,2022-10-26,17:04:27,ğŸ”¸DOGEUSDT SELL signal timeframe : 5 price : 0.07011 USD,"['ğŸ”¸DOGEUSDT', 'SELL', 'signal', 'timeframe', '5', 'price', '0.07011', 'USD']"
pumpsignals1,2022-10-29,08:04:33,ğŸ”¸DOGEUSDT SELL signal timeframe : 5 price : 0.09598 USD,"['ğŸ”¸DOGEUSDT', 'SELL', 'signal', 'timeframe', '5', 'price', '0.09598', 'USD']"
pumpsignals1,2022-10-29,08:09:45,ğŸ”¸DOGEUSDT SELL signal timeframe : 5 price : 0.09701 USD,"['ğŸ”¸DOGEUSDT', 'SELL', 'signal', 'timeframe', '5', 'price', '0.09701', 'USD']"
pumpsignals1,2022-10-29,08:27:30,ğŸ”¸DOGEUSDT SELL signal timeframe : 5 price : 0.10507 USD,"['ğŸ”¸DOGEUSDT', 'SELL', 'signal', 'timeframe', '5', 'price', '0.10507', 'USD']"
pumpsignals1,2022-10-29,08:45:00,ğŸ”¸DOGEUSDT SHORT signal timeframe : 5 price : 0.10248 USD,"['ğŸ”¸DOGEUSDT', 'SHORT', 'signal', 'timeframe', '5', 'price', '0.10248', 'USD']"
pumpsignals1,2022-10-29,08:50:00,ğŸ”¸DOGEUSDT SHORT signal timeframe : 5 price : 0.1011 USD,"['ğŸ”¸DOGEUSDT', 'SHORT', 'signal', 'timeframe', '5', 'price', '0.1011', 'USD']"
pumpsignals1,2022-10-29,08:55:00,ğŸ”¸DOGEUSDT SHORT signal timeframe : 5 price : 0.10206 USD,"['ğŸ”¸DOGEUSDT', 'SHORT', 'signal', 'timeframe', '5', 'price', '0.10206', 'USD']"
pumpsignals1,2022-10-29,09:00:00,ğŸ”¸DOGEUSDT SHORT signal timeframe : 5 price : 0.10257 USD,"['ğŸ”¸DOGEUSDT', 'SHORT', 'signal', 'timeframe', '5', 'price', '0.10257', 'USD']"
pumpsignals1,2022-10-29,15:34:03,ğŸ”¸DOGEUSDT SELL signal timeframe : 5 price : 0.13586 USD,"['ğŸ”¸DOGEUSDT', 'SELL', 'signal', 'timeframe', '5', 'price', '0.13586', 'USD']"
pumpsignals1,2022-10-29,15:37:14,ğŸ”¸DOGEUSDT SELL signal timeframe : 5 price : 0.13274 USD,"['ğŸ”¸DOGEUSDT', 'SELL', 'signal', 'timeframe', '5', 'price', '0.13274', 'USD']"
pumpsignals1,2022-10-29,23:15:00,ğŸ”¸DOGEUSDT LONG signal timeframe : 5 price : 0.11796 USD,"['ğŸ”¸DOGEUSDT', 'LONG', 'signal', 'timeframe', '5', 'price', '0.11796', 'USD']"
pumpsignals1,2022-10-31,09:30:54,ğŸ”¸BNBUSDT SELL signal timeframe : 60 price : 320.2 USD,"['ğŸ”¸BNBUSDT', 'SELL', 'signal', 'timeframe', '60', 'price', '320.2', 'USD']"
pumpsignals1,2022-10-31,10:05:10,ğŸ”¸BNBUSDT SELL signal timeframe : 60 price : 329.5 USD,"['ğŸ”¸BNBUSDT', 'SELL', 'signal', 'timeframe', '60', 'price', '329.5', 'USD']"
pumpsignals1,2022-10-31,11:21:45,ğŸ”¸BNBUSDT SELL signal timeframe : 60 price : 328 USD,"['ğŸ”¸BNBUSDT', 'SELL', 'signal', 'timeframe', '60', 'price', '328', 'USD']"
pumpsignals1,2022-10-31,12:06:09,ğŸ”¸BNBUSDT SELL signal timeframe : 60 price : 333.4 USD,"['ğŸ”¸BNBUSDT', 'SELL', 'signal', 'timeframe', '60', 'price', '333.4', 'USD']"
pumpsignals1,2022-10-31,13:31:20,ğŸ”¸BNBUSDT SELL signal timeframe : 60 price : 333.3 USD,"['ğŸ”¸BNBUSDT', 'SELL', 'signal', 'timeframe', '60', 'price', '333.3', 'USD']"
pumpsignals1,2022-11-01,05:05:00,ğŸ”¸DOGEUSDT SHORT signal timeframe : 5 price : 0.14191 USD,"['ğŸ”¸DOGEUSDT', 'SHORT', 'signal', 'timeframe', '5', 'price', '0.14191', 'USD']"
pumpsignals1,2022-11-01,06:10:18,Online broadcasts of crypto market signals: ğŸ“ˆ https://www.youtube.com/c/PUMPmaps   ğŸ‘‘Main Channel:  https://t.me/PUMPmaps  ğŸ’°Forex & Stock Signals:  https://t.me/forexpump  ğŸ’°Stock Signals:  https://t.me/stock_pump  ğŸ’°Futures & Bond Signals:  https://t.me/futuresbondsâ€¦,"['Online', 'broadcast', 'crypto', 'market', 'signal', 'ğŸ“ˆ', 'httpswww.youtube.comcPUMPmaps', 'ğŸ‘‘Main', 'Channel', 'httpst.mePUMPmaps', 'ğŸ’°Forex', 'Stock', 'Signals', 'httpst.meforexpump', 'ğŸ’°Stock', 'Signals', 'httpst.mestockpump', 'ğŸ’°Futures', 'Bond', 'Signals', 'httpst.mefuturesbondsâ€¦']"
pumpsignals1,2022-11-01,09:08:33,ğŸ”¸DOGEUSDT SELL signal timeframe : 5 price : 0.1528 USD,"['ğŸ”¸DOGEUSDT', 'SELL', 'signal', 'timeframe', '5', 'price', '0.1528', 'USD']"
pumpsignals1,2022-11-03,07:26:48,ğŸ”¸BNBUSDT SELL signal timeframe : 60 price : 338 USD,"['ğŸ”¸BNBUSDT', 'SELL', 'signal', 'timeframe', '60', 'price', '338', 'USD']"
pumpsignals1,2022-11-03,08:20:06,ğŸ”¸BNBUSDT SELL signal timeframe : 60 price : 338 USD,"['ğŸ”¸BNBUSDT', 'SELL', 'signal', 'timeframe', '60', 'price', '338', 'USD']"
pumpsignals1,2022-11-03,22:25:01,ğŸ”¸BTCPERP Bull signal timeframe : 5 price : 20194.5 USD,"['ğŸ”¸BTCPERP', 'Bull', 'signal', 'timeframe', '5', 'price', '20194.5', 'USD']"
pumpsignals1,2022-11-03,23:20:02,ğŸ”¸ETHPERP Bull signal timeframe : 5 price : 1526.29 USD,"['ğŸ”¸ETHPERP', 'Bull', 'signal', 'timeframe', '5', 'price', '1526.29', 'USD']"
pumpsignals1,2022-11-03,23:25:01,ğŸ”¸BTCPERP Bull signal timeframe : 5 price : 20177.8 USD,"['ğŸ”¸BTCPERP', 'Bull', 'signal', 'timeframe', '5', 'price', '20177.8', 'USD']"
pumpsignals1,2022-11-04,02:35:04,ğŸ”¸ETHPERP Bear signal timeframe : 5 price : 1539.73 USD,"['ğŸ”¸ETHPERP', 'Bear', 'signal', 'timeframe', '5', 'price', '1539.73', 'USD']"
pumpsignals1,2022-11-04,03:05:01,ğŸ”¸BTCPERP Bear signal timeframe : 5 price : 20306 USD,"['ğŸ”¸BTCPERP', 'Bear', 'signal', 'timeframe', '5', 'price', '20306', 'USD']"
pumpsignals1,2022-11-04,03:40:17,ğŸ”¸BTCPERP Bear signal timeframe : 5 price : 20300.4 USD,"['ğŸ”¸BTCPERP', 'Bear', 'signal', 'timeframe', '5', 'price', '20300.4', 'USD']"
pumpsignals1,2022-11-04,03:55:02,ğŸ”¸BTCPERP Bear signal timeframe : 5 price : 20316 USD,"['ğŸ”¸BTCPERP', 'Bear', 'signal', 'timeframe', '5', 'price', '20316', 'USD']"
pumpsignals1,2022-11-04,03:55:04,ğŸ”¸ETHPERP Bear signal timeframe : 5 price : 1547.34 USD,"['ğŸ”¸ETHPERP', 'Bear', 'signal', 'timeframe', '5', 'price', '1547.34', 'USD']"
pumpsignals1,2022-11-04,05:05:04,ğŸ”¸ETHPERP Bear signal timeframe : 5 price : 1548.6 USD,"['ğŸ”¸ETHPERP', 'Bear', 'signal', 'timeframe', '5', 'price', '1548.6', 'USD']"
pumpsignals1,2022-11-04,06:00:07,ğŸ”¸BTCPERP Bear signal timeframe : 5 price : 20436.3 USD,"['ğŸ”¸BTCPERP', 'Bear', 'signal', 'timeframe', '5', 'price', '20436.3', 'USD']"
pumpsignals1,2022-11-04,06:15:01,ğŸ”¸BTCPERP Bear signal timeframe : 5 price : 20560 USD,"['ğŸ”¸BTCPERP', 'Bear', 'signal', 'timeframe', '5', 'price', '20560', 'USD']"
pumpsignals1,2022-11-04,06:25:01,ğŸ”¸BTCPERP Bear signal timeframe : 5 price : 20596.6 USD,"['ğŸ”¸BTCPERP', 'Bear', 'signal', 'timeframe', '5', 'price', '20596.6', 'USD']"
pumpsignals1,2022-11-04,06:40:04,ğŸ”¸BTCPERP Bear signal timeframe : 5 price : 20603.3 USD,"['ğŸ”¸BTCPERP', 'Bear', 'signal', 'timeframe', '5', 'price', '20603.3', 'USD']"
pumpsignals1,2022-11-04,06:50:02,ğŸ”¸ETHPERP Bear signal timeframe : 5 price : 1577.6 USD,"['ğŸ”¸ETHPERP', 'Bear', 'signal', 'timeframe', '5', 'price', '1577.6', 'USD']"
pumpsignals1,2022-11-04,06:50:02,ğŸ”¸BTCPERP Bear signal timeframe : 5 price : 20567 USD,"['ğŸ”¸BTCPERP', 'Bear', 'signal', 'timeframe', '5', 'price', '20567', 'USD']"
pumpsignals1,2022-11-04,06:56:08,ğŸ”¸BNBUSDT SELL signal timeframe : 60 price : 346.4 USD,"['ğŸ”¸BNBUSDT', 'SELL', 'signal', 'timeframe', '60', 'price', '346.4', 'USD']"
pumpsignals1,2022-11-04,07:05:01,ğŸ”¸ETHPERP Bear signal timeframe : 5 price : 1582.52 USD,"['ğŸ”¸ETHPERP', 'Bear', 'signal', 'timeframe', '5', 'price', '1582.52', 'USD']"
pumpsignals1,2022-11-04,07:10:02,ğŸ”¸ETHPERP Bear signal timeframe : 5 price : 1578.41 USD,"['ğŸ”¸ETHPERP', 'Bear', 'signal', 'timeframe', '5', 'price', '1578.41', 'USD']"
pumpsignals1,2022-11-04,08:05:04,ğŸ”¸ETHPERP Bear signal timeframe : 5 price : 1585.93 USD,"['ğŸ”¸ETHPERP', 'Bear', 'signal', 'timeframe', '5', 'price', '1585.93', 'USD']"
pumpsignals1,2022-11-04,08:20:05,ğŸ”¸ETHPERP Bear signal timeframe : 5 price : 1582.88 USD,"['ğŸ”¸ETHPERP', 'Bear', 'signal', 'timeframe', '5', 'price', '1582.88', 'USD']"
pumpsignals1,2022-11-04,08:34:52,ğŸ”¸BNBUSDT SELL signal timeframe : 60 price : 349.8 USD,"['ğŸ”¸BNBUSDT', 'SELL', 'signal', 'timeframe', '60', 'price', '349.8', 'USD']"
pumpsignals1,2022-11-04,09:13:16,ğŸ”¸XRPUSDT SELL signal timeframe : 60 price : 0.4972 USD,"['ğŸ”¸XRPUSDT', 'SELL', 'signal', 'timeframe', '60', 'price', '0.4972', 'USD']"
pumpsignals1,2022-11-04,09:20:08,ğŸ”¸BNBUSDT SELL signal timeframe : 60 price : 354.2 USD,"['ğŸ”¸BNBUSDT', 'SELL', 'signal', 'timeframe', '60', 'price', '354.2', 'USD']"
pumpsignals1,2022-11-04,10:51:23,ğŸ”¸XRPUSDT SELL signal timeframe : 60 price : 0.4955 USD,"['ğŸ”¸XRPUSDT', 'SELL', 'signal', 'timeframe', '60', 'price', '0.4955', 'USD']"
pumpsignals1,2022-11-04,11:05:01,ğŸ”¸BTCPERP Bear signal timeframe : 5 price : 20627.2 USD,"['ğŸ”¸BTCPERP', 'Bear', 'signal', 'timeframe', '5', 'price', '20627.2', 'USD']"
pumpsignals1,2022-11-04,11:05:01,ğŸ”¸ETHPERP Bear signal timeframe : 5 price : 1588.82 USD,"['ğŸ”¸ETHPERP', 'Bear', 'signal', 'timeframe', '5', 'price', '1588.82', 'USD']"
pumpsignals1,2022-11-04,12:00:01,ğŸ”¸BTCUSDT Bear signal timeframe : 60 price : 20558.46 USD,"['ğŸ”¸BTCUSDT', 'Bear', 'signal', 'timeframe', '60', 'price', '20558.46', 'USD']"
pumpsignals1,2022-11-04,12:00:20,ğŸ”¸XMRUSDT Bear signal timeframe : 60 price : 151 USD,"['ğŸ”¸XMRUSDT', 'Bear', 'signal', 'timeframe', '60', 'price', '151', 'USD']"
pumpsignals1,2022-11-04,12:20:02,ğŸ”¸BTCPERP Bull signal timeframe : 5 price : 20507.8 USD,"['ğŸ”¸BTCPERP', 'Bull', 'signal', 'timeframe', '5', 'price', '20507.8', 'USD']"
pumpsignals1,2022-11-04,12:45:02,ğŸ”¸ETHPERP Bear signal timeframe : 5 price : 1593.57 USD,"['ğŸ”¸ETHPERP', 'Bear', 'signal', 'timeframe', '5', 'price', '1593.57', 'USD']"
pumpsignals1,2022-11-04,12:45:03,ğŸ”¸BTCPERP Bear signal timeframe : 5 price : 20624.5 USD,"['ğŸ”¸BTCPERP', 'Bear', 'signal', 'timeframe', '5', 'price', '20624.5', 'USD']"
pumpsignals1,2022-11-04,13:10:01,ğŸ”¸ETHPERP Bear signal timeframe : 5 price : 1610.21 USD,"['ğŸ”¸ETHPERP', 'Bear', 'signal', 'timeframe', '5', 'price', '1610.21', 'USD']"
pumpsignals1,2022-11-04,13:10:03,ğŸ”¸BTCPERP Bear signal timeframe : 5 price : 20731.9 USD,"['ğŸ”¸BTCPERP', 'Bear', 'signal', 'timeframe', '5', 'price', '20731.9', 'USD']"
pumpsignals1,2022-11-04,13:35:02,ğŸ”¸BTCPERP Bear signal timeframe : 5 price : 20795.8 USD,"['ğŸ”¸BTCPERP', 'Bear', 'signal', 'timeframe', '5', 'price', '20795.8', 'USD']"
pumpsignals1,2022-11-04,13:35:02,ğŸ”¸ETHPERP Bear signal timeframe : 5 price : 1613.42 USD,"['ğŸ”¸ETHPERP', 'Bear', 'signal', 'timeframe', '5', 'price', '1613.42', 'USD']"
pumpsignals1,2022-11-04,14:30:06,ğŸ”¸BTCPERP Bear signal timeframe : 5 price : 21129.8 USD,"['ğŸ”¸BTCPERP', 'Bear', 'signal', 'timeframe', '5', 'price', '21129.8', 'USD']"
pumpsignals1,2022-11-04,14:30:07,ğŸ”¸ETHPERP Bear signal timeframe : 5 price : 1654.8 USD,"['ğŸ”¸ETHPERP', 'Bear', 'signal', 'timeframe', '5', 'price', '1654.8', 'USD']"
pumpsignals1,2022-11-04,14:39:22,ğŸ”¸BNBUSDT SELL signal timeframe : 60 price : 358.8 USD,"['ğŸ”¸BNBUSDT', 'SELL', 'signal', 'timeframe', '60', 'price', '358.8', 'USD']"
pumpsignals1,2022-11-04,15:05:01,ğŸ”¸BTCPERP Bear signal timeframe : 5 price : 21184.7 USD,"['ğŸ”¸BTCPERP', 'Bear', 'signal', 'timeframe', '5', 'price', '21184.7', 'USD']"
pumpsignals1,2022-11-04,15:05:02,ğŸ”¸ETHPERP Bear signal timeframe : 5 price : 1658.61 USD,"['ğŸ”¸ETHPERP', 'Bear', 'signal', 'timeframe', '5', 'price', '1658.61', 'USD']"
pumpsignals1,2022-11-04,15:10:02,ğŸ”¸BTCPERP Bear signal timeframe : 5 price : 21149.9 USD,"['ğŸ”¸BTCPERP', 'Bear', 'signal', 'timeframe', '5', 'price', '21149.9', 'USD']"
pumpsignals1,2022-11-04,22:00:03,ğŸ”¸BTCPERP Bear signal timeframe : 5 price : 21167.9 USD,"['ğŸ”¸BTCPERP', 'Bear', 'signal', 'timeframe', '5', 'price', '21167.9', 'USD']"
pumpsignals1,2022-11-04,23:56:52,ğŸ”¸XMRUSDT Bear signal timeframe : 60 price : 158.5 USD,"['ğŸ”¸XMRUSDT', 'Bear', 'signal', 'timeframe', '60', 'price', '158.5', 'USD']"
pumpsignals1,2022-11-05,00:25:56,ğŸ”¸XMRUSDT Bear signal timeframe : 60 price : 158.5 USD,"['ğŸ”¸XMRUSDT', 'Bear', 'signal', 'timeframe', '60', 'price', '158.5', 'USD']"
pumpsignals1,2022-11-05,00:58:15,ğŸ”¸SOLUSDT SELL signal timeframe : 60 price : 34.85 USD,"['ğŸ”¸SOLUSDT', 'SELL', 'signal', 'timeframe', '60', 'price', '34.85', 'USD']"
pumpsignals1,2022-11-05,01:05:01,ğŸ”¸BTCPERP Bear signal timeframe : 5 price : 21379.8 USD,"['ğŸ”¸BTCPERP', 'Bear', 'signal', 'timeframe', '5', 'price', '21379.8', 'USD']"
pumpsignals1,2022-11-05,01:46:11,ğŸ”¸XMRUSDT Bear signal timeframe : 60 price : 159.7 USD,"['ğŸ”¸XMRUSDT', 'Bear', 'signal', 'timeframe', '60', 'price', '159.7', 'USD']"
pumpsignals1,2022-11-05,02:00:01,ğŸ”¸BTCUSDT Bear signal timeframe : 60 price : 21364.81 USD,"['ğŸ”¸BTCUSDT', 'Bear', 'signal', 'timeframe', '60', 'price', '21364.81', 'USD']"
pumpsignals1,2022-11-05,03:30:03,ğŸ”¸BTCPERP Bear signal timeframe : 5 price : 21400.7 USD,"['ğŸ”¸BTCPERP', 'Bear', 'signal', 'timeframe', '5', 'price', '21400.7', 'USD']"
pumpsignals1,2022-11-05,04:20:05,ğŸ”¸BTCPERP Bear signal timeframe : 5 price : 21449.5 USD,"['ğŸ”¸BTCPERP', 'Bear', 'signal', 'timeframe', '5', 'price', '21449.5', 'USD']"
pumpsignals1,2022-11-05,05:00:01,ğŸ”¸BTCUSDT Bear signal timeframe : 60 price : 21367.24 USD,"['ğŸ”¸BTCUSDT', 'Bear', 'signal', 'timeframe', '60', 'price', '21367.24', 'USD']"
pumpsignals1,2022-11-05,06:30:01,ğŸ”¸ETHPERP Bear signal timeframe : 5 price : 1654 USD,"['ğŸ”¸ETHPERP', 'Bear', 'signal', 'timeframe', '5', 'price', '1654', 'USD']"
pumpsignals1,2022-11-05,08:00:18,ğŸ”¸XMRUSDT Bear signal timeframe : 60 price : 161.1 USD,"['ğŸ”¸XMRUSDT', 'Bear', 'signal', 'timeframe', '60', 'price', '161.1', 'USD']"
pumpsignals1,2022-11-05,08:50:01,ğŸ”¸BTCPERP Bull signal timeframe : 5 price : 21278.1 USD,"['ğŸ”¸BTCPERP', 'Bull', 'signal', 'timeframe', '5', 'price', '21278.1', 'USD']"
pumpsignals1,2022-11-05,08:50:03,ğŸ”¸ETHPERP Bull signal timeframe : 5 price : 1641.69 USD,"['ğŸ”¸ETHPERP', 'Bull', 'signal', 'timeframe', '5', 'price', '1641.69', 'USD']"
pumpsignals1,2022-11-05,09:00:04,ğŸ”¸XMRUSDT Bear signal timeframe : 60 price : 160.2 USD,"['ğŸ”¸XMRUSDT', 'Bear', 'signal', 'timeframe', '60', 'price', '160.2', 'USD']"
pumpsignals1,2022-11-05,11:15:01,ğŸ”¸BTCPERP Bear signal timeframe : 5 price : 21367.6 USD,"['ğŸ”¸BTCPERP', 'Bear', 'signal', 'timeframe', '5', 'price', '21367.6', 'USD']"
pumpsignals1,2022-11-05,13:35:01,ğŸ”¸BTCPERP Bull signal timeframe : 5 price : 21270.7 USD,"['ğŸ”¸BTCPERP', 'Bull', 'signal', 'timeframe', '5', 'price', '21270.7', 'USD']"
pumpsignals1,2022-11-05,13:35:02,ğŸ”¸ETHPERP Bull signal timeframe : 5 price : 1635.51 USD,"['ğŸ”¸ETHPERP', 'Bull', 'signal', 'timeframe', '5', 'price', '1635.51', 'USD']"
pumpsignals1,2022-11-05,13:35:02,ğŸ”¸ETHPERP Bull signal timeframe : 5 price : 1635.51 USD,"['ğŸ”¸ETHPERP', 'Bull', 'signal', 'timeframe', '5', 'price', '1635.51', 'USD']"
pumpsignals1,2022-11-05,14:30:03,ğŸ”¸ETHPERP Bull signal timeframe : 5 price : 1631.9 USD,"['ğŸ”¸ETHPERP', 'Bull', 'signal', 'timeframe', '5', 'price', '1631.9', 'USD']"
pumpsignals1,2022-11-05,14:30:03,ğŸ”¸ETHPERP Bull signal timeframe : 5 price : 1631.9 USD,"['ğŸ”¸ETHPERP', 'Bull', 'signal', 'timeframe', '5', 'price', '1631.9', 'USD']"
pumpsignals1,2022-11-05,14:50:02,ğŸ”¸ETHPERP Bull signal timeframe : 5 price : 1627.54 USD,"['ğŸ”¸ETHPERP', 'Bull', 'signal', 'timeframe', '5', 'price', '1627.54', 'USD']"
pumpsignals1,2022-11-05,14:50:02,ğŸ”¸ETHPERP Bull signal timeframe : 5 price : 1627.54 USD,"['ğŸ”¸ETHPERP', 'Bull', 'signal', 'timeframe', '5', 'price', '1627.54', 'USD']"
pumpsignals1,2022-11-05,15:23:15,ğŸ”¸SOLUSDT SELL signal timeframe : 60 price : 36.35 USD,"['ğŸ”¸SOLUSDT', 'SELL', 'signal', 'timeframe', '60', 'price', '36.35', 'USD']"
pumpsignals1,2022-11-05,16:00:02,ğŸ”¸SOLUSDT SELL signal timeframe : 60 price : 37.24 USD,"['ğŸ”¸SOLUSDT', 'SELL', 'signal', 'timeframe', '60', 'price', '37.24', 'USD']"
pumpsignals1,2022-11-05,17:00:02,ğŸ”¸SOLUSDT SELL signal timeframe : 60 price : 37.71 USD,"['ğŸ”¸SOLUSDT', 'SELL', 'signal', 'timeframe', '60', 'price', '37.71', 'USD']"
pumpsignals1,2022-11-05,18:35:05,ğŸ”¸ETHPERP Bull signal timeframe : 5 price : 1630.59 USD,"['ğŸ”¸ETHPERP', 'Bull', 'signal', 'timeframe', '5', 'price', '1630.59', 'USD']"
pumpsignals1,2022-11-05,18:35:05,ğŸ”¸ETHPERP Bull signal timeframe : 5 price : 1630.59 USD,"['ğŸ”¸ETHPERP', 'Bull', 'signal', 'timeframe', '5', 'price', '1630.59', 'USD']"
pumpsignals1,2022-11-05,18:55:01,ğŸ”¸ETHPERP Bull signal timeframe : 5 price : 1627.49 USD,"['ğŸ”¸ETHPERP', 'Bull', 'signal', 'timeframe', '5', 'price', '1627.49', 'USD']"
pumpsignals1,2022-11-05,18:55:01,ğŸ”¸ETHPERP Bull signal timeframe : 5 price : 1627.49 USD,"['ğŸ”¸ETHPERP', 'Bull', 'signal', 'timeframe', '5', 'price', '1627.49', 'USD']"
pumpsignals1,2022-11-05,22:00:00,ğŸ”¸BTCUSDT Bear signal timeframe : 60 price : 21335.35 USD,"['ğŸ”¸BTCUSDT', 'Bear', 'signal', 'timeframe', '60', 'price', '21335.35', 'USD']"
pumpsignals1,2022-11-05,23:15:03,ğŸ”¸ETHPERP Bull signal timeframe : 5 price : 1624.97 USD,"['ğŸ”¸ETHPERP', 'Bull', 'signal', 'timeframe', '5', 'price', '1624.97', 'USD']"
pumpsignals1,2022-11-05,23:15:14,ğŸ”¸BTCPERP Bull signal timeframe : 5 price : 21262.4 USD,"['ğŸ”¸BTCPERP', 'Bull', 'signal', 'timeframe', '5', 'price', '21262.4', 'USD']"
pumpsignals1,2022-11-06,02:05:01,ğŸ”¸BTCPERP Bull signal timeframe : 5 price : 21229.6 USD,"['ğŸ”¸BTCPERP', 'Bull', 'signal', 'timeframe', '5', 'price', '21229.6', 'USD']"
pumpsignals1,2022-11-06,02:05:08,ğŸ”¸ETHPERP Bull signal timeframe : 5 price : 1618.8 USD,"['ğŸ”¸ETHPERP', 'Bull', 'signal', 'timeframe', '5', 'price', '1618.8', 'USD']"
pumpsignals1,2022-11-06,02:05:08,ğŸ”¸ETHPERP Bull signal timeframe : 5 price : 1618.8 USD,"['ğŸ”¸ETHPERP', 'Bull', 'signal', 'timeframe', '5', 'price', '1618.8', 'USD']"
pumpsignals1,2022-11-06,02:20:04,ğŸ”¸ETHPERP Bull signal timeframe : 5 price : 1616.25 USD,"['ğŸ”¸ETHPERP', 'Bull', 'signal', 'timeframe', '5', 'price', '1616.25', 'USD']"
pumpsignals1,2022-11-06,02:20:04,ğŸ”¸ETHPERP Bull signal timeframe : 5 price : 1616.25 USD,"['ğŸ”¸ETHPERP', 'Bull', 'signal', 'timeframe', '5', 'price', '1616.25', 'USD']"
pumpsignals1,2022-11-06,04:00:01,ğŸ”¸ETHUSDT Bull signal timeframe : 60 price : 1621.24 USD,"['ğŸ”¸ETHUSDT', 'Bull', 'signal', 'timeframe', '60', 'price', '1621.24', 'USD']"
pumpsignals1,2022-11-06,07:55:01,ğŸ”¸ETHPERP Bear signal timeframe : 5 price : 1622.58 USD,"['ğŸ”¸ETHPERP', 'Bear', 'signal', 'timeframe', '5', 'price', '1622.58', 'USD']"
pumpsignals1,2022-11-06,07:55:01,ğŸ”¸ETHPERP Bear signal timeframe : 5 price : 1622.58 USD,"['ğŸ”¸ETHPERP', 'Bear', 'signal', 'timeframe', '5', 'price', '1622.58', 'USD']"
pumpsignals1,2022-11-06,16:10:01,ğŸ”¸ETHPERP Bull signal timeframe : 5 price : 1623.7 USD,"['ğŸ”¸ETHPERP', 'Bull', 'signal', 'timeframe', '5', 'price', '1623.7', 'USD']"
pumpsignals1,2022-11-06,16:10:02,ğŸ”¸ETHPERP Bull signal timeframe : 5 price : 1623.7 USD,"['ğŸ”¸ETHPERP', 'Bull', 'signal', 'timeframe', '5', 'price', '1623.7', 'USD']"
pumpsignals1,2022-11-06,18:10:06,ğŸ”¸ETHPERP Bull signal timeframe : 5 price : 1613.18 USD,"['ğŸ”¸ETHPERP', 'Bull', 'signal', 'timeframe', '5', 'price', '1613.18', 'USD']"
pumpsignals1,2022-11-06,18:30:03,ğŸ”¸ETHPERP Bull signal timeframe : 5 price : 1607.73 USD,"['ğŸ”¸ETHPERP', 'Bull', 'signal', 'timeframe', '5', 'price', '1607.73', 'USD']"
pumpsignals1,2022-11-06,18:30:03,ğŸ”¸ETHPERP Bull signal timeframe : 5 price : 1607.73 USD,"['ğŸ”¸ETHPERP', 'Bull', 'signal', 'timeframe', '5', 'price', '1607.73', 'USD']"
pumpsignals1,2022-11-06,19:50:22,ğŸ”¸ETHPERP Bull signal timeframe : 5 price : 1606.91 USD,"['ğŸ”¸ETHPERP', 'Bull', 'signal', 'timeframe', '5', 'price', '1606.91', 'USD']"
pumpsignals1,2022-11-06,22:00:05,ğŸ”¸BTCPERP Bull signal timeframe : 5 price : 21116 USD,"['ğŸ”¸BTCPERP', 'Bull', 'signal', 'timeframe', '5', 'price', '21116', 'USD']"
pumpsignals1,2022-11-06,22:05:05,ğŸ”¸ETHPERP Bull signal timeframe : 5 price : 1604.7 USD,"['ğŸ”¸ETHPERP', 'Bull', 'signal', 'timeframe', '5', 'price', '1604.7', 'USD']"
pumpsignals1,2022-11-06,23:13:50,ğŸ”¸DOGEUSDT BUY signal timeframe : 5 price : 0.115 USD,"['ğŸ”¸DOGEUSDT', 'BUY', 'signal', 'timeframe', '5', 'price', '0.115', 'USD']"
pumpsignals1,2022-11-06,23:30:02,ğŸ”¸BTCPERP Bull signal timeframe : 5 price : 20997.4 USD,"['ğŸ”¸BTCPERP', 'Bull', 'signal', 'timeframe', '5', 'price', '20997.4', 'USD']"
pumpsignals1,2022-11-06,23:38:07,ğŸ”¸DOGEUSDT BUY signal timeframe : 5 price : 0.11195 USD,"['ğŸ”¸DOGEUSDT', 'BUY', 'signal', 'timeframe', '5', 'price', '0.11195', 'USD']"
pumpsignals1,2022-11-06,23:45:02,ğŸ”¸ETHPERP Bull signal timeframe : 5 price : 1574.52 USD,"['ğŸ”¸ETHPERP', 'Bull', 'signal', 'timeframe', '5', 'price', '1574.52', 'USD']"
pumpsignals1,2022-11-06,23:50:01,ğŸ”¸BTCPERP Bull signal timeframe : 5 price : 20932 USD,"['ğŸ”¸BTCPERP', 'Bull', 'signal', 'timeframe', '5', 'price', '20932', 'USD']"
pumpsignals1,2022-11-07,00:00:03,ğŸ”¸BTCPERP Bull signal timeframe : 5 price : 20903.6 USD,"['ğŸ”¸BTCPERP', 'Bull', 'signal', 'timeframe', '5', 'price', '20903.6', 'USD']"
pumpsignals1,2022-11-07,01:20:02,ğŸ”¸BTCPERP Bull signal timeframe : 5 price : 20845 USD,"['ğŸ”¸BTCPERP', 'Bull', 'signal', 'timeframe', '5', 'price', '20845', 'USD']"
pumpsignals1,2022-11-07,02:20:07,ğŸ”¸BTCPERP Bear signal timeframe : 5 price : 21001.4 USD,"['ğŸ”¸BTCPERP', 'Bear', 'signal', 'timeframe', '5', 'price', '21001.4', 'USD']"
pumpsignals1,2022-11-07,04:20:01,ğŸ”¸ETHPERP Bull signal timeframe : 5 price : 1580.48 USD,"['ğŸ”¸ETHPERP', 'Bull', 'signal', 'timeframe', '5', 'price', '1580.48', 'USD']"
pumpsignals1,2022-11-07,04:20:02,ğŸ”¸BTCPERP Bull signal timeframe : 5 price : 20858.7 USD,"['ğŸ”¸BTCPERP', 'Bull', 'signal', 'timeframe', '5', 'price', '20858.7', 'USD']"
pumpsignals1,2022-11-07,07:20:02,ğŸ”¸ETHPERP Bull signal timeframe : 5 price : 1570.44 USD,"['ğŸ”¸ETHPERP', 'Bull', 'signal', 'timeframe', '5', 'price', '1570.44', 'USD']"
pumpsignals1,2022-11-07,07:20:02,ğŸ”¸ETHPERP Bull signal timeframe : 5 price : 1570.44 USD,"['ğŸ”¸ETHPERP', 'Bull', 'signal', 'timeframe', '5', 'price', '1570.44', 'USD']"
pumpsignals1,2022-11-07,07:30:04,ğŸ”¸BTCPERP Bull signal timeframe : 5 price : 20787.3 USD,"['ğŸ”¸BTCPERP', 'Bull', 'signal', 'timeframe', '5', 'price', '20787.3', 'USD']"
pumpsignals1,2022-11-07,08:00:50,ğŸ”¸DOGEUSDT BUY signal timeframe : 5 price : 0.11142 USD,"['ğŸ”¸DOGEUSDT', 'BUY', 'signal', 'timeframe', '5', 'price', '0.11142', 'USD']"
pumpsignals1,2022-11-07,08:05:01,ğŸ”¸BTCPERP Bull signal timeframe : 5 price : 20665.3 USD,"['ğŸ”¸BTCPERP', 'Bull', 'signal', 'timeframe', '5', 'price', '20665.3', 'USD']"
pumpsignals1,2022-11-07,08:15:05,ğŸ”¸BTCPERP Bull signal timeframe : 5 price : 20690.1 USD,"['ğŸ”¸BTCPERP', 'Bull', 'signal', 'timeframe', '5', 'price', '20690.1', 'USD']"
pumpsignals1,2022-11-07,08:30:04,ğŸ”¸BTCPERP Bull signal timeframe : 5 price : 20642.7 USD,"['ğŸ”¸BTCPERP', 'Bull', 'signal', 'timeframe', '5', 'price', '20642.7', 'USD']"
pumpsignals1,2022-11-07,15:00:06,ğŸ”¸BTCPERP Bull signal timeframe : 5 price : 20645.4 USD,"['ğŸ”¸BTCPERP', 'Bull', 'signal', 'timeframe', '5', 'price', '20645.4', 'USD']"
pumpsignals1,2022-11-07,17:05:14,ğŸ”¸BTCPERP Bull signal timeframe : 5 price : 20674.4 USD,"['ğŸ”¸BTCPERP', 'Bull', 'signal', 'timeframe', '5', 'price', '20674.4', 'USD']"
pumpsignals1,2022-11-07,18:35:01,ğŸ”¸ETHPERP Bear signal timeframe : 5 price : 1592.89 USD,"['ğŸ”¸ETHPERP', 'Bear', 'signal', 'timeframe', '5', 'price', '1592.89', 'USD']"
pumpsignals1,2022-11-07,18:35:02,ğŸ”¸ETHPERP Bear signal timeframe : 5 price : 1592.89 USD,"['ğŸ”¸ETHPERP', 'Bear', 'signal', 'timeframe', '5', 'price', '1592.89', 'USD']"
pumpsignals1,2022-11-07,19:25:02,ğŸ”¸ETHPERP Bear signal timeframe : 5 price : 1594.07 USD,"['ğŸ”¸ETHPERP', 'Bear', 'signal', 'timeframe', '5', 'price', '1594.07', 'USD']"
pumpsignals1,2022-11-07,19:25:02,ğŸ”¸ETHPERP Bear signal timeframe : 5 price : 1594.07 USD,"['ğŸ”¸ETHPERP', 'Bear', 'signal', 'timeframe', '5', 'price', '1594.07', 'USD']"
pumpsignals1,2022-11-07,19:50:01,ğŸ”¸BTCPERP Bear signal timeframe : 5 price : 20835.2 USD,"['ğŸ”¸BTCPERP', 'Bear', 'signal', 'timeframe', '5', 'price', '20835.2', 'USD']"
pumpsignals1,2022-11-07,20:00:06,ğŸ”¸BTCPERP Bear signal timeframe : 5 price : 20833.9 USD,"['ğŸ”¸BTCPERP', 'Bear', 'signal', 'timeframe', '5', 'price', '20833.9', 'USD']"
pumpsignals1,2022-11-07,20:20:09,ğŸ”¸ETHPERP Bear signal timeframe : 5 price : 1600.67 USD,"['ğŸ”¸ETHPERP', 'Bear', 'signal', 'timeframe', '5', 'price', '1600.67', 'USD']"
pumpsignals1,2022-11-07,20:20:09,ğŸ”¸ETHPERP Bear signal timeframe : 5 price : 1600.67 USD,"['ğŸ”¸ETHPERP', 'Bear', 'signal', 'timeframe', '5', 'price', '1600.67', 'USD']"
pumpsignals1,2022-11-07,21:06:08,"Hi guys. I updated the appearance of cryptocurrency broadcasts: the table with MAs was removed (MAs were added to the chart with labels and levels on the scale. I also added them to the forex charts). A new table with open interest and market dominance has been added to the 5-minute charts. This table, like the one below with prices, changes color for 1 candlestick period.Have a good trading week!","['Hi', 'guys.', 'I', 'updated', 'appearance', 'cryptocurrency', 'broadcast', 'table', 'MAs', 'removed', 'MAs', 'added', 'chart', 'label', 'level', 'scale.', 'I', 'also', 'added', 'forex', 'charts.', 'A', 'new', 'table', 'open', 'interest', 'market', 'dominance', 'added', '5-minute', 'charts.', 'This', 'table', 'like', 'one', 'price', 'change', 'color', '1', 'candlestick', 'period.Have', 'good', 'trading', 'week']"
pumpsignals1,2022-11-07,21:55:01,ğŸ”¸BTCPERP Bull signal timeframe : 5 price : 20686.4 USD,"['ğŸ”¸BTCPERP', 'Bull', 'signal', 'timeframe', '5', 'price', '20686.4', 'USD']"
pumpsignals1,2022-11-07,22:10:01,ğŸ”¸DOGEUSDT LONG signal timeframe : 5 price : 0.11399 USD,"['ğŸ”¸DOGEUSDT', 'LONG', 'signal', 'timeframe', '5', 'price', '0.11399', 'USD']"
pumpsignals1,2022-11-07,22:10:03,ğŸ”¸BTCPERP Bull signal timeframe : 5 price : 20655.9 USD,"['ğŸ”¸BTCPERP', 'Bull', 'signal', 'timeframe', '5', 'price', '20655.9', 'USD']"
pumpsignals1,2022-11-07,22:20:25,ğŸ”¸SOLUSDT BUY signal timeframe : 60 price : 29.88 USD,"['ğŸ”¸SOLUSDT', 'BUY', 'signal', 'timeframe', '60', 'price', '29.88', 'USD']"
pumpsignals1,2022-11-07,22:24:17,ğŸ”¸DOGEUSDT BUY signal timeframe : 5 price : 0.11116 USD,"['ğŸ”¸DOGEUSDT', 'BUY', 'signal', 'timeframe', '5', 'price', '0.11116', 'USD']"
pumpsignals1,2022-11-07,22:26:08,ğŸ”¸DOGEUSDT BUY signal timeframe : 5 price : 0.10995 USD,"['ğŸ”¸DOGEUSDT', 'BUY', 'signal', 'timeframe', '5', 'price', '0.10995', 'USD']"
pumpsignals1,2022-11-07,22:33:00,ğŸ”¸DOGEUSDT BUY signal timeframe : 5 price : 0.10807 USD,"['ğŸ”¸DOGEUSDT', 'BUY', 'signal', 'timeframe', '5', 'price', '0.10807', 'USD']"
pumpsignals1,2022-11-07,22:35:05,ğŸ”¸BTCPERP Bull signal timeframe : 5 price : 20491.9 USD,"['ğŸ”¸BTCPERP', 'Bull', 'signal', 'timeframe', '5', 'price', '20491.9', 'USD']"
pumpsignals1,2022-11-07,22:38:34,ğŸ”¸DOGEUSDT BUY signal timeframe : 5 price : 0.10757 USD,"['ğŸ”¸DOGEUSDT', 'BUY', 'signal', 'timeframe', '5', 'price', '0.10757', 'USD']"
pumpsignals1,2022-11-07,22:50:01,ğŸ”¸ETHPERP Bull signal timeframe : 5 price : 1556.9 USD,"['ğŸ”¸ETHPERP', 'Bull', 'signal', 'timeframe', '5', 'price', '1556.9', 'USD']"
pumpsignals1,2022-11-07,22:50:04,ğŸ”¸BTCPERP Bull signal timeframe : 5 price : 20478.1 USD,"['ğŸ”¸BTCPERP', 'Bull', 'signal', 'timeframe', '5', 'price', '20478.1', 'USD']"
pumpsignals1,2022-11-07,23:05:01,ğŸ”¸BTCPERP Bull signal timeframe : 5 price : 20472.6 USD,"['ğŸ”¸BTCPERP', 'Bull', 'signal', 'timeframe', '5', 'price', '20472.6', 'USD']"
pumpsignals1,2022-11-07,23:41:25,ğŸ”¸SOLUSDT BUY signal timeframe : 60 price : 29.49 USD,"['ğŸ”¸SOLUSDT', 'BUY', 'signal', 'timeframe', '60', 'price', '29.49', 'USD']"
pumpsignals1,2022-11-08,00:58:29,ğŸ”¸SOLUSDT BUY signal timeframe : 60 price : 29.09 USD,"['ğŸ”¸SOLUSDT', 'BUY', 'signal', 'timeframe', '60', 'price', '29.09', 'USD']"
pumpsignals1,2022-11-08,02:52:40,ğŸ”¸SOLUSDT BUY signal timeframe : 60 price : 28.25 USD,"['ğŸ”¸SOLUSDT', 'BUY', 'signal', 'timeframe', '60', 'price', '28.25', 'USD']"
pumpsignals1,2022-11-08,03:01:44,ğŸ”¸DOGEUSDT BUY signal timeframe : 5 price : 0.10689 USD,"['ğŸ”¸DOGEUSDT', 'BUY', 'signal', 'timeframe', '5', 'price', '0.10689', 'USD']"
pumpsignals1,2022-11-08,03:05:02,ğŸ”¸ETHPERP Bull signal timeframe : 5 price : 1538.45 USD,"['ğŸ”¸ETHPERP', 'Bull', 'signal', 'timeframe', '5', 'price', '1538.45', 'USD']"
pumpsignals1,2022-11-08,03:15:39,ğŸ”¸SOLUSDT BUY signal timeframe : 60 price : 27.88 USD,"['ğŸ”¸SOLUSDT', 'BUY', 'signal', 'timeframe', '60', 'price', '27.88', 'USD']"
pumpsignals1,2022-11-08,03:19:02,ğŸ”¸DOGEUSDT BUY signal timeframe : 5 price : 0.10574 USD,"['ğŸ”¸DOGEUSDT', 'BUY', 'signal', 'timeframe', '5', 'price', '0.10574', 'USD']"
pumpsignals1,2022-11-08,03:25:01,ğŸ”¸ETHPERP Bull signal timeframe : 5 price : 1534.17 USD,"['ğŸ”¸ETHPERP', 'Bull', 'signal', 'timeframe', '5', 'price', '1534.17', 'USD']"
pumpsignals1,2022-11-08,03:25:01,ğŸ”¸BTCPERP Bull signal timeframe : 5 price : 20393.5 USD,"['ğŸ”¸BTCPERP', 'Bull', 'signal', 'timeframe', '5', 'price', '20393.5', 'USD']"
pumpsignals1,2022-11-08,03:30:00,ğŸ”¸DOGEUSDT LONG signal timeframe : 5 price : 0.10585 USD,"['ğŸ”¸DOGEUSDT', 'LONG', 'signal', 'timeframe', '5', 'price', '0.10585', 'USD']"
pumpsignals1,2022-11-08,03:35:00,ğŸ”¸DOGEUSDT LONG signal timeframe : 5 price : 0.10683 USD,"['ğŸ”¸DOGEUSDT', 'LONG', 'signal', 'timeframe', '5', 'price', '0.10683', 'USD']"
pumpsignals1,2022-11-08,03:40:00,ğŸ”¸DOGEUSDT LONG signal timeframe : 5 price : 0.1063 USD,"['ğŸ”¸DOGEUSDT', 'LONG', 'signal', 'timeframe', '5', 'price', '0.1063', 'USD']"
pumpsignals1,2022-11-08,03:57:23,ğŸ”¸DOGEUSDT BUY signal timeframe : 5 price : 0.10243 USD,"['ğŸ”¸DOGEUSDT', 'BUY', 'signal', 'timeframe', '5', 'price', '0.10243', 'USD']"
pumpsignals1,2022-11-08,04:11:31,ğŸ”¸DOGEUSDT BUY signal timeframe : 5 price : 0.10007 USD,"['ğŸ”¸DOGEUSDT', 'BUY', 'signal', 'timeframe', '5', 'price', '0.10007', 'USD']"
pumpsignals1,2022-11-08,04:14:33,ğŸ”¸SOLUSDT BUY signal timeframe : 60 price : 26.68 USD,"['ğŸ”¸SOLUSDT', 'BUY', 'signal', 'timeframe', '60', 'price', '26.68', 'USD']"
pumpsignals1,2022-11-08,04:17:19,ğŸ”¸DOGEUSDT BUY signal timeframe : 5 price : 0.09848 USD,"['ğŸ”¸DOGEUSDT', 'BUY', 'signal', 'timeframe', '5', 'price', '0.09848', 'USD']"
pumpsignals1,2022-11-08,04:25:01,ğŸ”¸ETHPERP Bull signal timeframe : 5 price : 1474.55 USD,"['ğŸ”¸ETHPERP', 'Bull', 'signal', 'timeframe', '5', 'price', '1474.55', 'USD']"
pumpsignals1,2022-11-08,04:30:04,ğŸ”¸ETHPERP Bull signal timeframe : 5 price : 1482.47 USD,"['ğŸ”¸ETHPERP', 'Bull', 'signal', 'timeframe', '5', 'price', '1482.47', 'USD']"
pumpsignals1,2022-11-08,04:35:01,ğŸ”¸BTCPERP Bull signal timeframe : 5 price : 19691 USD,"['ğŸ”¸BTCPERP', 'Bull', 'signal', 'timeframe', '5', 'price', '19691', 'USD']"
pumpsignals1,2022-11-08,04:50:03,ğŸ”¸BTCPERP Bull signal timeframe : 5 price : 19705 USD,"['ğŸ”¸BTCPERP', 'Bull', 'signal', 'timeframe', '5', 'price', '19705', 'USD']"
pumpsignals1,2022-11-08,05:05:01,ğŸ”¸ETHPERP Bull signal timeframe : 5 price : 1472.91 USD,"['ğŸ”¸ETHPERP', 'Bull', 'signal', 'timeframe', '5', 'price', '1472.91', 'USD']"
pumpsignals1,2022-11-08,05:05:01,ğŸ”¸BTCPERP Bull signal timeframe : 5 price : 19703.1 USD,"['ğŸ”¸BTCPERP', 'Bull', 'signal', 'timeframe', '5', 'price', '19703.1', 'USD']"
pumpsignals1,2022-11-08,05:10:02,ğŸ”¸ETHPERP Bull signal timeframe : 5 price : 1466.07 USD,"['ğŸ”¸ETHPERP', 'Bull', 'signal', 'timeframe', '5', 'price', '1466.07', 'USD']"
pumpsignals1,2022-11-08,05:15:03,ğŸ”¸BTCPERP Bull signal timeframe : 5 price : 19548.5 USD,"['ğŸ”¸BTCPERP', 'Bull', 'signal', 'timeframe', '5', 'price', '19548.5', 'USD']"
pumpsignals1,2022-11-08,05:20:01,ğŸ”¸BTCPERP Bull signal timeframe : 5 price : 19577.1 USD,"['ğŸ”¸BTCPERP', 'Bull', 'signal', 'timeframe', '5', 'price', '19577.1', 'USD']"
pumpsignals1,2022-11-08,05:21:13,ğŸ”¸SOLUSDT BUY signal timeframe : 60 price : 25.96 USD,"['ğŸ”¸SOLUSDT', 'BUY', 'signal', 'timeframe', '60', 'price', '25.96', 'USD']"
pumpsignals1,2022-11-08,05:30:04,ğŸ”¸BTCPERP Bull signal timeframe : 5 price : 19526.8 USD,"['ğŸ”¸BTCPERP', 'Bull', 'signal', 'timeframe', '5', 'price', '19526.8', 'USD']"
pumpsignals1,2022-11-08,05:40:02,ğŸ”¸BTCPERP Bull signal timeframe : 5 price : 19653.1 USD,"['ğŸ”¸BTCPERP', 'Bull', 'signal', 'timeframe', '5', 'price', '19653.1', 'USD']"
pumpsignals1,2022-11-08,05:40:02,ğŸ”¸ETHPERP Bull signal timeframe : 5 price : 1464.16 USD,"['ğŸ”¸ETHPERP', 'Bull', 'signal', 'timeframe', '5', 'price', '1464.16', 'USD']"
pumpsignals1,2022-11-08,06:00:04,ğŸ”¸SOLUSDT BUY signal timeframe : 60 price : 26.17 USD,"['ğŸ”¸SOLUSDT', 'BUY', 'signal', 'timeframe', '60', 'price', '26.17', 'USD']"
pumpsignals1,2022-11-08,14:05:04,ğŸ”¸BTCPERP Bull signal timeframe : 5 price : 19604.7 USD,"['ğŸ”¸BTCPERP', 'Bull', 'signal', 'timeframe', '5', 'price', '19604.7', 'USD']"
pumpsignals1,2022-11-08,14:25:02,ğŸ”¸BTCPERP Bull signal timeframe : 5 price : 19557.9 USD,"['ğŸ”¸BTCPERP', 'Bull', 'signal', 'timeframe', '5', 'price', '19557.9', 'USD']"
pumpsignals1,2022-11-08,14:35:02,ğŸ”¸ETHPERP Bull signal timeframe : 5 price : 1457.1 USD,"['ğŸ”¸ETHPERP', 'Bull', 'signal', 'timeframe', '5', 'price', '1457.1', 'USD']"
pumpsignals1,2022-11-08,14:45:02,ğŸ”¸BTCPERP Bull signal timeframe : 5 price : 19398.2 USD,"['ğŸ”¸BTCPERP', 'Bull', 'signal', 'timeframe', '5', 'price', '19398.2', 'USD']"
pumpsignals1,2022-11-08,14:55:02,ğŸ”¸BTCPERP Bull signal timeframe : 5 price : 19505.5 USD,"['ğŸ”¸BTCPERP', 'Bull', 'signal', 'timeframe', '5', 'price', '19505.5', 'USD']"
pumpsignals1,2022-11-08,14:55:03,ğŸ”¸ETHPERP Bull signal timeframe : 5 price : 1451.95 USD,"['ğŸ”¸ETHPERP', 'Bull', 'signal', 'timeframe', '5', 'price', '1451.95', 'USD']"
pumpsignals1,2022-11-08,15:00:04,ğŸ”¸ETHPERP Bull signal timeframe : 5 price : 1443.74 USD,"['ğŸ”¸ETHPERP', 'Bull', 'signal', 'timeframe', '5', 'price', '1443.74', 'USD']"
pumpsignals1,2022-11-08,15:00:07,ğŸ”¸BTCPERP Bull signal timeframe : 5 price : 19414 USD,"['ğŸ”¸BTCPERP', 'Bull', 'signal', 'timeframe', '5', 'price', '19414', 'USD']"
pumpsignals1,2022-11-08,15:35:01,ğŸ”¸ETHPERP Bull signal timeframe : 5 price : 1436.12 USD,"['ğŸ”¸ETHPERP', 'Bull', 'signal', 'timeframe', '5', 'price', '1436.12', 'USD']"
pumpsignals1,2022-11-08,15:35:01,ğŸ”¸BTCPERP Bull signal timeframe : 5 price : 19328 USD,"['ğŸ”¸BTCPERP', 'Bull', 'signal', 'timeframe', '5', 'price', '19328', 'USD']"
pumpsignals1,2022-11-08,15:40:02,ğŸ”¸ETHPERP Bull signal timeframe : 5 price : 1438.8 USD,"['ğŸ”¸ETHPERP', 'Bull', 'signal', 'timeframe', '5', 'price', '1438.8', 'USD']"
pumpsignals1,2022-11-08,15:40:02,ğŸ”¸BTCPERP Bull signal timeframe : 5 price : 19335.2 USD,"['ğŸ”¸BTCPERP', 'Bull', 'signal', 'timeframe', '5', 'price', '19335.2', 'USD']"
pumpsignals1,2022-11-08,16:00:01,ğŸ”¸BTCUSDT Bull signal timeframe : 60 price : 19520.97 USD,"['ğŸ”¸BTCUSDT', 'Bull', 'signal', 'timeframe', '60', 'price', '19520.97', 'USD']"
pumpsignals1,2022-11-08,16:00:03,ğŸ”¸DOGEUSDT Bull signal timeframe : 60 price : 0.09941 USD,"['ğŸ”¸DOGEUSDT', 'Bull', 'signal', 'timeframe', '60', 'price', '0.09941', 'USD']"
pumpsignals1,2022-11-08,16:12:02,ğŸ”¸BNBUSDT SELL signal timeframe : 60 price : 361.4 USD,"['ğŸ”¸BNBUSDT', 'SELL', 'signal', 'timeframe', '60', 'price', '361.4', 'USD']"
pumpsignals1,2022-11-08,17:03:32,ğŸ”¸BNBUSDT SELL signal timeframe : 60 price : 375.4 USD,"['ğŸ”¸BNBUSDT', 'SELL', 'signal', 'timeframe', '60', 'price', '375.4', 'USD']"
pumpsignals1,2022-11-08,18:06:02,ğŸ”¸DOGEUSDT BUY signal timeframe : 5 price : 0.09501 USD,"['ğŸ”¸DOGEUSDT', 'BUY', 'signal', 'timeframe', '5', 'price', '0.09501', 'USD']"
pumpsignals1,2022-11-08,18:07:27,ğŸ”¸SOLUSDT BUY signal timeframe : 60 price : 23.86 USD,"['ğŸ”¸SOLUSDT', 'BUY', 'signal', 'timeframe', '60', 'price', '23.86', 'USD']"
pumpsignals1,2022-11-08,18:12:56,ğŸ”¸DOGEUSDT BUY signal timeframe : 5 price : 0.09465 USD,"['ğŸ”¸DOGEUSDT', 'BUY', 'signal', 'timeframe', '5', 'price', '0.09465', 'USD']"
pumpsignals1,2022-11-08,18:15:02,ğŸ”¸BTCPERP Bull signal timeframe : 5 price : 19010.5 USD,"['ğŸ”¸BTCPERP', 'Bull', 'signal', 'timeframe', '5', 'price', '19010.5', 'USD']"
pumpsignals1,2022-11-08,18:15:05,ğŸ”¸ETHPERP Bull signal timeframe : 5 price : 1410.97 USD,"['ğŸ”¸ETHPERP', 'Bull', 'signal', 'timeframe', '5', 'price', '1410.97', 'USD']"
pumpsignals1,2022-11-08,18:19:52,ğŸ”¸DOGEUSDT BUY signal timeframe : 5 price : 0.09202 USD,"['ğŸ”¸DOGEUSDT', 'BUY', 'signal', 'timeframe', '5', 'price', '0.09202', 'USD']"
pumpsignals1,2022-11-08,18:21:10,ğŸ”¸DOGEUSDT BUY signal timeframe : 5 price : 0.089 USD,"['ğŸ”¸DOGEUSDT', 'BUY', 'signal', 'timeframe', '5', 'price', '0.089', 'USD']"
pumpsignals1,2022-11-08,18:25:01,ğŸ”¸BTCPERP Bull signal timeframe : 5 price : 18775.7 USD,"['ğŸ”¸BTCPERP', 'Bull', 'signal', 'timeframe', '5', 'price', '18775.7', 'USD']"
pumpsignals1,2022-11-08,18:25:03,ğŸ”¸ETHPERP Bull signal timeframe : 5 price : 1379.7 USD,"['ğŸ”¸ETHPERP', 'Bull', 'signal', 'timeframe', '5', 'price', '1379.7', 'USD']"
pumpsignals1,2022-11-08,18:30:01,ğŸ”¸DOGEUSDT LONG signal timeframe : 5 price : 0.09401 USD,"['ğŸ”¸DOGEUSDT', 'LONG', 'signal', 'timeframe', '5', 'price', '0.09401', 'USD']"
pumpsignals1,2022-11-08,18:35:02,ğŸ”¸BTCPERP Bull signal timeframe : 5 price : 18965.9 USD,"['ğŸ”¸BTCPERP', 'Bull', 'signal', 'timeframe', '5', 'price', '18965.9', 'USD']"
pumpsignals1,2022-11-08,18:35:02,ğŸ”¸ETHPERP Bull signal timeframe : 5 price : 1390.89 USD,"['ğŸ”¸ETHPERP', 'Bull', 'signal', 'timeframe', '5', 'price', '1390.89', 'USD']"
pumpsignals1,2022-11-08,18:50:02,ğŸ”¸ETHPERP Bull signal timeframe : 5 price : 1376.63 USD,"['ğŸ”¸ETHPERP', 'Bull', 'signal', 'timeframe', '5', 'price', '1376.63', 'USD']"
pumpsignals1,2022-11-08,19:05:01,ğŸ”¸BTCPERP Bull signal timeframe : 5 price : 18641.3 USD,"['ğŸ”¸BTCPERP', 'Bull', 'signal', 'timeframe', '5', 'price', '18641.3', 'USD']"
pumpsignals1,2022-11-08,19:05:01,ğŸ”¸ETHPERP Bull signal timeframe : 5 price : 1353.15 USD,"['ğŸ”¸ETHPERP', 'Bull', 'signal', 'timeframe', '5', 'price', '1353.15', 'USD']"
pumpsignals1,2022-11-08,19:12:27,ğŸ”¸SOLUSDT BUY signal timeframe : 60 price : 23.96 USD,"['ğŸ”¸SOLUSDT', 'BUY', 'signal', 'timeframe', '60', 'price', '23.96', 'USD']"
pumpsignals1,2022-11-08,19:20:01,ğŸ”¸ETHPERP Bull signal timeframe : 5 price : 1341.1 USD,"['ğŸ”¸ETHPERP', 'Bull', 'signal', 'timeframe', '5', 'price', '1341.1', 'USD']"
pumpsignals1,2022-11-08,19:20:02,ğŸ”¸BTCPERP Bull signal timeframe : 5 price : 18530 USD,"['ğŸ”¸BTCPERP', 'Bull', 'signal', 'timeframe', '5', 'price', '18530', 'USD']"
pumpsignals1,2022-11-08,19:22:35,ğŸ”¸DOGEUSDT BUY signal timeframe : 5 price : 0.08544 USD,"['ğŸ”¸DOGEUSDT', 'BUY', 'signal', 'timeframe', '5', 'price', '0.08544', 'USD']"
pumpsignals1,2022-11-08,19:24:51,ğŸ”¸XRPUSDT BUY signal timeframe : 60 price : 0.3855 USD,"['ğŸ”¸XRPUSDT', 'BUY', 'signal', 'timeframe', '60', 'price', '0.3855', 'USD']"
pumpsignals1,2022-11-08,19:26:37,ğŸ”¸XMRUSDT Bull signal timeframe : 60 price : 132.5 USD,"['ğŸ”¸XMRUSDT', 'Bull', 'signal', 'timeframe', '60', 'price', '132.5', 'USD']"
pumpsignals1,2022-11-08,19:26:38,ğŸ”¸DOGEUSDT BUY signal timeframe : 5 price : 0.08134 USD,"['ğŸ”¸DOGEUSDT', 'BUY', 'signal', 'timeframe', '5', 'price', '0.08134', 'USD']"
pumpsignals1,2022-11-08,19:31:26,ğŸ”¸DOGEUSDT BUY signal timeframe : 5 price : 0.07907 USD,"['ğŸ”¸DOGEUSDT', 'BUY', 'signal', 'timeframe', '5', 'price', '0.07907', 'USD']"
pumpsignals1,2022-11-08,19:35:02,ğŸ”¸BTCPERP Bull signal timeframe : 5 price : 18083.5 USD,"['ğŸ”¸BTCPERP', 'Bull', 'signal', 'timeframe', '5', 'price', '18083.5', 'USD']"
pumpsignals1,2022-11-08,19:45:04,ğŸ”¸ETHPERP Bull signal timeframe : 5 price : 1316.95 USD,"['ğŸ”¸ETHPERP', 'Bull', 'signal', 'timeframe', '5', 'price', '1316.95', 'USD']"
pumpsignals1,2022-11-08,19:45:05,ğŸ”¸BTCPERP Bull signal timeframe : 5 price : 18177.6 USD,"['ğŸ”¸BTCPERP', 'Bull', 'signal', 'timeframe', '5', 'price', '18177.6', 'USD']"
pumpsignals1,2022-11-08,20:00:00,ğŸ”¸SOLUSDT BUY signal timeframe : 60 price : 23.77 USD,"['ğŸ”¸SOLUSDT', 'BUY', 'signal', 'timeframe', '60', 'price', '23.77', 'USD']"
pumpsignals1,2022-11-08,20:00:01,ğŸ”¸XRPUSDT BUY signal timeframe : 60 price : 0.3951 USD,"['ğŸ”¸XRPUSDT', 'BUY', 'signal', 'timeframe', '60', 'price', '0.3951', 'USD']"
pumpsignals1,2022-11-08,20:16:30,ğŸ”¸XMRUSDT Bull signal timeframe : 60 price : 134.4 USD,"['ğŸ”¸XMRUSDT', 'Bull', 'signal', 'timeframe', '60', 'price', '134.4', 'USD']"
pumpsignals1,2022-11-08,21:00:05,ğŸ”¸XRPUSDT BUY signal timeframe : 60 price : 0.396 USD,"['ğŸ”¸XRPUSDT', 'BUY', 'signal', 'timeframe', '60', 'price', '0.396', 'USD']"
pumpsignals1,2022-11-08,21:00:05,ğŸ”¸SOLUSDT BUY signal timeframe : 60 price : 23.71 USD,"['ğŸ”¸SOLUSDT', 'BUY', 'signal', 'timeframe', '60', 'price', '23.71', 'USD']"
pumpsignals1,2022-11-08,22:00:15,ğŸ”¸SOLUSDT BUY signal timeframe : 60 price : 23.78 USD,"['ğŸ”¸SOLUSDT', 'BUY', 'signal', 'timeframe', '60', 'price', '23.78', 'USD']"
pumpsignals1,2022-11-08,22:00:46,ğŸ”¸XRPUSDT BUY signal timeframe : 60 price : 0.4036 USD,"['ğŸ”¸XRPUSDT', 'BUY', 'signal', 'timeframe', '60', 'price', '0.4036', 'USD']"
pumpsignals1,2022-11-08,23:00:00,ğŸ”¸SOLUSDT BUY signal timeframe : 60 price : 23.51 USD,"['ğŸ”¸SOLUSDT', 'BUY', 'signal', 'timeframe', '60', 'price', '23.51', 'USD']"
pumpsignals1,2022-11-08,23:00:01,ğŸ”¸XRPUSDT BUY signal timeframe : 60 price : 0.4 USD,"['ğŸ”¸XRPUSDT', 'BUY', 'signal', 'timeframe', '60', 'price', '0.4', 'USD']"
pumpsignals1,2022-11-09,01:28:33,ğŸ”¸XRPUSDT BUY signal timeframe : 60 price : 0.3964 USD,"['ğŸ”¸XRPUSDT', 'BUY', 'signal', 'timeframe', '60', 'price', '0.3964', 'USD']"
pumpsignals1,2022-11-09,01:57:58,ğŸ”¸SOLUSDT BUY signal timeframe : 60 price : 22.76 USD,"['ğŸ”¸SOLUSDT', 'BUY', 'signal', 'timeframe', '60', 'price', '22.76', 'USD']"
pumpsignals1,2022-11-09,02:00:01,ğŸ”¸SOLUSDT BUY signal timeframe : 60 price : 22.68 USD,"['ğŸ”¸SOLUSDT', 'BUY', 'signal', 'timeframe', '60', 'price', '22.68', 'USD']"
pumpsignals1,2022-11-09,02:00:03,ğŸ”¸XRPUSDT BUY signal timeframe : 60 price : 0.3937 USD,"['ğŸ”¸XRPUSDT', 'BUY', 'signal', 'timeframe', '60', 'price', '0.3937', 'USD']"
pumpsignals1,2022-11-09,03:00:04,ğŸ”¸SOLUSDT BUY signal timeframe : 60 price : 22.01 USD,"['ğŸ”¸SOLUSDT', 'BUY', 'signal', 'timeframe', '60', 'price', '22.01', 'USD']"
pumpsignals1,2022-11-09,03:00:06,ğŸ”¸XRPUSDT BUY signal timeframe : 60 price : 0.3855 USD,"['ğŸ”¸XRPUSDT', 'BUY', 'signal', 'timeframe', '60', 'price', '0.3855', 'USD']"
pumpsignals1,2022-11-09,03:20:02,ğŸ”¸BTCPERP Bull signal timeframe : 5 price : 18193.7 USD,"['ğŸ”¸BTCPERP', 'Bull', 'signal', 'timeframe', '5', 'price', '18193.7', 'USD']"
pumpsignals1,2022-11-09,03:20:02,ğŸ”¸ETHPERP Bull signal timeframe : 5 price : 1300.59 USD,"['ğŸ”¸ETHPERP', 'Bull', 'signal', 'timeframe', '5', 'price', '1300.59', 'USD']"
pumpsignals1,2022-11-09,04:00:01,ğŸ”¸BTCUSDT Bull signal timeframe : 60 price : 18313.68 USD,"['ğŸ”¸BTCUSDT', 'Bull', 'signal', 'timeframe', '60', 'price', '18313.68', 'USD']"
pumpsignals1,2022-11-09,04:00:01,ğŸ”¸ETHUSDT Bull signal timeframe : 60 price : 1312.39 USD,"['ğŸ”¸ETHUSDT', 'Bull', 'signal', 'timeframe', '60', 'price', '1312.39', 'USD']"
pumpsignals1,2022-11-09,04:00:01,ğŸ”¸DOGEUSDT Bull signal timeframe : 60 price : 0.08515 USD,"['ğŸ”¸DOGEUSDT', 'Bull', 'signal', 'timeframe', '60', 'price', '0.08515', 'USD']"
pumpsignals1,2022-11-09,04:00:03,ğŸ”¸XRPUSDT BUY signal timeframe : 60 price : 0.3892 USD,"['ğŸ”¸XRPUSDT', 'BUY', 'signal', 'timeframe', '60', 'price', '0.3892', 'USD']"
pumpsignals1,2022-11-09,04:00:06,ğŸ”¸SOLUSDT BUY signal timeframe : 60 price : 22.11 USD,"['ğŸ”¸SOLUSDT', 'BUY', 'signal', 'timeframe', '60', 'price', '22.11', 'USD']"
pumpsignals1,2022-11-09,05:00:01,ğŸ”¸SOLUSDT BUY signal timeframe : 60 price : 21.74 USD,"['ğŸ”¸SOLUSDT', 'BUY', 'signal', 'timeframe', '60', 'price', '21.74', 'USD']"
pumpsignals1,2022-11-09,05:00:02,ğŸ”¸DOGEUSDT Bull signal timeframe : 60 price : 0.08625 USD,"['ğŸ”¸DOGEUSDT', 'Bull', 'signal', 'timeframe', '60', 'price', '0.08625', 'USD']"
pumpsignals1,2022-11-09,05:00:04,ğŸ”¸XRPUSDT BUY signal timeframe : 60 price : 0.3881 USD,"['ğŸ”¸XRPUSDT', 'BUY', 'signal', 'timeframe', '60', 'price', '0.3881', 'USD']"
pumpsignals1,2022-11-09,06:00:01,ğŸ”¸SOLUSDT BUY signal timeframe : 60 price : 20.5 USD,"['ğŸ”¸SOLUSDT', 'BUY', 'signal', 'timeframe', '60', 'price', '20.5', 'USD']"
pumpsignals1,2022-11-09,06:00:01,ğŸ”¸XRPUSDT BUY signal timeframe : 60 price : 0.3851 USD,"['ğŸ”¸XRPUSDT', 'BUY', 'signal', 'timeframe', '60', 'price', '0.3851', 'USD']"
pumpsignals1,2022-11-09,06:00:01,ğŸ”¸ETHUSDT Bull signal timeframe : 60 price : 1302.81 USD,"['ğŸ”¸ETHUSDT', 'Bull', 'signal', 'timeframe', '60', 'price', '1302.81', 'USD']"
pumpsignals1,2022-11-09,06:00:02,ğŸ”¸DOGEUSDT Bull signal timeframe : 60 price : 0.08776 USD,"['ğŸ”¸DOGEUSDT', 'Bull', 'signal', 'timeframe', '60', 'price', '0.08776', 'USD']"
pumpsignals1,2022-11-09,07:00:00,ğŸ”¸BTCUSDT Bull signal timeframe : 60 price : 18304.35 USD,"['ğŸ”¸BTCUSDT', 'Bull', 'signal', 'timeframe', '60', 'price', '18304.35', 'USD']"
pumpsignals1,2022-11-09,07:00:01,ğŸ”¸SOLUSDT BUY signal timeframe : 60 price : 20.14 USD,"['ğŸ”¸SOLUSDT', 'BUY', 'signal', 'timeframe', '60', 'price', '20.14', 'USD']"
pumpsignals1,2022-11-09,07:00:01,ğŸ”¸ETHUSDT Bull signal timeframe : 60 price : 1294.32 USD,"['ğŸ”¸ETHUSDT', 'Bull', 'signal', 'timeframe', '60', 'price', '1294.32', 'USD']"
pumpsignals1,2022-11-09,07:48:22,ğŸ”¸XRPUSDT BUY signal timeframe : 60 price : 0.3858 USD,"['ğŸ”¸XRPUSDT', 'BUY', 'signal', 'timeframe', '60', 'price', '0.3858', 'USD']"
pumpsignals1,2022-11-09,07:55:00,ğŸ”¸ETHPERP Bull signal timeframe : 5 price : 1272.7 USD,"['ğŸ”¸ETHPERP', 'Bull', 'signal', 'timeframe', '5', 'price', '1272.7', 'USD']"
pumpsignals1,2022-11-09,08:00:01,ğŸ”¸BTCUSDT Bull signal timeframe : 60 price : 18240.72 USD,"['ğŸ”¸BTCUSDT', 'Bull', 'signal', 'timeframe', '60', 'price', '18240.72', 'USD']"
pumpsignals1,2022-11-09,08:00:01,ğŸ”¸SOLUSDT BUY signal timeframe : 60 price : 19.29 USD,"['ğŸ”¸SOLUSDT', 'BUY', 'signal', 'timeframe', '60', 'price', '19.29', 'USD']"
pumpsignals1,2022-11-09,08:00:03,ğŸ”¸ETHUSDT Bull signal timeframe : 60 price : 1274.35 USD,"['ğŸ”¸ETHUSDT', 'Bull', 'signal', 'timeframe', '60', 'price', '1274.35', 'USD']"
pumpsignals1,2022-11-09,08:00:15,ğŸ”¸XRPUSDT BUY signal timeframe : 60 price : 0.3859 USD,"['ğŸ”¸XRPUSDT', 'BUY', 'signal', 'timeframe', '60', 'price', '0.3859', 'USD']"
pumpsignals1,2022-11-09,08:10:02,ğŸ”¸ETHPERP Bull signal timeframe : 5 price : 1265.81 USD,"['ğŸ”¸ETHPERP', 'Bull', 'signal', 'timeframe', '5', 'price', '1265.81', 'USD']"
pumpsignals1,2022-11-09,08:20:01,ğŸ”¸ETHPERP Bull signal timeframe : 5 price : 1265.37 USD,"['ğŸ”¸ETHPERP', 'Bull', 'signal', 'timeframe', '5', 'price', '1265.37', 'USD']"
pumpsignals1,2022-11-09,08:30:03,ğŸ”¸ETHPERP Bull signal timeframe : 5 price : 1261.51 USD,"['ğŸ”¸ETHPERP', 'Bull', 'signal', 'timeframe', '5', 'price', '1261.51', 'USD']"
pumpsignals1,2022-11-09,08:30:04,ğŸ”¸BTCPERP Bull signal timeframe : 5 price : 18119.2 USD,"['ğŸ”¸BTCPERP', 'Bull', 'signal', 'timeframe', '5', 'price', '18119.2', 'USD']"
pumpsignals1,2022-11-09,08:40:02,ğŸ”¸ETHPERP Bull signal timeframe : 5 price : 1252.94 USD,"['ğŸ”¸ETHPERP', 'Bull', 'signal', 'timeframe', '5', 'price', '1252.94', 'USD']"
pumpsignals1,2022-11-09,09:00:03,ğŸ”¸SOLUSDT BUY signal timeframe : 60 price : 18.51 USD,"['ğŸ”¸SOLUSDT', 'BUY', 'signal', 'timeframe', '60', 'price', '18.51', 'USD']"
pumpsignals1,2022-11-09,09:00:03,ğŸ”¸ETHUSDT Bull signal timeframe : 60 price : 1263.59 USD,"['ğŸ”¸ETHUSDT', 'Bull', 'signal', 'timeframe', '60', 'price', '1263.59', 'USD']"
pumpsignals1,2022-11-09,09:00:04,ğŸ”¸XRPUSDT BUY signal timeframe : 60 price : 0.3776 USD,"['ğŸ”¸XRPUSDT', 'BUY', 'signal', 'timeframe', '60', 'price', '0.3776', 'USD']"
pumpsignals1,2022-11-09,09:25:01,ğŸ”¸ETHPERP Bull signal timeframe : 5 price : 1249.21 USD,"['ğŸ”¸ETHPERP', 'Bull', 'signal', 'timeframe', '5', 'price', '1249.21', 'USD']"
pumpsignals1,2022-11-09,09:25:01,ğŸ”¸BTCPERP Bull signal timeframe : 5 price : 18046.7 USD,"['ğŸ”¸BTCPERP', 'Bull', 'signal', 'timeframe', '5', 'price', '18046.7', 'USD']"
pumpsignals1,2022-11-09,10:00:02,ğŸ”¸SOLUSDT BUY signal timeframe : 60 price : 17.33 USD,"['ğŸ”¸SOLUSDT', 'BUY', 'signal', 'timeframe', '60', 'price', '17.33', 'USD']"
pumpsignals1,2022-11-09,10:00:04,ğŸ”¸ETHPERP Bull signal timeframe : 5 price : 1213.49 USD,"['ğŸ”¸ETHPERP', 'Bull', 'signal', 'timeframe', '5', 'price', '1213.49', 'USD']"
pumpsignals1,2022-11-09,10:00:05,ğŸ”¸BTCPERP Bull signal timeframe : 5 price : 17735 USD,"['ğŸ”¸BTCPERP', 'Bull', 'signal', 'timeframe', '5', 'price', '17735', 'USD']"
pumpsignals1,2022-11-09,10:00:05,ğŸ”¸XRPUSDT BUY signal timeframe : 60 price : 0.3663 USD,"['ğŸ”¸XRPUSDT', 'BUY', 'signal', 'timeframe', '60', 'price', '0.3663', 'USD']"
pumpsignals1,2022-11-09,10:05:01,ğŸ”¸ETHPERP Bull signal timeframe : 5 price : 1208.94 USD,"['ğŸ”¸ETHPERP', 'Bull', 'signal', 'timeframe', '5', 'price', '1208.94', 'USD']"
pumpsignals1,2022-11-09,10:25:00,ğŸ”¸ETHPERP Bull signal timeframe : 5 price : 1166.41 USD,"['ğŸ”¸ETHPERP', 'Bull', 'signal', 'timeframe', '5', 'price', '1166.41', 'USD']"
pumpsignals1,2022-11-09,10:25:01,ğŸ”¸BTCPERP Bull signal timeframe : 5 price : 17435.2 USD,"['ğŸ”¸BTCPERP', 'Bull', 'signal', 'timeframe', '5', 'price', '17435.2', 'USD']"
pumpsignals1,2022-11-09,10:30:03,ğŸ”¸ETHPERP Bull signal timeframe : 5 price : 1167.02 USD,"['ğŸ”¸ETHPERP', 'Bull', 'signal', 'timeframe', '5', 'price', '1167.02', 'USD']"
pumpsignals1,2022-11-09,11:00:01,ğŸ”¸SOLUSDT BUY signal timeframe : 60 price : 17.67 USD,"['ğŸ”¸SOLUSDT', 'BUY', 'signal', 'timeframe', '60', 'price', '17.67', 'USD']"
pumpsignals1,2022-11-09,11:00:02,ğŸ”¸XRPUSDT BUY signal timeframe : 60 price : 0.3677 USD,"['ğŸ”¸XRPUSDT', 'BUY', 'signal', 'timeframe', '60', 'price', '0.3677', 'USD']"
pumpsignals1,2022-11-09,12:00:00,ğŸ”¸BTCUSDT Bull signal timeframe : 60 price : 17818.08 USD,"['ğŸ”¸BTCUSDT', 'Bull', 'signal', 'timeframe', '60', 'price', '17818.08', 'USD']"
pumpsignals1,2022-11-09,12:00:06,ğŸ”¸DOGEUSDT Bull signal timeframe : 60 price : 0.08666 USD,"['ğŸ”¸DOGEUSDT', 'Bull', 'signal', 'timeframe', '60', 'price', '0.08666', 'USD']"
pumpsignals1,2022-11-09,13:40:02,ğŸ”¸ETHPERP Bull signal timeframe : 5 price : 1205.76 USD,"['ğŸ”¸ETHPERP', 'Bull', 'signal', 'timeframe', '5', 'price', '1205.76', 'USD']"
pumpsignals1,2022-11-09,13:45:02,ğŸ”¸BTCPERP Bull signal timeframe : 5 price : 17588.3 USD,"['ğŸ”¸BTCPERP', 'Bull', 'signal', 'timeframe', '5', 'price', '17588.3', 'USD']"
pumpsignals1,2022-11-09,13:45:02,ğŸ”¸ETHPERP Bull signal timeframe : 5 price : 1221.53 USD,"['ğŸ”¸ETHPERP', 'Bull', 'signal', 'timeframe', '5', 'price', '1221.53', 'USD']"
pumpsignals1,2022-11-09,14:10:01,ğŸ”¸ETHPERP Bull signal timeframe : 5 price : 1211.38 USD,"['ğŸ”¸ETHPERP', 'Bull', 'signal', 'timeframe', '5', 'price', '1211.38', 'USD']"
pumpsignals1,2022-11-09,14:32:42,ğŸ”¸SOLUSDT BUY signal timeframe : 60 price : 17.94 USD,"['ğŸ”¸SOLUSDT', 'BUY', 'signal', 'timeframe', '60', 'price', '17.94', 'USD']"
pumpsignals1,2022-11-09,14:40:01,ğŸ”¸BTCPERP Bull signal timeframe : 5 price : 17439.5 USD,"['ğŸ”¸BTCPERP', 'Bull', 'signal', 'timeframe', '5', 'price', '17439.5', 'USD']"
pumpsignals1,2022-11-09,14:40:02,ğŸ”¸ETHPERP Bull signal timeframe : 5 price : 1199.27 USD,"['ğŸ”¸ETHPERP', 'Bull', 'signal', 'timeframe', '5', 'price', '1199.27', 'USD']"
pumpsignals1,2022-11-09,15:00:00,ğŸ”¸BTCUSDT Bull signal timeframe : 60 price : 17649.62 USD,"['ğŸ”¸BTCUSDT', 'Bull', 'signal', 'timeframe', '60', 'price', '17649.62', 'USD']"
pumpsignals1,2022-11-09,15:33:49,ğŸ”¸SOLUSDT BUY signal timeframe : 60 price : 17.97 USD,"['ğŸ”¸SOLUSDT', 'BUY', 'signal', 'timeframe', '60', 'price', '17.97', 'USD']"
pumpsignals1,2022-11-09,15:50:02,ğŸ”¸ETHPERP Bull signal timeframe : 5 price : 1175.84 USD,"['ğŸ”¸ETHPERP', 'Bull', 'signal', 'timeframe', '5', 'price', '1175.84', 'USD']"
pumpsignals1,2022-11-09,15:50:02,ğŸ”¸BTCPERP Bull signal timeframe : 5 price : 17247.1 USD,"['ğŸ”¸BTCPERP', 'Bull', 'signal', 'timeframe', '5', 'price', '17247.1', 'USD']"
pumpsignals1,2022-11-09,16:00:00,ğŸ”¸SOLUSDT BUY signal timeframe : 60 price : 16.08 USD,"['ğŸ”¸SOLUSDT', 'BUY', 'signal', 'timeframe', '60', 'price', '16.08', 'USD']"
pumpsignals1,2022-11-09,16:05:01,ğŸ”¸ETHPERP Bull signal timeframe : 5 price : 1181.57 USD,"['ğŸ”¸ETHPERP', 'Bull', 'signal', 'timeframe', '5', 'price', '1181.57', 'USD']"
pumpsignals1,2022-11-09,16:05:01,ğŸ”¸BTCPERP Bull signal timeframe : 5 price : 17205.4 USD,"['ğŸ”¸BTCPERP', 'Bull', 'signal', 'timeframe', '5', 'price', '17205.4', 'USD']"
pumpsignals1,2022-11-09,16:30:03,ğŸ”¸BTCPERP Bull signal timeframe : 5 price : 17036.8 USD,"['ğŸ”¸BTCPERP', 'Bull', 'signal', 'timeframe', '5', 'price', '17036.8', 'USD']"
pumpsignals1,2022-11-09,17:00:01,ğŸ”¸SOLUSDT BUY signal timeframe : 60 price : 16.64 USD,"['ğŸ”¸SOLUSDT', 'BUY', 'signal', 'timeframe', '60', 'price', '16.64', 'USD']"
pumpsignals1,2022-11-09,17:35:02,ğŸ”¸BTCPERP Bull signal timeframe : 5 price : 17007.1 USD,"['ğŸ”¸BTCPERP', 'Bull', 'signal', 'timeframe', '5', 'price', '17007.1', 'USD']"
pumpsignals1,2022-11-09,18:00:02,ğŸ”¸SOLUSDT BUY signal timeframe : 60 price : 14.58 USD,"['ğŸ”¸SOLUSDT', 'BUY', 'signal', 'timeframe', '60', 'price', '14.58', 'USD']"
pumpsignals1,2022-11-09,18:20:02,ğŸ”¸BTCPERP Bull signal timeframe : 5 price : 16771.7 USD,"['ğŸ”¸BTCPERP', 'Bull', 'signal', 'timeframe', '5', 'price', '16771.7', 'USD']"
pumpsignals1,2022-11-09,18:35:35,ğŸ”¸AVAXUSDT BUY signal timeframe : 60 price : 13.01 USD,"['ğŸ”¸AVAXUSDT', 'BUY', 'signal', 'timeframe', '60', 'price', '13.01', 'USD']"
pumpsignals1,2022-11-09,18:50:02,ğŸ”¸BTCPERP Bull signal timeframe : 5 price : 16685.1 USD,"['ğŸ”¸BTCPERP', 'Bull', 'signal', 'timeframe', '5', 'price', '16685.1', 'USD']"
pumpsignals1,2022-11-09,19:00:01,ğŸ”¸SOLUSDT BUY signal timeframe : 60 price : 14.26 USD,"['ğŸ”¸SOLUSDT', 'BUY', 'signal', 'timeframe', '60', 'price', '14.26', 'USD']"
pumpsignals1,2022-11-09,19:00:02,ğŸ”¸SOLUSDT BUY signal timeframe : 60 price : 14.27 USD,"['ğŸ”¸SOLUSDT', 'BUY', 'signal', 'timeframe', '60', 'price', '14.27', 'USD']"
pumpsignals1,2022-11-09,20:00:03,ğŸ”¸SOLUSDT BUY signal timeframe : 60 price : 13.85 USD,"['ğŸ”¸SOLUSDT', 'BUY', 'signal', 'timeframe', '60', 'price', '13.85', 'USD']"
pumpsignals1,2022-11-09,20:00:04,ğŸ”¸DOGEUSDT Bull signal timeframe : 60 price : 0.08339 USD,"['ğŸ”¸DOGEUSDT', 'Bull', 'signal', 'timeframe', '60', 'price', '0.08339', 'USD']"
pumpsignals1,2022-11-09,20:00:11,ğŸ”¸XMRUSDT Bull signal timeframe : 60 price : 126.7 USD,"['ğŸ”¸XMRUSDT', 'Bull', 'signal', 'timeframe', '60', 'price', '126.7', 'USD']"
pumpsignals1,2022-11-09,20:55:02,ğŸ”¸BTCPERP Bull signal timeframe : 5 price : 16266.5 USD,"['ğŸ”¸BTCPERP', 'Bull', 'signal', 'timeframe', '5', 'price', '16266.5', 'USD']"
pumpsignals1,2022-11-09,21:00:02,ğŸ”¸SOLUSDT BUY signal timeframe : 60 price : 13.47 USD,"['ğŸ”¸SOLUSDT', 'BUY', 'signal', 'timeframe', '60', 'price', '13.47', 'USD']"
pumpsignals1,2022-11-09,21:10:01,ğŸ”¸BTCPERP Bull signal timeframe : 5 price : 16099.8 USD,"['ğŸ”¸BTCPERP', 'Bull', 'signal', 'timeframe', '5', 'price', '16099.8', 'USD']"
pumpsignals1,2022-11-09,21:26:36,ğŸ”¸AVAXUSDT BUY signal timeframe : 60 price : 12.25 USD,"['ğŸ”¸AVAXUSDT', 'BUY', 'signal', 'timeframe', '60', 'price', '12.25', 'USD']"
pumpsignals1,2022-11-09,21:27:13,ğŸ”¸ADAUSDT BUY signal timeframe : 60 price : 0.316 USD,"['ğŸ”¸ADAUSDT', 'BUY', 'signal', 'timeframe', '60', 'price', '0.316', 'USD']"
pumpsignals1,2022-11-09,21:31:39,ğŸ”¸XMRUSDT Bull signal timeframe : 60 price : 119.1 USD,"['ğŸ”¸XMRUSDT', 'Bull', 'signal', 'timeframe', '60', 'price', '119.1', 'USD']"
pumpsignals1,2022-11-09,21:32:24,ğŸ”¸LTCUSDT BUY signal timeframe : 60 price : 49.38 USD,"['ğŸ”¸LTCUSDT', 'BUY', 'signal', 'timeframe', '60', 'price', '49.38', 'USD']"
pumpsignals1,2022-11-09,21:35:03,ğŸ”¸BTCPERP Bull signal timeframe : 5 price : 16158.7 USD,"['ğŸ”¸BTCPERP', 'Bull', 'signal', 'timeframe', '5', 'price', '16158.7', 'USD']"
pumpsignals1,2022-11-09,21:35:04,ğŸ”¸ETHPERP Bull signal timeframe : 5 price : 1140.41 USD,"['ğŸ”¸ETHPERP', 'Bull', 'signal', 'timeframe', '5', 'price', '1140.41', 'USD']"
pumpsignals1,2022-11-09,21:40:00,ğŸ”¸DOTUSDT BUY signal timeframe : 60 price : 5.51 USD,"['ğŸ”¸DOTUSDT', 'BUY', 'signal', 'timeframe', '60', 'price', '5.51', 'USD']"
pumpsignals1,2022-11-09,21:50:01,ğŸ”¸ETHPERP Bull signal timeframe : 5 price : 1115.3 USD,"['ğŸ”¸ETHPERP', 'Bull', 'signal', 'timeframe', '5', 'price', '1115.3', 'USD']"
pumpsignals1,2022-11-09,21:50:02,ğŸ”¸BTCPERP Bull signal timeframe : 5 price : 15867.7 USD,"['ğŸ”¸BTCPERP', 'Bull', 'signal', 'timeframe', '5', 'price', '15867.7', 'USD']"
pumpsignals1,2022-11-09,21:58:31,ğŸ”¸UNIUSDT BUY signal timeframe : 60 price : 4.79 USD,"['ğŸ”¸UNIUSDT', 'BUY', 'signal', 'timeframe', '60', 'price', '4.79', 'USD']"
pumpsignals1,2022-11-09,22:00:03,ğŸ”¸SOLUSDT BUY signal timeframe : 60 price : 12.51 USD,"['ğŸ”¸SOLUSDT', 'BUY', 'signal', 'timeframe', '60', 'price', '12.51', 'USD']"
pumpsignals1,2022-11-09,22:05:01,ğŸ”¸BTCPERP Bull signal timeframe : 5 price : 15788.2 USD,"['ğŸ”¸BTCPERP', 'Bull', 'signal', 'timeframe', '5', 'price', '15788.2', 'USD']"
pumpsignals1,2022-11-09,22:05:03,ğŸ”¸ETHPERP Bull signal timeframe : 5 price : 1112.01 USD,"['ğŸ”¸ETHPERP', 'Bull', 'signal', 'timeframe', '5', 'price', '1112.01', 'USD']"
pumpsignals1,2022-11-09,22:15:01,ğŸ”¸ETHPERP Bull signal timeframe : 5 price : 1116.5 USD,"['ğŸ”¸ETHPERP', 'Bull', 'signal', 'timeframe', '5', 'price', '1116.5', 'USD']"
pumpsignals1,2022-11-09,22:15:02,ğŸ”¸BTCPERP Bull signal timeframe : 5 price : 15701.8 USD,"['ğŸ”¸BTCPERP', 'Bull', 'signal', 'timeframe', '5', 'price', '15701.8', 'USD']"
pumpsignals1,2022-11-09,22:25:01,ğŸ”¸BTCPERP Bull signal timeframe : 5 price : 15869.7 USD,"['ğŸ”¸BTCPERP', 'Bull', 'signal', 'timeframe', '5', 'price', '15869.7', 'USD']"
pumpsignals1,2022-11-09,23:00:01,ğŸ”¸SOLUSDT BUY signal timeframe : 60 price : 14.22 USD,"['ğŸ”¸SOLUSDT', 'BUY', 'signal', 'timeframe', '60', 'price', '14.22', 'USD']"
pumpsignals1,2022-11-09,23:00:04,ğŸ”¸DOGEUSDT Bull signal timeframe : 60 price : 0.07307 USD,"['ğŸ”¸DOGEUSDT', 'Bull', 'signal', 'timeframe', '60', 'price', '0.07307', 'USD']"
pumpsignals1,2022-11-09,23:05:33,ğŸ”¸SOLUSDT BUY signal timeframe : 60 price : 13.73 USD,"['ğŸ”¸SOLUSDT', 'BUY', 'signal', 'timeframe', '60', 'price', '13.73', 'USD']"
pumpsignals1,2022-11-09,23:10:02,ğŸ”¸BTCPERP Bull signal timeframe : 5 price : 15891.7 USD,"['ğŸ”¸BTCPERP', 'Bull', 'signal', 'timeframe', '5', 'price', '15891.7', 'USD']"
pumpsignals1,2022-11-09,23:30:04,ğŸ”¸ETHPERP Bull signal timeframe : 5 price : 1084.75 USD,"['ğŸ”¸ETHPERP', 'Bull', 'signal', 'timeframe', '5', 'price', '1084.75', 'USD']"
pumpsignals1,2022-11-09,23:40:03,ğŸ”¸ETHPERP Bull signal timeframe : 5 price : 1084.19 USD,"['ğŸ”¸ETHPERP', 'Bull', 'signal', 'timeframe', '5', 'price', '1084.19', 'USD']"
pumpsignals1,2022-11-09,23:56:11,ğŸ”¸DOTUSDT BUY signal timeframe : 60 price : 5.41 USD,"['ğŸ”¸DOTUSDT', 'BUY', 'signal', 'timeframe', '60', 'price', '5.41', 'USD']"
pumpsignals1,2022-11-10,00:00:02,ğŸ”¸BTCUSDT Bull signal timeframe : 60 price : 15922.81 USD,"['ğŸ”¸BTCUSDT', 'Bull', 'signal', 'timeframe', '60', 'price', '15922.81', 'USD']"
pumpsignals1,2022-11-10,00:00:32,ğŸ”¸SOLUSDT BUY signal timeframe : 60 price : 13.75 USD,"['ğŸ”¸SOLUSDT', 'BUY', 'signal', 'timeframe', '60', 'price', '13.75', 'USD']"
pumpsignals1,2022-11-10,00:47:26,ğŸ”¸DOTUSDT BUY signal timeframe : 60 price : 5.42 USD,"['ğŸ”¸DOTUSDT', 'BUY', 'signal', 'timeframe', '60', 'price', '5.42', 'USD']"
pumpsignals1,2022-11-10,00:53:01,ğŸ”¸TRXUSDT BUY signal timeframe : 60 price : 0.05343 USD,"['ğŸ”¸TRXUSDT', 'BUY', 'signal', 'timeframe', '60', 'price', '0.05343', 'USD']"
pumpsignals1,2022-11-10,01:00:01,ğŸ”¸ETHUSDT Bull signal timeframe : 60 price : 1146.14 USD,"['ğŸ”¸ETHUSDT', 'Bull', 'signal', 'timeframe', '60', 'price', '1146.14', 'USD']"
pumpsignals1,2022-11-10,01:00:01,ğŸ”¸BTCUSDT Bull signal timeframe : 60 price : 16272.46 USD,"['ğŸ”¸BTCUSDT', 'Bull', 'signal', 'timeframe', '60', 'price', '16272.46', 'USD']"
pumpsignals1,2022-11-10,01:00:04,ğŸ”¸DOGEUSDT Bull signal timeframe : 60 price : 0.07749 USD,"['ğŸ”¸DOGEUSDT', 'Bull', 'signal', 'timeframe', '60', 'price', '0.07749', 'USD']"
pumpsignals1,2022-11-10,01:00:05,ğŸ”¸DOTUSDT BUY signal timeframe : 60 price : 5.51 USD,"['ğŸ”¸DOTUSDT', 'BUY', 'signal', 'timeframe', '60', 'price', '5.51', 'USD']"
pumpsignals1,2022-11-10,01:00:16,ğŸ”¸XMRUSDT Bull signal timeframe : 60 price : 122.4 USD,"['ğŸ”¸XMRUSDT', 'Bull', 'signal', 'timeframe', '60', 'price', '122.4', 'USD']"
pumpsignals1,2022-11-10,02:00:00,ğŸ”¸ETHUSDT Bull signal timeframe : 60 price : 1137.8 USD,"['ğŸ”¸ETHUSDT', 'Bull', 'signal', 'timeframe', '60', 'price', '1137.8', 'USD']"
pumpsignals1,2022-11-10,16:27:20,ğŸ”¸AVAXUSDT SELL signal timeframe : 60 price : 15.86 USD,"['ğŸ”¸AVAXUSDT', 'SELL', 'signal', 'timeframe', '60', 'price', '15.86', 'USD']"
pumpsignals1,2022-11-11,03:40:01,ğŸ”¸BTCPERP Bull signal timeframe : 5 price : 16947.2 USD,"['ğŸ”¸BTCPERP', 'Bull', 'signal', 'timeframe', '5', 'price', '16947.2', 'USD']"
pumpsignals1,2022-11-11,19:00:02,ğŸ”¸DOGEUSDT Bull signal timeframe : 60 price : 0.08286 USD,"['ğŸ”¸DOGEUSDT', 'Bull', 'signal', 'timeframe', '60', 'price', '0.08286', 'USD']"
pumpsignals1,2022-11-11,23:00:03,ğŸ”¸DOGEUSDT Bull signal timeframe : 60 price : 0.08391 USD,"['ğŸ”¸DOGEUSDT', 'Bull', 'signal', 'timeframe', '60', 'price', '0.08391', 'USD']"
pumpsignals1,2022-11-17,10:00:31,ğŸ”¸XMRUSDT Bear signal timeframe : 60 price : 132.2 USD,"['ğŸ”¸XMRUSDT', 'Bear', 'signal', 'timeframe', '60', 'price', '132.2', 'USD']"
