BitmexCourses,2022-09-17,04:41:52,#LINK #LINKUSDT (Binance)Buy Between 7.00 - 7.80targets 8.60 - 10 - 11 - 13 Stop Loss 6.20https://www.tradingview.com/x/7IJylz2L/ @BitmexCourses,"['LINK', 'LINKUSDT', 'BinanceBuy', 'Between', '7.00', '-', '7.80targets', '8.60', '-', '10', '-', '11', '-', '13', 'Stop', 'Loss', '6.20httpswww.tradingview.comx7IJylz2L', 'BitmexCourses']"
BitmexCourses,2022-09-23,04:37:27,#QNT #QNTUSDT (Binance)Buy Between 100 - 108Targets 117 - 132 - 145  - 160Stop Loss 88https://www.tradingview.com/x/xtwNpcEV/ @BitmexCourses,"['QNT', 'QNTUSDT', 'BinanceBuy', 'Between', '100', '-', '108Targets', '117', '-', '132', '-', '145', '-', '160Stop', 'Loss', '88httpswww.tradingview.comxxtwNpcEV', 'BitmexCourses']"
BitmexCourses,2022-09-23,05:35:33,#ROSE #ROSEUSDT (Binance)Buy Between 0.055 - 0.060Targets 0.066 - 0.072 - 0.078 - 0.088Stop Loss 0.47Leverage : 3xhttps://www.tradingview.com/x/2QnDBAOg/ @BitmexCourses,"['ROSE', 'ROSEUSDT', 'BinanceBuy', 'Between', '0.055', '-', '0.060Targets', '0.066', '-', '0.072', '-', '0.078', '-', '0.088Stop', 'Loss', '0.47Leverage', '3xhttpswww.tradingview.comx2QnDBAOg', 'BitmexCourses']"
BitmexCourses,2022-09-24,04:44:00,#BNB #BNBUSDT (Binance)Buy Between 270 - 280Targets 299 - 333 - 386 - 444Stop Loss 240https://www.tradingview.com/x/KpJMQtLR/ @BitmexCourses,"['BNB', 'BNBUSDT', 'BinanceBuy', 'Between', '270', '-', '280Targets', '299', '-', '333', '-', '386', '-', '444Stop', 'Loss', '240httpswww.tradingview.comxKpJMQtLR', 'BitmexCourses']"
BitmexCourses,2022-09-24,09:12:33,#EGLD #EGLDUSDT (Binance)Buy Between 47 - 48.60Targets 50 - 52 - 56 - 60Stop Loss 43.20Leverage : 3x https://www.tradingview.com/x/Gl8Pl0tp/ @BitmexCourses,"['EGLD', 'EGLDUSDT', 'BinanceBuy', 'Between', '47', '-', '48.60Targets', '50', '-', '52', '-', '56', '-', '60Stop', 'Loss', '43.20Leverage', '3x', 'httpswww.tradingview.comxGl8Pl0tp', 'BitmexCourses']"
BitmexCourses,2022-09-26,09:24:43,#DYDX #DYDXUSDT (Binance)Buy Between 1.20 - 1.32Targets 1.42 - 1.55 - 1.74 - 1.90Stop Loss 1.05https://www.tradingview.com/x/oyWk8JEK/ @BitmexCourses,"['DYDX', 'DYDXUSDT', 'BinanceBuy', 'Between', '1.20', '-', '1.32Targets', '1.42', '-', '1.55', '-', '1.74', '-', '1.90Stop', 'Loss', '1.05httpswww.tradingview.comxoyWk8JEK', 'BitmexCourses']"
BitmexCourses,2022-09-27,03:17:53,#UNFI #UNFIUSDT (Binance)Buy between 6.30 - 6.66Targets 7.0 - 7.60 - 8.20 - 9Stop Loss 5.60https://www.tradingview.com/x/W7PJ02kb/ @BitmexCourses,"['UNFI', 'UNFIUSDT', 'BinanceBuy', '6.30', '-', '6.66Targets', '7.0', '-', '7.60', '-', '8.20', '-', '9Stop', 'Loss', '5.60httpswww.tradingview.comxW7PJ02kb', 'BitmexCourses']"
BitmexCourses,2022-09-27,04:07:40,#CELR #CELRUSDT (Binance)Buy Between 0.0150 - 0.0162Targets 0.0172 - 0.0186 - 0.0199 - 0.0210Stop Loss 0.0133Leverage : 3xhttps://www.tradingview.com/x/C9mosAbE/ @BitmexCourses,"['CELR', 'CELRUSDT', 'BinanceBuy', 'Between', '0.0150', '-', '0.0162Targets', '0.0172', '-', '0.0186', '-', '0.0199', '-', '0.0210Stop', 'Loss', '0.0133Leverage', '3xhttpswww.tradingview.comxC9mosAbE', 'BitmexCourses']"
BitmexCourses,2022-09-27,04:16:26,#ZEC #ZECUSDT (Binance)Buy Between 56 - 60Targets 65 - 72 - 78 - 86Stop Loss 50Leverage : 2xhttps://www.tradingview.com/x/goqIAyTM/ @BitmexCourses,"['ZEC', 'ZECUSDT', 'BinanceBuy', 'Between', '56', '-', '60Targets', '65', '-', '72', '-', '78', '-', '86Stop', 'Loss', '50Leverage', '2xhttpswww.tradingview.comxgoqIAyTM', 'BitmexCourses']"
BitmexCourses,2022-09-28,13:20:11,"Best Crypto Signals in one Place Start Making Real Money with us!With us, you will find everything you need!üìà Trade Signals From Top Tradersüéì Education Programsüì≤ Online Support 00/24Telegram Channel üëáüèªhttps://t.me/PremiumSignalsForwardWeb Site üëáüèªhttps://cryptosignals.ukAdminüëáüèª@ProCrypto_NY2","['Best', 'Crypto', 'Signals', 'one', 'Place', 'Start', 'Making', 'Real', 'Money', 'usWith', 'u', 'find', 'everything', 'needüìà', 'Trade', 'Signals', 'From', 'Top', 'Tradersüéì', 'Education', 'Programsüì≤', 'Online', 'Support', '0024Telegram', 'Channel', 'üëáüèªhttpst.mePremiumSignalsForwardWeb', 'Site', 'üëáüèªhttpscryptosignals.ukAdminüëáüèªProCryptoNY2']"
BitmexCourses,2022-09-29,02:53:50,#LRC #LRCUSDT (Binance)Buy Between 0.28 - 0.31Targets 0.33 - 0.36 - 0.39 - 0.44Stop loss 0.25Leverage : 2xhttps://www.tradingview.com/x/FC8GhXbU/ @BitmexCourses,"['LRC', 'LRCUSDT', 'BinanceBuy', 'Between', '0.28', '-', '0.31Targets', '0.33', '-', '0.36', '-', '0.39', '-', '0.44Stop', 'loss', '0.25Leverage', '2xhttpswww.tradingview.comxFC8GhXbU', 'BitmexCourses']"
BitmexCourses,2022-09-30,08:12:06,#APE #APEUSDT (Binance)Buy between 5.40 - 5.55Targets 5.70 - 6.10 - 6.60 - 7.10Stop Loss 4.90https://www.tradingview.com/x/o9cnZi3o/ @BitmexCourses,"['APE', 'APEUSDT', 'BinanceBuy', '5.40', '-', '5.55Targets', '5.70', '-', '6.10', '-', '6.60', '-', '7.10Stop', 'Loss', '4.90httpswww.tradingview.comxo9cnZi3o', 'BitmexCourses']"
BitmexCourses,2022-10-01,03:58:35,#DUSK #DUSKUSDT (Binance)Buy between 0.110 - 0.120Targets 0.132 - 0.145 - 0.166 - 1.88Stop Loss 0.099https://www.tradingview.com/x/c6WDslWI/ @BitmexCourses,"['DUSK', 'DUSKUSDT', 'BinanceBuy', '0.110', '-', '0.120Targets', '0.132', '-', '0.145', '-', '0.166', '-', '1.88Stop', 'Loss', '0.099httpswww.tradingview.comxc6WDslWI', 'BitmexCourses']"
BitmexCourses,2022-10-01,04:02:02,#DUSK #DUSKUSDT (Binance)Buy between 0.110 - 0.120Targets 0.132 - 0.145 - 0.166 - 0.188Stop Loss 0.099https://www.tradingview.com/x/c6WDslWI/ @BitmexCourses,"['DUSK', 'DUSKUSDT', 'BinanceBuy', '0.110', '-', '0.120Targets', '0.132', '-', '0.145', '-', '0.166', '-', '0.188Stop', 'Loss', '0.099httpswww.tradingview.comxc6WDslWI', 'BitmexCourses']"
BitmexCourses,2022-10-01,04:04:47,#TLM #TLMUSDT (Binance)Buy Between 0.0225 - 0.0234Targets 0.0250 - 0.0266 - 0.0286 - 0.0310Stop Loss 0.0210https://www.tradingview.com/x/mmiCNWlD/ @BitmexCourses,"['TLM', 'TLMUSDT', 'BinanceBuy', 'Between', '0.0225', '-', '0.0234Targets', '0.0250', '-', '0.0266', '-', '0.0286', '-', '0.0310Stop', 'Loss', '0.0210httpswww.tradingview.comxmmiCNWlD', 'BitmexCourses']"
BitmexCourses,2022-10-01,04:09:59,#COMP #COMPUSDT (Binance)Buy Between 56 - 62Targets 68 - 76 - 86 - 99Stop Loss 48https://www.tradingview.com/x/0I5Aygjo/ @BitmexCourses,"['COMP', 'COMPUSDT', 'BinanceBuy', 'Between', '56', '-', '62Targets', '68', '-', '76', '-', '86', '-', '99Stop', 'Loss', '48httpswww.tradingview.comx0I5Aygjo', 'BitmexCourses']"
BitmexCourses,2022-10-01,04:36:47,#XLM #XLMUSDT (Binance)Buy between 0.102 - 0.115Targets 0.129 - 0.144 - 0.168 - 0.189Stop Loss 0.089https://www.tradingview.com/x/qJ1jyTUk/ @BitmexCourses,"['XLM', 'XLMUSDT', 'BinanceBuy', '0.102', '-', '0.115Targets', '0.129', '-', '0.144', '-', '0.168', '-', '0.189Stop', 'Loss', '0.089httpswww.tradingview.comxqJ1jyTUk', 'BitmexCourses']"
BitmexCourses,2022-10-01,05:16:06,#FIDA #FIDAUSDT (Binance)Buy Between 0.46 - 0.49Targets 0.54 - 0.60 - 0.66 - 0.74Stop Loss 0.40https://www.tradingview.com/x/nJgIBO7J/ @BitmexCourses,"['FIDA', 'FIDAUSDT', 'BinanceBuy', 'Between', '0.46', '-', '0.49Targets', '0.54', '-', '0.60', '-', '0.66', '-', '0.74Stop', 'Loss', '0.40httpswww.tradingview.comxnJgIBO7J', 'BitmexCourses']"
BitmexCourses,2022-10-04,03:41:46,#KAVA #KAVAUSDT (Binance)Buy Between 1.48 - 1.55Targets 1.66 - 1.78 - 1.90 - 2.05Stop Loss 1.30Leverage : 3xhttps://www.tradingview.com/x/3lmcrhfK/ @BitmexCourses,"['KAVA', 'KAVAUSDT', 'BinanceBuy', 'Between', '1.48', '-', '1.55Targets', '1.66', '-', '1.78', '-', '1.90', '-', '2.05Stop', 'Loss', '1.30Leverage', '3xhttpswww.tradingview.comx3lmcrhfK', 'BitmexCourses']"
BitmexCourses,2022-10-04,03:45:55,#BAND #BANDUSDT (Binance)Buy Between 1.15 - 1.26Targets 1.34 - 1.44 - 1.60 - 1.80Stop Loss 1.00Leverage : 2xhttps://www.tradingview.com/x/4w49EJ6S/ @BitmexCourses,"['BAND', 'BANDUSDT', 'BinanceBuy', 'Between', '1.15', '-', '1.26Targets', '1.34', '-', '1.44', '-', '1.60', '-', '1.80Stop', 'Loss', '1.00Leverage', '2xhttpswww.tradingview.comx4w49EJ6S', 'BitmexCourses']"
BitmexCourses,2022-10-04,03:47:04,#RUNE #RUNEUSDT (Binance)Buy Between 1.50 - 1.64Targets 1.74 - 1.86 - 2.00 - 2.16Stop Loss 1.33Leverage : 2xhttps://www.tradingview.com/x/e8FwxKIG/ @BitmexCourses,"['RUNE', 'RUNEUSDT', 'BinanceBuy', 'Between', '1.50', '-', '1.64Targets', '1.74', '-', '1.86', '-', '2.00', '-', '2.16Stop', 'Loss', '1.33Leverage', '2xhttpswww.tradingview.comxe8FwxKIG', 'BitmexCourses']"
BitmexCourses,2022-10-04,03:48:28,#SKL #SKLUSDT (Binance)Buy Between 0.036 - 0.040Targets 0.043 - 0.047 - 0.052 - 0.056Stop Loss 0.032Leverage : 2xhttps://www.tradingview.com/x/euzzeeXD/ @BitmexCourses,"['SKL', 'SKLUSDT', 'BinanceBuy', 'Between', '0.036', '-', '0.040Targets', '0.043', '-', '0.047', '-', '0.052', '-', '0.056Stop', 'Loss', '0.032Leverage', '2xhttpswww.tradingview.comxeuzzeeXD', 'BitmexCourses']"
BitmexCourses,2022-10-13,07:07:02,"US CPI Inflation data will be coming up today around 12:30 PM GMT, Expecting Massive Volatility so Close All LONG Positions..!! @BitmexCourses","['US', 'CPI', 'Inflation', 'data', 'coming', 'today', 'around', '1230', 'PM', 'GMT', 'Expecting', 'Massive', 'Volatility', 'Close', 'All', 'LONG', 'Positions..', 'BitmexCourses']"
BitmexCourses,2022-10-17,14:43:23,#RUNE #RUNEUSDT (Binance)Buy Between 1.45 - 1.55Targets 1.66 - 1.80 - 1.92 - 2.08 Stop Loss 1.33Leverage : 3xhttps://www.tradingview.com/x/saKAHAVN/ @BitmexCourses,"['RUNE', 'RUNEUSDT', 'BinanceBuy', 'Between', '1.45', '-', '1.55Targets', '1.66', '-', '1.80', '-', '1.92', '-', '2.08', 'Stop', 'Loss', '1.33Leverage', '3xhttpswww.tradingview.comxsaKAHAVN', 'BitmexCourses']"
BitmexCourses,2022-10-17,14:46:09,#AVAX #AVAXUSDT (Binance)Buy Between 15.80 - 16.15Targets 16.99 - 17.80 - 19.40 - 21.00Stop Loss 14.60Leverage : 2-3xhttps://www.tradingview.com/x/saKAHAVN/ @BitmexCourses,"['AVAX', 'AVAXUSDT', 'BinanceBuy', 'Between', '15.80', '-', '16.15Targets', '16.99', '-', '17.80', '-', '19.40', '-', '21.00Stop', 'Loss', '14.60Leverage', '2-3xhttpswww.tradingview.comxsaKAHAVN', 'BitmexCourses']"
BitmexCourses,2022-10-25,05:18:17,#OP #OPUSDT (Binance)Buy Between 0.82 - 0.86Targets 0.94 - 1.05 - 1.18 - 1.36Stop Loss 0.72https://www.tradingview.com/x/hhUNWwds/ @BitmexCourses,"['OP', 'OPUSDT', 'BinanceBuy', 'Between', '0.82', '-', '0.86Targets', '0.94', '-', '1.05', '-', '1.18', '-', '1.36Stop', 'Loss', '0.72httpswww.tradingview.comxhhUNWwds', 'BitmexCourses']"
BitmexCourses,2022-10-25,05:44:35,#ALICE #ALICEUSDT (Binance)Buy Between 1.45 - 1.53Targets 1.64 - 1.74 - 1.86 - 2.00Stop Loss 1.30https://www.tradingview.com/x/M4MU0kYW/ @BitmexCourses,"['ALICE', 'ALICEUSDT', 'BinanceBuy', 'Between', '1.45', '-', '1.53Targets', '1.64', '-', '1.74', '-', '1.86', '-', '2.00Stop', 'Loss', '1.30httpswww.tradingview.comxM4MU0kYW', 'BitmexCourses']"
BitmexCourses,2022-10-25,05:46:18,#ENJ #ENJUSDT (Binance)Buy Between 0.38 - 0.430 Targets 0.48 - 0.52 - 0.55 - 0.58Stop Loss 0.33https://www.tradingview.com/x/v0mM8f8u/ @BitmexCourses,"['ENJ', 'ENJUSDT', 'BinanceBuy', 'Between', '0.38', '-', '0.430', 'Targets', '0.48', '-', '0.52', '-', '0.55', '-', '0.58Stop', 'Loss', '0.33httpswww.tradingview.comxv0mM8f8u', 'BitmexCourses']"
BitmexCourses,2022-10-25,15:36:47,#AVAX #AVAXUSDT (Binance)Buy Between 15.90 - 16.30Targets 16.99 - 17.80 - 19.40 - 21.00Stop Loss 14.60Leverage : 2-3xhttps://www.tradingview.com/x/s00xs8l3/ @BitmexCourses,"['AVAX', 'AVAXUSDT', 'BinanceBuy', 'Between', '15.90', '-', '16.30Targets', '16.99', '-', '17.80', '-', '19.40', '-', '21.00Stop', 'Loss', '14.60Leverage', '2-3xhttpswww.tradingview.comxs00xs8l3', 'BitmexCourses']"
BitmexCourses,2022-10-26,15:58:32,#DYDX #DYDXUSDT (Binance)Buy Between 1.45 - 1.62Targets 1.80 - 2.0 - 2.25 - 2.60Stop Loss 1.20https://www.tradingview.com/x/Y9EQvbae/ @BitmexCourses,"['DYDX', 'DYDXUSDT', 'BinanceBuy', 'Between', '1.45', '-', '1.62Targets', '1.80', '-', '2.0', '-', '2.25', '-', '2.60Stop', 'Loss', '1.20httpswww.tradingview.comxY9EQvbae', 'BitmexCourses']"
BitmexCourses,2022-10-27,00:49:28,#APT #APTUSDT (Binance)Buy between 9.00 - 9.40Targets 10 - 10.50 - 11 - 12Stop Loss 8.20Leverage : 5xhttps://www.tradingview.com/x/dPxLx4Sl/ @BitmexCourses,"['APT', 'APTUSDT', 'BinanceBuy', '9.00', '-', '9.40Targets', '10', '-', '10.50', '-', '11', '-', '12Stop', 'Loss', '8.20Leverage', '5xhttpswww.tradingview.comxdPxLx4Sl', 'BitmexCourses']"
BitmexCourses,2022-10-28,16:21:26,#FTM #FTMUSDT (Binance)Buy Between 0.226 - 0.215Targets 0.237 - 0.252 - 0.266 - 0.290Stop Loss 0.210Leverage : 2xhttps://www.tradingview.com/x/Vp38DVvU/ @BitmexCourses,"['FTM', 'FTMUSDT', 'BinanceBuy', 'Between', '0.226', '-', '0.215Targets', '0.237', '-', '0.252', '-', '0.266', '-', '0.290Stop', 'Loss', '0.210Leverage', '2xhttpswww.tradingview.comxVp38DVvU', 'BitmexCourses']"
BitmexCourses,2022-10-28,17:06:50,#APE #APEUSDT (Binance)Buy between 4.90 - 5.05Targets 5.40 - 6.00 - 6.60 - 7.10Stop Loss 4.40Leverage : 2-3xhttps://www.tradingview.com/x/rtCf41J5/ @BitmexCourses,"['APE', 'APEUSDT', 'BinanceBuy', '4.90', '-', '5.05Targets', '5.40', '-', '6.00', '-', '6.60', '-', '7.10Stop', 'Loss', '4.40Leverage', '2-3xhttpswww.tradingview.comxrtCf41J5', 'BitmexCourses']"
BitmexCourses,2022-10-29,03:39:48,#C98 #C98USDT (Binance)Buy between 0.33 - 0.35Targets 0.38 - 0.42 - 0.46 -  0.50 Stop Loss 0.27Leverage : 3xhttps://www.tradingview.com/x/7Q8Oe5Yz/ @BitmexCourses,"['C98', 'C98USDT', 'BinanceBuy', '0.33', '-', '0.35Targets', '0.38', '-', '0.42', '-', '0.46', '-', '0.50', 'Stop', 'Loss', '0.27Leverage', '3xhttpswww.tradingview.comx7Q8Oe5Yz', 'BitmexCourses']"
BitmexCourses,2022-10-29,04:23:28,#PYR #PYRUSDT (Binance)Buy between 4.20 - 4.60Targets 5.10 - 5.60 - 6.20 - 7.00Stop Loss 3.80https://www.tradingview.com/x/t0E1p6lQ/ @BitmexCourses,"['PYR', 'PYRUSDT', 'BinanceBuy', '4.20', '-', '4.60Targets', '5.10', '-', '5.60', '-', '6.20', '-', '7.00Stop', 'Loss', '3.80httpswww.tradingview.comxt0E1p6lQ', 'BitmexCourses']"
BitmexCourses,2022-10-30,02:57:09,#JASMY #JASMYUSDT (Binance)Buy Between 0.0055 - 0.0057Targets 0.0062 - 0.0067 - 0.0076 - 0.0088Stop Loss 0.0050https://www.tradingview.com/x/3R8fsIl5/ @BitmexCourses,"['JASMY', 'JASMYUSDT', 'BinanceBuy', 'Between', '0.0055', '-', '0.0057Targets', '0.0062', '-', '0.0067', '-', '0.0076', '-', '0.0088Stop', 'Loss', '0.0050httpswww.tradingview.comx3R8fsIl5', 'BitmexCourses']"
BitmexCourses,2022-10-30,03:09:21,#IOTX #IOTXUSDT (Binance)Buy Between 0.0270 - 0.0294Targets 0.0315 - 0.0340 - 0.0366 - 0.0400Stop Loss 0.0240https://www.tradingview.com/x/7sZc68Tc/ @BitmexCourses,"['IOTX', 'IOTXUSDT', 'BinanceBuy', 'Between', '0.0270', '-', '0.0294Targets', '0.0315', '-', '0.0340', '-', '0.0366', '-', '0.0400Stop', 'Loss', '0.0240httpswww.tradingview.comx7sZc68Tc', 'BitmexCourses']"
BitmexCourses,2022-10-30,03:35:38,#WAVES #WAVEUSDT (Binance)Buy between 3.33 - 3.60Targets 3.90 - 4.20 - 4.60 - 5.00Stop Loss 3.00Leverage : 2-3xhttps://www.tradingview.com/x/iJccwYyq/ @BitmexCourses,"['WAVES', 'WAVEUSDT', 'BinanceBuy', '3.33', '-', '3.60Targets', '3.90', '-', '4.20', '-', '4.60', '-', '5.00Stop', 'Loss', '3.00Leverage', '2-3xhttpswww.tradingview.comxiJccwYyq', 'BitmexCourses']"
BitmexCourses,2022-10-30,07:31:48,#GAL #GALUSDT (Binance)Buy between 2.10 - 2.33Targets 2.60 - 2.90 -3.20 - 3.45Stop Loss 1.90Leverage : 3xhttps://www.tradingview.com/x/ZImUuuiK/ @BitmexCourses,"['GAL', 'GALUSDT', 'BinanceBuy', '2.10', '-', '2.33Targets', '2.60', '-', '2.90', '-3.20', '-', '3.45Stop', 'Loss', '1.90Leverage', '3xhttpswww.tradingview.comxZImUuuiK', 'BitmexCourses']"
BitmexCourses,2022-11-02,05:24:37,#JASMY #JASMYUSDT (Binance)Buy Between 0.0055 - 0.0052Targets 0.0060 - 0.0066 - 0.0072 - 0.0080Stop loss 0.0045https://www.tradingview.com/x/86tMAFcD/ @BitmexCourses,"['JASMY', 'JASMYUSDT', 'BinanceBuy', 'Between', '0.0055', '-', '0.0052Targets', '0.0060', '-', '0.0066', '-', '0.0072', '-', '0.0080Stop', 'loss', '0.0045httpswww.tradingview.comx86tMAFcD', 'BitmexCourses']"
BitmexCourses,2022-11-03,03:09:53,#FIL #FILUSDT (Binance)Buy Between 5.50 - 5.70Targets 6.20 - 6.90 - 7.50 - 8.20Stop Loss 5.00https://www.tradingview.com/x/ZEFq2NpH/ @BitmexCourses,"['FIL', 'FILUSDT', 'BinanceBuy', 'Between', '5.50', '-', '5.70Targets', '6.20', '-', '6.90', '-', '7.50', '-', '8.20Stop', 'Loss', '5.00httpswww.tradingview.comxZEFq2NpH', 'BitmexCourses']"
BitmexCourses,2022-11-03,03:52:50,#STORJ #STORJUSDT (Binance)Buy Between 0.47 - 0.51Targets 0.57 - 0.62 - 0.69 - 0.80Stop Loss 0.42https://www.tradingview.com/x/OjegyntQ/ @BitmexCourses,"['STORJ', 'STORJUSDT', 'BinanceBuy', 'Between', '0.47', '-', '0.51Targets', '0.57', '-', '0.62', '-', '0.69', '-', '0.80Stop', 'Loss', '0.42httpswww.tradingview.comxOjegyntQ', 'BitmexCourses']"
BitmexCourses,2022-11-03,05:28:31,#YGG #YGGUSDT (Binance)Buy Between 0.280 - 0.315 Targets 0.333 - 0.360 - 0.390 - 0.420Stop Loss 0.245https://www.tradingview.com/x/APFPY0O7/ @BitmexCourses,"['YGG', 'YGGUSDT', 'BinanceBuy', 'Between', '0.280', '-', '0.315', 'Targets', '0.333', '-', '0.360', '-', '0.390', '-', '0.420Stop', 'Loss', '0.245httpswww.tradingview.comxAPFPY0O7', 'BitmexCourses']"
BitmexCourses,2022-11-03,05:49:15,#BAT #BATUSDT (Binance)Buy between 0.32 - 0.35Targets 0.38 - 0.43 - 0.47 - 0.52 Stop Loss 0.26https://www.tradingview.com/x/pfb3HyP9/ @BitmexCourses,"['BAT', 'BATUSDT', 'BinanceBuy', '0.32', '-', '0.35Targets', '0.38', '-', '0.43', '-', '0.47', '-', '0.52', 'Stop', 'Loss', '0.26httpswww.tradingview.comxpfb3HyP9', 'BitmexCourses']"
BitmexCourses,2022-11-03,06:43:51,#RLC #RLCUSDT (Binance)Buy Between 1.00 - 1.11Targets 1.20 - 1.35 - 1.50 - 1.66Stop Loss 0.86Leverage : 3xhttps://www.tradingview.com/x/Lx4IJpuS/ @BitmexCourses,"['RLC', 'RLCUSDT', 'BinanceBuy', 'Between', '1.00', '-', '1.11Targets', '1.20', '-', '1.35', '-', '1.50', '-', '1.66Stop', 'Loss', '0.86Leverage', '3xhttpswww.tradingview.comxLx4IJpuS', 'BitmexCourses']"
BitmexCourses,2022-11-04,02:36:11,#COTI #COTIUSDT (Binance)Buy between 0.100 - 0.110Targets 0.125 - 0.142 - 0.160 - 0.180Stop Loss 0.088https://www.tradingview.com/x/wWmh8KJA/ @BitmexCourses,"['COTI', 'COTIUSDT', 'BinanceBuy', '0.100', '-', '0.110Targets', '0.125', '-', '0.142', '-', '0.160', '-', '0.180Stop', 'Loss', '0.088httpswww.tradingview.comxwWmh8KJA', 'BitmexCourses']"
BitmexCourses,2022-11-04,03:48:50,#ENJ #ENJUSDT (Binance)Buy Between 0.42 - 0.45Targets 0.49 - 0.55 - 0.62 - 0.70Stop Loss 0.36https://www.tradingview.com/x/FJ6E4KG5/ @BitmexCourses,"['ENJ', 'ENJUSDT', 'BinanceBuy', 'Between', '0.42', '-', '0.45Targets', '0.49', '-', '0.55', '-', '0.62', '-', '0.70Stop', 'Loss', '0.36httpswww.tradingview.comxFJ6E4KG5', 'BitmexCourses']"
BitmexCourses,2022-11-04,03:50:32,#LRC #LRCUSDT (Binance)Buy Between 0. 260 - 0.285Targets 0.31 -  0.35 - 0.39 - 0.44Stop loss 0.22https://www.tradingview.com/x/1GcWfaJR/ @BitmexCourses,"['LRC', 'LRCUSDT', 'BinanceBuy', 'Between', '0.', '260', '-', '0.285Targets', '0.31', '-', '0.35', '-', '0.39', '-', '0.44Stop', 'loss', '0.22httpswww.tradingview.comx1GcWfaJR', 'BitmexCourses']"
BitmexCourses,2022-11-04,07:59:40,#ETH #ETHUSDT (Binance)Buy Between 1570 - 1586Targets 1610 - 1670 - 1720 - 1800Stop Loss 1490Leverage : 3xhttps://www.tradingview.com/x/XNxtYvED/ @BitmexCourses,"['ETH', 'ETHUSDT', 'BinanceBuy', 'Between', '1570', '-', '1586Targets', '1610', '-', '1670', '-', '1720', '-', '1800Stop', 'Loss', '1490Leverage', '3xhttpswww.tradingview.comxXNxtYvED', 'BitmexCourses']"
BitmexCourses,2022-11-05,00:19:38,#SAND #SANDUSDT (Binance)Buy between 0.88 - 0.94Targets 1.10 - 1.33 1.56 - 1.70Stop Loss 0.70https://www.tradingview.com/x/ZjAY9etN/ @BitmexCourses,"['SAND', 'SANDUSDT', 'BinanceBuy', '0.88', '-', '0.94Targets', '1.10', '-', '1.33', '1.56', '-', '1.70Stop', 'Loss', '0.70httpswww.tradingview.comxZjAY9etN', 'BitmexCourses']"
BitmexCourses,2022-11-05,00:26:53,#NEAR #NEARUSDT (Binance)Buy Between 3.00 - 3.35Targets 3.66 - 4.10 - 4.60 - 5.0 Stop Loss 2.70https://www.tradingview.com/x/XeIRTIQu/ @BitmexCourses,"['NEAR', 'NEARUSDT', 'BinanceBuy', 'Between', '3.00', '-', '3.35Targets', '3.66', '-', '4.10', '-', '4.60', '-', '5.0', 'Stop', 'Loss', '2.70httpswww.tradingview.comxXeIRTIQu', 'BitmexCourses']"
BitmexCourses,2022-11-05,00:30:30,#VET #VETUSDT (Binance)Buy Between 0.0240 - 0.0255Targets 0.0270 - 0.0299 - 0.0333 - 0.0370Stop loss 0.0210https://www.tradingview.com/x/yVQ4ClTg/ @BitmexCourses,"['VET', 'VETUSDT', 'BinanceBuy', 'Between', '0.0240', '-', '0.0255Targets', '0.0270', '-', '0.0299', '-', '0.0333', '-', '0.0370Stop', 'loss', '0.0210httpswww.tradingview.comxyVQ4ClTg', 'BitmexCourses']"
BitmexCourses,2022-11-05,00:33:32,#KSM #KSMUSDT (Binance)Buy Between 34.0 - 36.7Targets 40 - 44 - 48 - 55Stop Loss 30https://www.tradingview.com/x/gBbd85Gz/ @BitmexCourses,"['KSM', 'KSMUSDT', 'BinanceBuy', 'Between', '34.0', '-', '36.7Targets', '40', '-', '44', '-', '48', '-', '55Stop', 'Loss', '30httpswww.tradingview.comxgBbd85Gz', 'BitmexCourses']"
BitmexCourses,2022-11-05,00:36:10,#DOT #DOTUSDT (Binance)Buy between 6.80 - 7.15Targets 7.70 - 8.30 - 9.0 - 10Stop Loss 6.10https://www.tradingview.com/x/2JleH1Jy/ @BitmexCourses,"['DOT', 'DOTUSDT', 'BinanceBuy', '6.80', '-', '7.15Targets', '7.70', '-', '8.30', '-', '9.0', '-', '10Stop', 'Loss', '6.10httpswww.tradingview.comx2JleH1Jy', 'BitmexCourses']"
BitmexCourses,2022-11-05,00:41:07,#AR #ARUSDT (Binance)Buy Between 14.70 - 15.30Targets 15.80 - 16.30 - 17 - 18Stop loss 13.40https://www.tradingview.com/x/AIsVvG3f/ @BitmexCourses,"['AR', 'ARUSDT', 'BinanceBuy', 'Between', '14.70', '-', '15.30Targets', '15.80', '-', '16.30', '-', '17', '-', '18Stop', 'loss', '13.40httpswww.tradingview.comxAIsVvG3f', 'BitmexCourses']"
BitmexCourses,2022-11-05,01:39:18,#JASMY #JASMYUSDT (Binance)  Buy Between 0.0055 - 0.0052  Targets 0.0060 - 0.0066 - 0.0072 - 0.0080  Stop loss 0.0045  https://www.tradingview.com/x/86tMAFcD/  @BitmexCourses,"['JASMY', 'JASMYUSDT', 'Binance', 'Buy', 'Between', '0.0055', '-', '0.0052', 'Targets', '0.0060', '-', '0.0066', '-', '0.0072', '-', '0.0080', 'Stop', 'loss', '0.0045', 'httpswww.tradingview.comx86tMAFcD', 'BitmexCourses']"
BitmexCourses,2022-11-10,19:17:11,#BindToken will be launched very soonBind is a very promising project that worth your attentionNow you can join their whitelist to be able to buy their token at the private sale price.I think then you will be able to sell it even at X2 the price Here I leave you a link by which you can join Bind WL and take part in the $25k GWhttps://bit.ly/BIND_CryptoBullCrypto,"['BindToken', 'launched', 'soonBind', 'promising', 'project', 'worth', 'attentionNow', 'join', 'whitelist', 'able', 'buy', 'token', 'private', 'sale', 'price.I', 'think', 'able', 'sell', 'even', 'X2', 'price', 'Here', 'I', 'leave', 'link', 'join', 'Bind', 'WL', 'take', 'part', '25k', 'GWhttpsbit.lyBINDCryptoBullCrypto']"
BitmexCourses,2022-11-10,19:19:27,Crypto Bull Crypto Experts pinned ¬´#BindToken will be launched very soon  Bind is a very promising project that worth your attention  Now you can join their whitelist to be able to buy their token at the private sale price. I think then you will be able to sell it even at X2 the price   Here‚Ä¶¬ª,"['Crypto', 'Bull', 'Crypto', 'Experts', 'pinned', '¬´BindToken', 'launched', 'soon', 'Bind', 'promising', 'project', 'worth', 'attention', 'Now', 'join', 'whitelist', 'able', 'buy', 'token', 'private', 'sale', 'price.', 'I', 'think', 'able', 'sell', 'even', 'X2', 'price', 'Here‚Ä¶¬ª']"
BitmexCourses,2022-11-16,04:31:36,#MASK #MASKUSDT (Binance)Buy Between 2.90 - 3.20Targets 3.40 - 3.66 - 3.99 - 4.40Stop Loss 2.60https://www.tradingview.com/x/qHOwXDHr/ @BitmexCourses,"['MASK', 'MASKUSDT', 'BinanceBuy', 'Between', '2.90', '-', '3.20Targets', '3.40', '-', '3.66', '-', '3.99', '-', '4.40Stop', 'Loss', '2.60httpswww.tradingview.comxqHOwXDHr', 'BitmexCourses']"
BitmexCourses,2022-11-21,23:06:32,"Best Crypto Signals in one Place Start Making Real Money with us!With us, you will find everything you need!üìà Trade Signals From Top Tradersüéì Education Programsüì≤ Online Support 00/24Telegram Channel üëáüèªhttps://t.me/PremiumSignalsForwardWeb Site üëáüèªhttps://cryptosignals.ukAdminüëáüèª@ProCrypto_NY2","['Best', 'Crypto', 'Signals', 'one', 'Place', 'Start', 'Making', 'Real', 'Money', 'usWith', 'u', 'find', 'everything', 'needüìà', 'Trade', 'Signals', 'From', 'Top', 'Tradersüéì', 'Education', 'Programsüì≤', 'Online', 'Support', '0024Telegram', 'Channel', 'üëáüèªhttpst.mePremiumSignalsForwardWeb', 'Site', 'üëáüèªhttpscryptosignals.ukAdminüëáüèªProCryptoNY2']"
BitmexCourses,2022-11-23,03:38:02,#QI #QIUSDT (Binance)Buy between 0.0078 - 0.0083Targets 0.0089 - 0.010 - 0.0111 - 0.0124Stop loss 0.0066https://www.tradingview.com/x/97mip2pk/ @BitmexCourses,"['QI', 'QIUSDT', 'BinanceBuy', '0.0078', '-', '0.0083Targets', '0.0089', '-', '0.010', '-', '0.0111', '-', '0.0124Stop', 'loss', '0.0066httpswww.tradingview.comx97mip2pk', 'BitmexCourses']"
BitmexCourses,2022-11-23,03:43:02,#MASK #MASKUSDT (Binance)Buy between 2.55 - 2.70Targets 2.84 - 2.99 - 3.25 - 3.60Stop Loss 2.33https://www.tradingview.com/x/sTDP6rPK/ @BitmexCourses,"['MASK', 'MASKUSDT', 'BinanceBuy', '2.55', '-', '2.70Targets', '2.84', '-', '2.99', '-', '3.25', '-', '3.60Stop', 'Loss', '2.33httpswww.tradingview.comxsTDP6rPK', 'BitmexCourses']"
BitmexCourses,2022-11-24,05:11:10,#ACA #ACAUSDT (Binance)Buy Between 0.133 - 0.144Targets 0.160 - 0.175 - 0.190 - 0.222Stop Loss 0.120https://www.tradingview.com/x/C1P3C4Xy/ @BitmexCourses,"['ACA', 'ACAUSDT', 'BinanceBuy', 'Between', '0.133', '-', '0.144Targets', '0.160', '-', '0.175', '-', '0.190', '-', '0.222Stop', 'Loss', '0.120httpswww.tradingview.comxC1P3C4Xy', 'BitmexCourses']"
BitmexCourses,2022-11-25,04:55:39,#TWT #TWTUSDT (Binance)Buy Between 2.10 - 2.18Targets 2.33 - 2.50 - 2.66 - 2.80Stop Loss 1.94https://www.tradingview.com/x/DQzcNt3C/ @BitmexCourses,"['TWT', 'TWTUSDT', 'BinanceBuy', 'Between', '2.10', '-', '2.18Targets', '2.33', '-', '2.50', '-', '2.66', '-', '2.80Stop', 'Loss', '1.94httpswww.tradingview.comxDQzcNt3C', 'BitmexCourses']"
BitmexCourses,2022-11-25,12:19:32,#MASK #MASKUSDT (Binance)Buy between 2.66 - 2.87Targets 2.99 - 3.25 - 3.60 - 3.90Stop Loss 2.45https://www.tradingview.com/x/dWqiyVEX/ @BitmexCourses,"['MASK', 'MASKUSDT', 'BinanceBuy', '2.66', '-', '2.87Targets', '2.99', '-', '3.25', '-', '3.60', '-', '3.90Stop', 'Loss', '2.45httpswww.tradingview.comxdWqiyVEX', 'BitmexCourses']"
BitmexCourses,2022-11-26,05:04:28,#LTC #LTCUSDT (Binance)Buy Between 75.50 - 77.70Targets 78.50 - 80 - 86 - 92Stop Loss 70Leverage : 2-3xhttps://www.tradingview.com/x/iB16tTio/ @BitmexCourses,"['LTC', 'LTCUSDT', 'BinanceBuy', 'Between', '75.50', '-', '77.70Targets', '78.50', '-', '80', '-', '86', '-', '92Stop', 'Loss', '70Leverage', '2-3xhttpswww.tradingview.comxiB16tTio', 'BitmexCourses']"
BitmexCourses,2022-11-26,06:13:28,#FARM #FARMUSDT (Binance)Buy Between 34 - 37Targets 40 - 44 - 48 - 55Stop Loss 30https://www.tradingview.com/x/0lHqBRZ2/ @BitmexCourses,"['FARM', 'FARMUSDT', 'BinanceBuy', 'Between', '34', '-', '37Targets', '40', '-', '44', '-', '48', '-', '55Stop', 'Loss', '30httpswww.tradingview.comx0lHqBRZ2', 'BitmexCourses']"
BitmexCourses,2022-11-29,03:26:37,#DASH #DASHUSDT (Binance)Buy Between 40 - 41.60targets 43 - 46 - 50 - 55Stop Loss 38Leverage : 3-5xhttps://www.tradingview.com/x/amRVL1LQ/ @BitmexCourses,"['DASH', 'DASHUSDT', 'BinanceBuy', 'Between', '40', '-', '41.60targets', '43', '-', '46', '-', '50', '-', '55Stop', 'Loss', '38Leverage', '3-5xhttpswww.tradingview.comxamRVL1LQ', 'BitmexCourses']"
