The_CryptoLogy_Signals,2022-05-23,15:20:21,"ğŸ“Œ ODIN PLATFORM - For traders, mentors and algo-tradingğŸŒ Website: odinplatform.ioğŸ”‘ MVP: odinplatform.comâš¡ï¸ Status: 90% DevelopedğŸª™ Exchange: PancakeSwapğŸ“ˆ Contract: 0x42f7332b14347c9F77A9bef1aC7bB60d2cd9Ec2e---------ğŸ“Œ What is the ODIN Platform? The Odin platform will serve as a one-stop-shop for anything related to cryptocurrencies. Educational material, monetization, copy trading, a self-hosted environment for algorithmic trading, and much more to provide traders & investors with a rich feature environment for all their needs.  âš¡ï¸ Odin Highlights- Odin (ODN), which was recently listed on PancakeSwap, has had a very bullish opening day, with the price increasing by over 200%- Strong project fundamentals. Expanding token case use.- Potential 200x returns as the project gets listed on more exchanges.ğŸ‘‰ Trading on: PancakeswapğŸ’¥Contract: 0x42f7332b14347c9F77A9bef1aC7bB60d2cd9Ec2eğŸŒ https://odinplatform.io/...","['ğŸ“Œ', 'ODIN', 'PLATFORM', '-', 'For', 'trader', 'mentor', 'algo-tradingğŸŒ', 'Website', 'odinplatform.ioğŸ”‘', 'MVP', 'odinplatform.comâš¡ï¸', 'Status', '90', 'Developed\U0001fa99', 'Exchange', 'PancakeSwapğŸ“ˆ', 'Contract', '0x42f7332b14347c9F77A9bef1aC7bB60d2cd9Ec2e---------ğŸ“Œ', 'What', 'ODIN', 'Platform', 'The', 'Odin', 'platform', 'serve', 'one-stop-shop', 'anything', 'related', 'cryptocurrencies.', 'Educational', 'material', 'monetization', 'copy', 'trading', 'self-hosted', 'environment', 'algorithmic', 'trading', 'much', 'provide', 'trader', 'investor', 'rich', 'feature', 'environment', 'needs.', 'âš¡ï¸', 'Odin', 'Highlights-', 'Odin', 'ODN', 'recently', 'listed', 'PancakeSwap', 'bullish', 'opening', 'day', 'price', 'increasing', '200-', 'Strong', 'project', 'fundamentals.', 'Expanding', 'token', 'case', 'use.-', 'Potential', '200x', 'return', 'project', 'get', 'listed', 'exchanges.ğŸ‘‰', 'Trading', 'on', 'PancakeswapğŸ’¥Contract', '0x42f7332b14347c9F77A9bef1aC7bB60d2cd9Ec2eğŸŒ', 'httpsodinplatform.io...']"
The_CryptoLogy_Signals,2022-09-22,19:04:06,"ğŸš¨ğŸš¨ *AMAZING NEWS*  ğŸš¨ğŸš¨âœ´ï¸ Leading fan token platform Bitci.comâ€™s mainnet coin Bitcicoin will be listed on *Gate.io* !* Startup Activation:* 09.23.2022 (UTC)* Listing Date:* 09.23.2022 10.00 AM (UTC)âš¡ï¸âš¡ï¸ *BÄ°TCÄ°COIN* âš¡ï¸âš¡ï¸- *Main net coin* of Bitcichain network- It *binds* all products and services offered in the *Bitci Ecosystem*- Tokens of each project running on Bitcichain may *easily be converted* to *Bitcicoin*, may be *traded* in *Bitcicoin Market* or other markets on different exchanges- Bitcicoin is tradeable as itself and for to *buy fan tokens* and Bitcicoin is tradeable as itself and for to *buy fan tokens* and It gonna be used in NFT and gaming project - Its value is determined with *current* and *future* fan token projects developed on *Bitcichain.*âš™ï¸âš™ï¸ *BÄ°TCÄ°CHAIN* âš™ï¸âš™ï¸- It is the blockchain infrastructure of Bitci Teknoloji that develops *private brand tokens* for companies and institutions- Fan tokens of sports clubs such as *Spain National Football Team*, *Brazil National Football Team*, *Rangers Football Club*, *MOTOGP*, *McLaren* are improved over Bitcichain blockchain network.- *Loyalty tokens* are created on Bitcichain for companies.- Businesses can *distribute* the tokens to their users as a *reward*, *discount* or *prepaid* over the personalized digital accounts offered by Bitcichain.- Bitcichain offers *blockchain based smart contracts* which are more *secure* and *traceable*= way in keeping your account in logistics & procurementğŸ‘‡ğŸ»ğŸ‘‡ğŸ»To explore this amazing blockchain company ğŸ‘‡ğŸ»ğŸ‘‡ğŸ»*BÄ°TCÄ°COIN IS AVAILABLE ON:*- XT - MEXC - LBank - Big One- Probit- Biconomy- Finexbox- Bittrex- Bitget- BitMart*FOLLOW US ON SOCIAL MEDIA*TWITTER: *@bitcichain*","['ğŸš¨ğŸš¨', 'AMAZING', 'NEWS', 'ğŸš¨ğŸš¨âœ´ï¸', 'Leading', 'fan', 'token', 'platform', 'Bitci.comâ€™s', 'mainnet', 'coin', 'Bitcicoin', 'listed', 'Gate.io', 'Startup', 'Activation', '09.23.2022', 'UTC', 'Listing', 'Date', '09.23.2022', '10.00', 'AM', 'UTCâš¡ï¸âš¡ï¸', 'BÄ°TCÄ°COIN', 'âš¡ï¸âš¡ï¸-', 'Main', 'net', 'coin', 'Bitcichain', 'network-', 'It', 'bind', 'product', 'service', 'offered', 'Bitci', 'Ecosystem-', 'Tokens', 'project', 'running', 'Bitcichain', 'may', 'easily', 'converted', 'Bitcicoin', 'may', 'traded', 'Bitcicoin', 'Market', 'market', 'different', 'exchanges-', 'Bitcicoin', 'tradeable', 'buy', 'fan', 'token', 'Bitcicoin', 'tradeable', 'buy', 'fan', 'token', 'It', 'gonna', 'used', 'NFT', 'gaming', 'project', '-', 'Its', 'value', 'determined', 'current', 'future', 'fan', 'token', 'project', 'developed', 'Bitcichain.âš™ï¸âš™ï¸', 'BÄ°TCÄ°CHAIN', 'âš™ï¸âš™ï¸-', 'It', 'blockchain', 'infrastructure', 'Bitci', 'Teknoloji', 'develops', 'private', 'brand', 'token', 'company', 'institutions-', 'Fan', 'token', 'sport', 'club', 'Spain', 'National', 'Football', 'Team', 'Brazil', 'National', 'Football', 'Team', 'Rangers', 'Football', 'Club', 'MOTOGP', 'McLaren', 'improved', 'Bitcichain', 'blockchain', 'network.-', 'Loyalty', 'token', 'created', 'Bitcichain', 'companies.-', 'Businesses', 'distribute', 'token', 'user', 'reward', 'discount', 'prepaid', 'personalized', 'digital', 'account', 'offered', 'Bitcichain.-', 'Bitcichain', 'offer', 'blockchain', 'based', 'smart', 'contract', 'secure', 'traceable', 'way', 'keeping', 'account', 'logistics', 'procurementğŸ‘‡ğŸ»ğŸ‘‡ğŸ»To', 'explore', 'amazing', 'blockchain', 'company', 'ğŸ‘‡ğŸ»ğŸ‘‡ğŸ»BÄ°TCÄ°COIN', 'IS', 'AVAILABLE', 'ON-', 'XT', '-', 'MEXC', '-', 'LBank', '-', 'Big', 'One-', 'Probit-', 'Biconomy-', 'Finexbox-', 'Bittrex-', 'Bitget-', 'BitMartFOLLOW', 'US', 'ON', 'SOCIAL', 'MEDIATWITTER', 'bitcichain']"
The_CryptoLogy_Signals,2022-10-03,07:05:01,COIN NAME:#DOT/USDTDirections: LongğŸš€Entry: $6.28-6.18âœ…Target Profit 1: $6.35Target Profit 2: $6.50Target Profit 3: $6.80Target Profit 4: $7.00 Target Profit 5: $7.26Stop loss: $5.94,"['COIN', 'NAMEDOTUSDTDirections', 'LongğŸš€Entry', '6.28-6.18âœ…Target', 'Profit', '1', '6.35Target', 'Profit', '2', '6.50Target', 'Profit', '3', '6.80Target', 'Profit', '4', '7.00', 'Target', 'Profit', '5', '7.26Stop', 'loss', '5.94']"
The_CryptoLogy_Signals,2022-10-03,07:05:19,COIN NAME:#HBAR/USDTDirections: LongğŸš€Entry: $0.0571-0.0565âœ…Target Profit 1: $0.0582Target Profit 2: $0.0590Target Profit 3: $0.0600Target Profit 4: $0.0620Target Profit 5: $0.0650Stop loss: $0.0550,"['COIN', 'NAMEHBARUSDTDirections', 'LongğŸš€Entry', '0.0571-0.0565âœ…Target', 'Profit', '1', '0.0582Target', 'Profit', '2', '0.0590Target', 'Profit', '3', '0.0600Target', 'Profit', '4', '0.0620Target', 'Profit', '5', '0.0650Stop', 'loss', '0.0550']"
The_CryptoLogy_Signals,2022-10-03,07:54:54,COIN NAME:#ADA/USDTDirections: LongğŸš€#ADA reject its supportEntry: $0.4250-0.4187âœ…Target Profit 1: $0.4348Target Profit 2: $0.4400Target Profit 3: $0.4457Target Profit 4: $0.4600Stop loss: $0.4027,"['COIN', 'NAMEADAUSDTDirections', 'LongğŸš€ADA', 'reject', 'supportEntry', '0.4250-0.4187âœ…Target', 'Profit', '1', '0.4348Target', 'Profit', '2', '0.4400Target', 'Profit', '3', '0.4457Target', 'Profit', '4', '0.4600Stop', 'loss', '0.4027']"
The_CryptoLogy_Signals,2022-10-03,11:44:10,These are the coins I would recommend for HODL. ATOM âœ…ARPA âœ…NEAR âœ…HBAR âœ…MATIC âœ… DOTâœ…,"['These', 'coin', 'I', 'would', 'recommend', 'HODL.', 'ATOM', 'âœ…ARPA', 'âœ…NEAR', 'âœ…HBAR', 'âœ…MATIC', 'âœ…', 'DOTâœ…']"
The_CryptoLogy_Signals,2022-10-03,13:17:27,DOTUSDT LONGLeverage: Cross 50xEntry: 6.304Target 1: 6.392Target 2: 6.449Target 3: 6.544Stoploss: 6.184,"['DOTUSDT', 'LONGLeverage', 'Cross', '50xEntry', '6.304Target', '1', '6.392Target', '2', '6.449Target', '3', '6.544Stoploss', '6.184']"
The_CryptoLogy_Signals,2022-10-03,14:09:25,COIN NAME:#DOT/USDT Directions: LongğŸš€   Entry: $6.28-6.18âœ…  Target Profit 1: $6.35 Target Profit 2: $6.50 Target Profit 3: $6.80 Target Profit 4: $7.00  Target Profit 5: $7.26   Stop loss: $5.94,"['COIN', 'NAMEDOTUSDT', 'Directions', 'LongğŸš€', 'Entry', '6.28-6.18âœ…', 'Target', 'Profit', '1', '6.35', 'Target', 'Profit', '2', '6.50', 'Target', 'Profit', '3', '6.80', 'Target', 'Profit', '4', '7.00', 'Target', 'Profit', '5', '7.26', 'Stop', 'loss', '5.94']"
The_CryptoLogy_Signals,2022-10-03,23:04:13,DOTUSDT LONG Leverage: Cross 50x Entry: 6.304 Target 1: 6.392 Target 2: 6.449 Target 3: 6.544 Stoploss: 6.184,"['DOTUSDT', 'LONG', 'Leverage', 'Cross', '50x', 'Entry', '6.304', 'Target', '1', '6.392', 'Target', '2', '6.449', 'Target', '3', '6.544', 'Stoploss', '6.184']"
The_CryptoLogy_Signals,2022-10-04,08:45:20,We will Be Providing Free Signals For this Week and Make Sure you try all the Signals ğŸ“ˆâœ…From Next week We will be Launching Our *Premium Paid Signals Group* ğŸ»ğŸ”¥,"['We', 'Be', 'Providing', 'Free', 'Signals', 'For', 'Week', 'Make', 'Sure', 'try', 'Signals', 'ğŸ“ˆâœ…From', 'Next', 'week', 'We', 'Launching', 'Our', 'Premium', 'Paid', 'Signals', 'Group', 'ğŸ»ğŸ”¥']"
The_CryptoLogy_Signals,2022-10-04,08:45:40,The CryptoLogy ğŸ’ â€¢ Signals â€¢ Alerts ğŸ”” pinned Â«We will Be Providing Free Signals For this Week and Make Sure you try all the Signals ğŸ“ˆâœ…  From Next week We will be Launching Our *Premium Paid Signals Group* ğŸ»ğŸ”¥Â»,"['The', 'CryptoLogy', 'ğŸ’', 'â€¢', 'Signals', 'â€¢', 'Alerts', 'ğŸ””', 'pinned', 'Â«We', 'Be', 'Providing', 'Free', 'Signals', 'For', 'Week', 'Make', 'Sure', 'try', 'Signals', 'ğŸ“ˆâœ…', 'From', 'Next', 'week', 'We', 'Launching', 'Our', 'Premium', 'Paid', 'Signals', 'Group', 'ğŸ»ğŸ”¥Â»']"
The_CryptoLogy_Signals,2022-10-04,08:49:27,DOTUSDT LONG Leverage: Cross 50x Entry: 6.304 Target 1: 6.392 Target 2: 6.449 Target 3: 6.544 Stoploss: 6.184,"['DOTUSDT', 'LONG', 'Leverage', 'Cross', '50x', 'Entry', '6.304', 'Target', '1', '6.392', 'Target', '2', '6.449', 'Target', '3', '6.544', 'Stoploss', '6.184']"
The_CryptoLogy_Signals,2022-10-04,08:51:02,COIN NAME:#ADA/USDT Directions: LongğŸš€  #ADA reject its support  Entry: $0.4250-0.4187âœ…  Target Profit 1: $0.4348 Target Profit 2: $0.4400 Target Profit 3: $0.4457 Target Profit 4: $0.4600  Stop loss: $0.4027,"['COIN', 'NAMEADAUSDT', 'Directions', 'LongğŸš€', 'ADA', 'reject', 'support', 'Entry', '0.4250-0.4187âœ…', 'Target', 'Profit', '1', '0.4348', 'Target', 'Profit', '2', '0.4400', 'Target', 'Profit', '3', '0.4457', 'Target', 'Profit', '4', '0.4600', 'Stop', 'loss', '0.4027']"
The_CryptoLogy_Signals,2022-10-04,08:52:27,ğŸ”´ Short KSM/USDTEntry : 43.836 - 44.217Targets : ğŸ¯ 43.600ğŸ¯ 42.577ğŸ¯ 41.500ğŸ›‘ Stop : 46.538Leverage : 10x (isolated),"['ğŸ”´', 'Short', 'KSMUSDTEntry', '43.836', '-', '44.217Targets', 'ğŸ¯', '43.600ğŸ¯', '42.577ğŸ¯', '41.500ğŸ›‘', 'Stop', '46.538Leverage', '10x', 'isolated']"
The_CryptoLogy_Signals,2022-10-04,09:06:54,COIN NAME:#HBAR/USDT Directions: LongğŸš€   Entry: $0.0571-0.0565âœ…  Target Profit 1: $0.0582 Target Profit 2: $0.0590 Target Profit 3: $0.0600 Target Profit 4: $0.0620 Target Profit 5: $0.0650   Stop loss: $0.0550,"['COIN', 'NAMEHBARUSDT', 'Directions', 'LongğŸš€', 'Entry', '0.0571-0.0565âœ…', 'Target', 'Profit', '1', '0.0582', 'Target', 'Profit', '2', '0.0590', 'Target', 'Profit', '3', '0.0600', 'Target', 'Profit', '4', '0.0620', 'Target', 'Profit', '5', '0.0650', 'Stop', 'loss', '0.0550']"
The_CryptoLogy_Signals,2022-10-04,09:52:49,Long#SFP/USDTEntry : 0.3779- 0.3788Targets : ğŸ¯ 0.3800ğŸ¯ 0.3815ğŸ¯ 0.3825ğŸ›‘ Stop : 0.3541Leverage : 10x (isolated),"['LongSFPUSDTEntry', '0.3779-', '0.3788Targets', 'ğŸ¯', '0.3800ğŸ¯', '0.3815ğŸ¯', '0.3825ğŸ›‘', 'Stop', '0.3541Leverage', '10x', 'isolated']"
The_CryptoLogy_Signals,2022-10-04,11:13:50,COIN NAME:#HBAR/USDT Directions: LongğŸš€   Entry: $0.0571-0.0565âœ…  Target Profit 1: $0.0582 Target Profit 2: $0.0590 Target Profit 3: $0.0600 Target Profit 4: $0.0620 Target Profit 5: $0.0650   Stop loss: $0.0550,"['COIN', 'NAMEHBARUSDT', 'Directions', 'LongğŸš€', 'Entry', '0.0571-0.0565âœ…', 'Target', 'Profit', '1', '0.0582', 'Target', 'Profit', '2', '0.0590', 'Target', 'Profit', '3', '0.0600', 'Target', 'Profit', '4', '0.0620', 'Target', 'Profit', '5', '0.0650', 'Stop', 'loss', '0.0550']"
The_CryptoLogy_Signals,2022-10-04,11:22:03,"Currently forming a bullish divergence, double bottom. Recent Point of control zone is around our bottom, most volume traded is around that area, I believe that the whales are buying in now, we could see some reversal to the upside soon on bitcoin, I won't trade the first resistance because it will look risky, but I will short the one above it because if we close, we will pump. Then we will go down to grab some liquidity before going more upwards, or just continue going downwards after filling the point of interest zone of the recent structure that we broke. First TP should be reached, then we will see.If we fail to reach other tps and close above our first short stop loss, we will see another massive pump to the next point of interest zone.Bitcoin: Short term: BULLISHMid-term: 65% Bullish","['Currently', 'forming', 'bullish', 'divergence', 'double', 'bottom.', 'Recent', 'Point', 'control', 'zone', 'around', 'bottom', 'volume', 'traded', 'around', 'area', 'I', 'believe', 'whale', 'buying', 'now', 'could', 'see', 'reversal', 'upside', 'soon', 'bitcoin', 'I', 'trade', 'first', 'resistance', 'look', 'risky', 'I', 'short', 'one', 'close', 'pump.', 'Then', 'go', 'grab', 'liquidity', 'going', 'upwards', 'continue', 'going', 'downwards', 'filling', 'point', 'interest', 'zone', 'recent', 'structure', 'broke.', 'First', 'TP', 'reached', 'see.If', 'fail', 'reach', 'tps', 'close', 'first', 'short', 'stop', 'loss', 'see', 'another', 'massive', 'pump', 'next', 'point', 'interest', 'zone.Bitcoin', 'Short', 'term', 'BULLISHMid-term', '65', 'Bullish']"
The_CryptoLogy_Signals,2022-10-04,12:05:42,"Analysis Btc fail to break the resistance of 20,200 as we discuss in Last market update Hope u all booked ur profit The market is still volatile so be careful and trade safeToday, at 12 pm gmt FOMC member will be giving speech so the market will be closely monitoring the statementsSo new members should not take trades on that time.","['Analysis', 'Btc', 'fail', 'break', 'resistance', '20200', 'discus', 'Last', 'market', 'update', 'Hope', 'u', 'booked', 'ur', 'profit', 'The', 'market', 'still', 'volatile', 'careful', 'trade', 'safeToday', '12', 'pm', 'gmt', 'FOMC', 'member', 'giving', 'speech', 'market', 'closely', 'monitoring', 'statementsSo', 'new', 'member', 'take', 'trade', 'time.']"
The_CryptoLogy_Signals,2022-10-04,14:58:41,Good opportunity to short LTC/USDT,"['Good', 'opportunity', 'short', 'LTCUSDT']"
The_CryptoLogy_Signals,2022-10-04,14:58:55,Good opportunity to short LTC/USDT,"['Good', 'opportunity', 'short', 'LTCUSDT']"
The_CryptoLogy_Signals,2022-10-04,15:00:55,Long #SFP/USDT Entry : 0.3779- 0.3788 Targets :  ğŸ¯ 0.3800 ğŸ¯ 0.3815 ğŸ¯ 0.3825 ğŸ›‘ Stop : 0.3541 Leverage : 10x (isolated),"['Long', 'SFPUSDT', 'Entry', '0.3779-', '0.3788', 'Targets', 'ğŸ¯', '0.3800', 'ğŸ¯', '0.3815', 'ğŸ¯', '0.3825', 'ğŸ›‘', 'Stop', '0.3541', 'Leverage', '10x', 'isolated']"
The_CryptoLogy_Signals,2022-10-04,15:01:27,Long #SFP/USDT Entry : 0.3779- 0.3788 Targets :  ğŸ¯ 0.3800 ğŸ¯ 0.3815 ğŸ¯ 0.3825 ğŸ›‘ Stop : 0.3541 Leverage : 10x (isolated),"['Long', 'SFPUSDT', 'Entry', '0.3779-', '0.3788', 'Targets', 'ğŸ¯', '0.3800', 'ğŸ¯', '0.3815', 'ğŸ¯', '0.3825', 'ğŸ›‘', 'Stop', '0.3541', 'Leverage', '10x', 'isolated']"
The_CryptoLogy_Signals,2022-10-04,15:04:12,ğŸ”´ Short   KSM/USDT  Entry : 43.836 - 44.217  Targets :   ğŸ¯ 43.600 ğŸ¯ 42.577 ğŸ¯ 41.500  ğŸ›‘ Stop : 46.538  Leverage : 10x (isolated),"['ğŸ”´', 'Short', 'KSMUSDT', 'Entry', '43.836', '-', '44.217', 'Targets', 'ğŸ¯', '43.600', 'ğŸ¯', '42.577', 'ğŸ¯', '41.500', 'ğŸ›‘', 'Stop', '46.538', 'Leverage', '10x', 'isolated']"
The_CryptoLogy_Signals,2022-10-04,15:16:36,DOTUSDT LONG Leverage: Cross 50x Entry: 6.304 Target 1: 6.392 Target 2: 6.449 Target 3: 6.544 Stoploss: 6.184,"['DOTUSDT', 'LONG', 'Leverage', 'Cross', '50x', 'Entry', '6.304', 'Target', '1', '6.392', 'Target', '2', '6.449', 'Target', '3', '6.544', 'Stoploss', '6.184']"
The_CryptoLogy_Signals,2022-10-04,17:50:03,BinanceğŸ”´ SHORTHNT/USDTEntry : 5.2187 - 5.2641Targets : ğŸ¯ 5.1914ğŸ¯ 5.0814ğŸ¯ 4.9714ğŸ›‘ Stop : 5.5403Leverage : 10x (isolated),"['BinanceğŸ”´', 'SHORTHNTUSDTEntry', '5.2187', '-', '5.2641Targets', 'ğŸ¯', '5.1914ğŸ¯', '5.0814ğŸ¯', '4.9714ğŸ›‘', 'Stop', '5.5403Leverage', '10x', 'isolated']"
The_CryptoLogy_Signals,2022-10-04,22:56:56,COIN NAME:#DOT/USDT Directions: LongğŸš€   Entry: $6.28-6.18âœ…  Target Profit 1: $6.35 Target Profit 2: $6.50 Target Profit 3: $6.80 Target Profit 4: $7.00  Target Profit 5: $7.26   Stop loss: $5.94,"['COIN', 'NAMEDOTUSDT', 'Directions', 'LongğŸš€', 'Entry', '6.28-6.18âœ…', 'Target', 'Profit', '1', '6.35', 'Target', 'Profit', '2', '6.50', 'Target', 'Profit', '3', '6.80', 'Target', 'Profit', '4', '7.00', 'Target', 'Profit', '5', '7.26', 'Stop', 'loss', '5.94']"
The_CryptoLogy_Signals,2022-10-05,07:14:34,BinanceğŸŸ¢ LongHBAR/USDTEntry : 5780 - 5795Targets :ğŸ¯ 5825ğŸ¯ 5850ğŸ¯ 5890ğŸ¯ 5910ğŸ›‘ Stop : 5418Leverage : 10x (isolated),"['BinanceğŸŸ¢', 'LongHBARUSDTEntry', '5780', '-', '5795Targets', 'ğŸ¯', '5825ğŸ¯', '5850ğŸ¯', '5890ğŸ¯', '5910ğŸ›‘', 'Stop', '5418Leverage', '10x', 'isolated']"
The_CryptoLogy_Signals,2022-10-05,07:14:53,Binance  ğŸ”´ SHORT  HNT/USDT  Entry : 5.2187 - 5.2641  Targets :   ğŸ¯ 5.1914 ğŸ¯ 5.0814 ğŸ¯ 4.9714  ğŸ›‘ Stop : 5.5403  Leverage : 10x (isolated),"['Binance', 'ğŸ”´', 'SHORT', 'HNTUSDT', 'Entry', '5.2187', '-', '5.2641', 'Targets', 'ğŸ¯', '5.1914', 'ğŸ¯', '5.0814', 'ğŸ¯', '4.9714', 'ğŸ›‘', 'Stop', '5.5403', 'Leverage', '10x', 'isolated']"
The_CryptoLogy_Signals,2022-10-05,08:28:00,Good opportunity to short LTC/USDT,"['Good', 'opportunity', 'short', 'LTCUSDT']"
The_CryptoLogy_Signals,2022-10-05,11:48:28,Binance ğŸŸ¢ Long HBAR/USDT Entry : 5780 - 5795 Targets : ğŸ¯ 5825 ğŸ¯ 5850 ğŸ¯ 5890 ğŸ¯ 5910 ğŸ›‘ Stop : 5418 Leverage : 10x (isolated),"['Binance', 'ğŸŸ¢', 'Long', 'HBARUSDT', 'Entry', '5780', '-', '5795', 'Targets', 'ğŸ¯', '5825', 'ğŸ¯', '5850', 'ğŸ¯', '5890', 'ğŸ¯', '5910', 'ğŸ›‘', 'Stop', '5418', 'Leverage', '10x', 'isolated']"
The_CryptoLogy_Signals,2022-10-05,16:56:02,COIN NAME: XRP/USDT LongLeverage 10x  Directions: Long ğŸš€Entry: $0.4936-0.4662âœ…Target Profit 1: 0.4988Target Profit 2: 0.5045Target Profit 3: 0.5285Target Profit 4: 0.5531Stop loss: $0.45,"['COIN', 'NAME', 'XRPUSDT', 'LongLeverage', '10x', 'Directions', 'Long', 'ğŸš€Entry', '0.4936-0.4662âœ…Target', 'Profit', '1', '0.4988Target', 'Profit', '2', '0.5045Target', 'Profit', '3', '0.5285Target', 'Profit', '4', '0.5531Stop', 'loss', '0.45']"
The_CryptoLogy_Signals,2022-10-05,19:09:22,AVAXUSDT LONGLeverage: Cross 50xEntry: 17.34Target 1: 17.51Target 2: 17.69Target 3: 17.98Stoploss: 17.03,"['AVAXUSDT', 'LONGLeverage', 'Cross', '50xEntry', '17.34Target', '1', '17.51Target', '2', '17.69Target', '3', '17.98Stoploss', '17.03']"
The_CryptoLogy_Signals,2022-10-05,19:09:52,COIN NAME: XRP/USDT Long Leverage 10x   Directions: Long ğŸš€ Entry: $0.4936-0.4662âœ…  Target Profit 1: 0.4988 Target Profit 2: 0.5045 Target Profit 3: 0.5285 Target Profit 4: 0.5531  Stop loss: $0.45,"['COIN', 'NAME', 'XRPUSDT', 'Long', 'Leverage', '10x', 'Directions', 'Long', 'ğŸš€', 'Entry', '0.4936-0.4662âœ…', 'Target', 'Profit', '1', '0.4988', 'Target', 'Profit', '2', '0.5045', 'Target', 'Profit', '3', '0.5285', 'Target', 'Profit', '4', '0.5531', 'Stop', 'loss', '0.45']"
The_CryptoLogy_Signals,2022-10-06,08:03:07,COIN NAME: XRP/USDT Long Leverage 10x   Directions: Long ğŸš€ Entry: $0.4936-0.4662âœ…  Target Profit 1: 0.4988 Target Profit 2: 0.5045 Target Profit 3: 0.5285 Target Profit 4: 0.5531  Stop loss: $0.45,"['COIN', 'NAME', 'XRPUSDT', 'Long', 'Leverage', '10x', 'Directions', 'Long', 'ğŸš€', 'Entry', '0.4936-0.4662âœ…', 'Target', 'Profit', '1', '0.4988', 'Target', 'Profit', '2', '0.5045', 'Target', 'Profit', '3', '0.5285', 'Target', 'Profit', '4', '0.5531', 'Stop', 'loss', '0.45']"
The_CryptoLogy_Signals,2022-10-06,08:04:22,AVAXUSDT LONG Leverage: Cross 50x Entry: 17.34 Target 1: 17.51 Target 2: 17.69 Target 3: 17.98 Stoploss: 17.03,"['AVAXUSDT', 'LONG', 'Leverage', 'Cross', '50x', 'Entry', '17.34', 'Target', '1', '17.51', 'Target', '2', '17.69', 'Target', '3', '17.98', 'Stoploss', '17.03']"
The_CryptoLogy_Signals,2022-10-06,08:06:23,Good opportunity to short BCH/USDT,"['Good', 'opportunity', 'short', 'BCHUSDT']"
The_CryptoLogy_Signals,2022-10-06,10:00:46,AVAXUSDT SHORTLeverage: Cross 50xEntry: 17.27Target 1: 17.10Target 2: 16.92Target 3: 16.63Stoploss: 17.58,"['AVAXUSDT', 'SHORTLeverage', 'Cross', '50xEntry', '17.27Target', '1', '17.10Target', '2', '16.92Target', '3', '16.63Stoploss', '17.58']"
The_CryptoLogy_Signals,2022-10-06,10:24:27,COIN NAME:#SOL/USDT (5-10x)Directions: ShortFilled fib levels and look all right to be rejected from resistance. âœŒï¸Entry: $33.8-34.20âœ…Target Profit 1: $33.42Target Profit 2: $32.27Target Profit 3: $32.10Target Profit 4: $31.90Target Profit 5: $31.70Target Profit 6: $30.96Target Profit 7: $30.5Target profit 8: $27.16Stop loss: $34.76,"['COIN', 'NAMESOLUSDT', '5-10xDirections', 'ShortFilled', 'fib', 'level', 'look', 'right', 'rejected', 'resistance.', 'âœŒï¸Entry', '33.8-34.20âœ…Target', 'Profit', '1', '33.42Target', 'Profit', '2', '32.27Target', 'Profit', '3', '32.10Target', 'Profit', '4', '31.90Target', 'Profit', '5', '31.70Target', 'Profit', '6', '30.96Target', 'Profit', '7', '30.5Target', 'profit', '8', '27.16Stop', 'loss', '34.76']"
The_CryptoLogy_Signals,2022-10-06,17:22:17,AVAXUSDT SHORT Leverage: Cross 50x Entry: 17.27 Target 1: 17.10 Target 2: 16.92 Target 3: 16.63 Stoploss: 17.58,"['AVAXUSDT', 'SHORT', 'Leverage', 'Cross', '50x', 'Entry', '17.27', 'Target', '1', '17.10', 'Target', '2', '16.92', 'Target', '3', '16.63', 'Stoploss', '17.58']"
The_CryptoLogy_Signals,2022-10-06,18:51:32,AVAXUSDT SHORT Leverage: Cross 50x Entry: 17.27 Target 1: 17.10 Target 2: 16.92 Target 3: 16.63 Stoploss: 17.58,"['AVAXUSDT', 'SHORT', 'Leverage', 'Cross', '50x', 'Entry', '17.27', 'Target', '1', '17.10', 'Target', '2', '16.92', 'Target', '3', '16.63', 'Stoploss', '17.58']"
The_CryptoLogy_Signals,2022-10-07,06:19:00,BTC dominance is at 40% and Total Crypto marketcap is at $956 billion.Today Important  three important fundamental data is being released at 12:30 pm GMT.US Average Hourly EarningNon Farm Employment Change  USA Unemployment RateNew members/ members who don't have more than 1 year trading experience should NOT trade during 11-12 pm gmt.,"['BTC', 'dominance', '40', 'Total', 'Crypto', 'marketcap', '956', 'billion.Today', 'Important', 'three', 'important', 'fundamental', 'data', 'released', '1230', 'pm', 'GMT.US', 'Average', 'Hourly', 'EarningNon', 'Farm', 'Employment', 'Change', 'USA', 'Unemployment', 'RateNew', 'member', 'member', '1', 'year', 'trading', 'experience', 'NOT', 'trade', '11-12', 'pm', 'gmt.']"
The_CryptoLogy_Signals,2022-10-07,06:56:53,We are Launching Our Vip Crypto Signals group ğŸŒŸ3-5 Signals Daily âœ…ğŸ”¥Intraday and Scalping Signals BothğŸ“ˆPrice : ğŸ’ 45$ <> 1Month ğŸ’ 75$ <> 2Month ğŸ’ 98$<> 3MonthExact Entry-Stoploss-Target âœ…Signals Will be Sent By CryptoLogy Signals Team ğŸ“ˆâœ…Message @MisterWhales For More Details and Enrollment,"['We', 'Launching', 'Our', 'Vip', 'Crypto', 'Signals', 'group', 'ğŸŒŸ3-5', 'Signals', 'Daily', 'âœ…ğŸ”¥Intraday', 'Scalping', 'Signals', 'BothğŸ“ˆPrice', 'ğŸ’ 45', '1Month', 'ğŸ’ 75', '2Month', 'ğŸ’ 98', '3MonthExact', 'Entry-Stoploss-Target', 'âœ…Signals', 'Will', 'Sent', 'By', 'CryptoLogy', 'Signals', 'Team', 'ğŸ“ˆâœ…Message', 'MisterWhales', 'For', 'More', 'Details', 'Enrollment']"
The_CryptoLogy_Signals,2022-10-07,07:47:27,"Analysis -Bitcoin started a downside movement and now trading below $20,000.  For the Bullish momentum, Bitcoin need to give Candle closing above $20,500$19,600 is working as a good support level for Bitcoin.If Bitcoin continues to move down then we can expect a reversal sign at that support level.","['Analysis', '-Bitcoin', 'started', 'downside', 'movement', 'trading', '20000.', 'For', 'Bullish', 'momentum', 'Bitcoin', 'need', 'give', 'Candle', 'closing', '2050019600', 'working', 'good', 'support', 'level', 'Bitcoin.If', 'Bitcoin', 'continues', 'move', 'expect', 'reversal', 'sign', 'support', 'level.']"
The_CryptoLogy_Signals,2022-10-07,11:44:01,ğŸŸ¢ Long #REN/USDTEntry : 0.12750 -0.12820Targets : ğŸ¯ 0.12850ğŸ¯ 0.12878ğŸ¯ 0.12896ğŸ›‘ Stop : 0.11974Leverage : 10x (isolated),"['ğŸŸ¢', 'Long', 'RENUSDTEntry', '0.12750', '-0.12820Targets', 'ğŸ¯', '0.12850ğŸ¯', '0.12878ğŸ¯', '0.12896ğŸ›‘', 'Stop', '0.11974Leverage', '10x', 'isolated']"
The_CryptoLogy_Signals,2022-10-07,13:12:31,AVAXUSDT SHORT Leverage: Cross 50x Entry: 17.27 Target 1: 17.10 Target 2: 16.92 Target 3: 16.63 Stoploss: 17.58,"['AVAXUSDT', 'SHORT', 'Leverage', 'Cross', '50x', 'Entry', '17.27', 'Target', '1', '17.10', 'Target', '2', '16.92', 'Target', '3', '16.63', 'Stoploss', '17.58']"
The_CryptoLogy_Signals,2022-10-07,13:12:46,ğŸŸ¢ Long  #REN/USDT Entry : 0.12750 -0.12820 Targets :  ğŸ¯ 0.12850 ğŸ¯ 0.12878 ğŸ¯ 0.12896 ğŸ›‘ Stop : 0.11974 Leverage : 10x (isolated),"['ğŸŸ¢', 'Long', 'RENUSDT', 'Entry', '0.12750', '-0.12820', 'Targets', 'ğŸ¯', '0.12850', 'ğŸ¯', '0.12878', 'ğŸ¯', '0.12896', 'ğŸ›‘', 'Stop', '0.11974', 'Leverage', '10x', 'isolated']"
The_CryptoLogy_Signals,2022-10-07,13:30:00,ETC/USDT LONGLEVERAGE: 10XENTRY: 27.389TARGETS: 27.737 - 28.350 - 29.512 - 31.503SL: 26.977,"['ETCUSDT', 'LONGLEVERAGE', '10XENTRY', '27.389TARGETS', '27.737', '-', '28.350', '-', '29.512', '-', '31.503SL', '26.977']"
The_CryptoLogy_Signals,2022-10-07,14:54:25,Enroll Fast ğŸ“Œ Our Team is Ready to Provide Premium Signals âœ…  You Can Even Cover Your Fees In One Day ğŸ”¥ If you Follow Everything Properly,"['Enroll', 'Fast', 'ğŸ“Œ', 'Our', 'Team', 'Ready', 'Provide', 'Premium', 'Signals', 'âœ…', 'You', 'Can', 'Even', 'Cover', 'Your', 'Fees', 'In', 'One', 'Day', 'ğŸ”¥', 'If', 'Follow', 'Everything', 'Properly']"
The_CryptoLogy_Signals,2022-10-07,15:09:05,Binance#NEO/USDT Take-Profit target 1 âœ…Profit: 3.534% ğŸ“ˆPeriod: 20 Minutes â°,"['BinanceNEOUSDT', 'Take-Profit', 'target', '1', 'âœ…Profit', '3.534', 'ğŸ“ˆPeriod', '20', 'Minutes', 'â°']"
The_CryptoLogy_Signals,2022-10-07,18:14:01,COIN NAME: XRP/USDT Long Leverage 10x   Directions: Long ğŸš€ Entry: $0.4936-0.4662âœ…  Target Profit 1: 0.4988 Target Profit 2: 0.5045 Target Profit 3: 0.5285 Target Profit 4: 0.5531  Stop loss: $0.45,"['COIN', 'NAME', 'XRPUSDT', 'Long', 'Leverage', '10x', 'Directions', 'Long', 'ğŸš€', 'Entry', '0.4936-0.4662âœ…', 'Target', 'Profit', '1', '0.4988', 'Target', 'Profit', '2', '0.5045', 'Target', 'Profit', '3', '0.5285', 'Target', 'Profit', '4', '0.5531', 'Stop', 'loss', '0.45']"
The_CryptoLogy_Signals,2022-10-08,07:39:28,"Analysis - BTC closed its daily candle red at $19530. Opening price was at $19960, high was at $20068 and low was at $19320.Support is at $19,000 and resistance is at $20,000. $19500 level needs further confirmation to become resistance or support. Trade carefully and manage your risk according to to support and resistance levels. BTC dominance is at 39.6% and total marketcap is at $946 billion. US Jobs report released a 3.5% figure which was an improvement from its previous figure of 3.7%. This caused an appreciation of US$ (DXY), however, it a downfall was observed in all risk assets such as Gold (XAU), Stocks (SP500), and the Crypto market.","['Analysis', '-', 'BTC', 'closed', 'daily', 'candle', 'red', '19530.', 'Opening', 'price', '19960', 'high', '20068', 'low', '19320.Support', '19000', 'resistance', '20000.', '19500', 'level', 'need', 'confirmation', 'become', 'resistance', 'support.', 'Trade', 'carefully', 'manage', 'risk', 'according', 'support', 'resistance', 'levels.', 'BTC', 'dominance', '39.6', 'total', 'marketcap', '946', 'billion.', 'US', 'Jobs', 'report', 'released', '3.5', 'figure', 'improvement', 'previous', 'figure', '3.7.', 'This', 'caused', 'appreciation', 'US', 'DXY', 'however', 'downfall', 'observed', 'risk', 'asset', 'Gold', 'XAU', 'Stocks', 'SP500', 'Crypto', 'market.']"
The_CryptoLogy_Signals,2022-10-13,17:07:27,HNT/USDT  4H TFHNT has broken its weekly support and consolidating on its equal lows. If HNT broke the trendline and 0.618(golden ratio zone) Then we can its movement downward till the potential reversal zone (0.786/0.886)FIB level.,"['HNTUSDT', '4H', 'TFHNT', 'broken', 'weekly', 'support', 'consolidating', 'equal', 'lows.', 'If', 'HNT', 'broke', 'trendline', '0.618golden', 'ratio', 'zone', 'Then', 'movement', 'downward', 'till', 'potential', 'reversal', 'zone', '0.7860.886FIB', 'level.']"
The_CryptoLogy_Signals,2022-10-13,17:09:59,"For bitcoin, this could be the play that we're going for next. Waiting for more confirmations","['For', 'bitcoin', 'could', 'play', 'were', 'going', 'next.', 'Waiting', 'confirmation']"
The_CryptoLogy_Signals,2022-10-13,18:04:48,GMTUSDT LONGLeverage: Cross 10xEntry: 0.5840-0.5400Target 1: 0.6000Target 2: 0.6136Target 3: 0.6374Target 4: 0.7430Stoploss: 0.5104,"['GMTUSDT', 'LONGLeverage', 'Cross', '10xEntry', '0.5840-0.5400Target', '1', '0.6000Target', '2', '0.6136Target', '3', '0.6374Target', '4', '0.7430Stoploss', '0.5104']"
The_CryptoLogy_Signals,2022-10-14,05:29:39,We are Launching Our Vip Crypto Signals group ğŸŒŸ3-5 Signals Daily âœ…ğŸ”¥Intraday and Scalping Signals BothğŸ“ˆPrice : ğŸ’ 45$ <> 1Month ğŸ’ 75$ <> 2Month ğŸ’ 98$<> 3MonthExact Entry-Stoploss-Target âœ…Signals Will be Sent By CryptoLogy Signals Team ğŸ“ˆâœ…Message @MisterWhales For More Details and Enrollment,"['We', 'Launching', 'Our', 'Vip', 'Crypto', 'Signals', 'group', 'ğŸŒŸ3-5', 'Signals', 'Daily', 'âœ…ğŸ”¥Intraday', 'Scalping', 'Signals', 'BothğŸ“ˆPrice', 'ğŸ’ 45', '1Month', 'ğŸ’ 75', '2Month', 'ğŸ’ 98', '3MonthExact', 'Entry-Stoploss-Target', 'âœ…Signals', 'Will', 'Sent', 'By', 'CryptoLogy', 'Signals', 'Team', 'ğŸ“ˆâœ…Message', 'MisterWhales', 'For', 'More', 'Details', 'Enrollment']"
The_CryptoLogy_Signals,2022-10-14,06:35:32,GMTUSDT LONG Leverage: Cross 10x Entry: 0.5840-0.5400 Target 1: 0.6000 Target 2: 0.6136 Target 3: 0.6374 Target 4: 0.7430 Stoploss: 0.5104,"['GMTUSDT', 'LONG', 'Leverage', 'Cross', '10x', 'Entry', '0.5840-0.5400', 'Target', '1', '0.6000', 'Target', '2', '0.6136', 'Target', '3', '0.6374', 'Target', '4', '0.7430', 'Stoploss', '0.5104']"
The_CryptoLogy_Signals,2022-10-14,13:11:39,"AnalysisMarket is on the rise with the total market capitalization of all cryptocurrencies increasing by 2.79% to $944.24 billion.BTC broke 19500 resistance with another high buying volume and got resistance close to 20,000. BTC current support is at 19,500 and resistance is at 20,000. Manage risk strictly according to support and resistance.","['AnalysisMarket', 'rise', 'total', 'market', 'capitalization', 'cryptocurrencies', 'increasing', '2.79', '944.24', 'billion.BTC', 'broke', '19500', 'resistance', 'another', 'high', 'buying', 'volume', 'got', 'resistance', 'close', '20000.', 'BTC', 'current', 'support', '19500', 'resistance', '20000.', 'Manage', 'risk', 'strictly', 'according', 'support', 'resistance.']"
The_CryptoLogy_Signals,2022-10-14,14:16:43,DOTUSDT SHORTLeverage: Cross 50xEntry: 6.125Target 1: 6.039Target 2: 5.984Target 3: 5.892Stoploss: 6.241,"['DOTUSDT', 'SHORTLeverage', 'Cross', '50xEntry', '6.125Target', '1', '6.039Target', '2', '5.984Target', '3', '5.892Stoploss', '6.241']"
The_CryptoLogy_Signals,2022-10-14,16:20:04,DOTUSDT SHORT Leverage: Cross 50x Entry: 6.125 Target 1: 6.039 Target 2: 5.984 Target 3: 5.892 Stoploss: 6.241,"['DOTUSDT', 'SHORT', 'Leverage', 'Cross', '50x', 'Entry', '6.125', 'Target', '1', '6.039', 'Target', '2', '5.984', 'Target', '3', '5.892', 'Stoploss', '6.241']"
The_CryptoLogy_Signals,2022-10-18,13:51:58,We will Provide Scalping Signals From Tomorrow Which Will be Highly Accurate Only In VIP group For Regular Earning ğŸ”¥âœ…Make Sure to Enroll Today ğŸ”¥,"['We', 'Provide', 'Scalping', 'Signals', 'From', 'Tomorrow', 'Which', 'Will', 'Highly', 'Accurate', 'Only', 'In', 'VIP', 'group', 'For', 'Regular', 'Earning', 'ğŸ”¥âœ…Make', 'Sure', 'Enroll', 'Today', 'ğŸ”¥']"
The_CryptoLogy_Signals,2022-10-20,05:41:21,#PEOPLE/USDT LONG 20X ENTRY : 0.01760T1: 0.01801T2: 0.01833T3: 0.01855T4: 0.01878T5: 0.01905Stop loss : 0.01700,"['PEOPLEUSDT', 'LONG', '20X', 'ENTRY', '0.01760T1', '0.01801T2', '0.01833T3', '0.01855T4', '0.01878T5', '0.01905Stop', 'loss', '0.01700']"
The_CryptoLogy_Signals,2022-10-20,05:41:27,#PEOPLE/USDT   LONG 20X   ENTRY : 0.01760  T1: 0.01801 T2: 0.01833 T3: 0.01855 T4: 0.01878 T5: 0.01905  Stop loss : 0.01700,"['PEOPLEUSDT', 'LONG', '20X', 'ENTRY', '0.01760', 'T1', '0.01801', 'T2', '0.01833', 'T3', '0.01855', 'T4', '0.01878', 'T5', '0.01905', 'Stop', 'loss', '0.01700']"
The_CryptoLogy_Signals,2022-10-20,15:51:44,We are Launching Our Vip Crypto Signals group ğŸŒŸ3-5 Signals Daily âœ…ğŸ”¥Intraday and Scalping Signals BothğŸ“ˆPrice : ğŸ’ 45$ <> 1Month ğŸ’ 75$ <> 2Month ğŸ’ 98$<> 3MonthExact Entry-Stoploss-Target âœ…Signals Will be Sent By CryptoLogy Signals Team ğŸ“ˆâœ…Message @MisterWhales For More Details and Enrollment,"['We', 'Launching', 'Our', 'Vip', 'Crypto', 'Signals', 'group', 'ğŸŒŸ3-5', 'Signals', 'Daily', 'âœ…ğŸ”¥Intraday', 'Scalping', 'Signals', 'BothğŸ“ˆPrice', 'ğŸ’ 45', '1Month', 'ğŸ’ 75', '2Month', 'ğŸ’ 98', '3MonthExact', 'Entry-Stoploss-Target', 'âœ…Signals', 'Will', 'Sent', 'By', 'CryptoLogy', 'Signals', 'Team', 'ğŸ“ˆâœ…Message', 'MisterWhales', 'For', 'More', 'Details', 'Enrollment']"
The_CryptoLogy_Signals,2022-10-20,17:05:36,ğŸ’  UNI_BTC - Buy signal ğŸ’ Current Price: 0.00032980 (Binance)Suggested Targets ğŸ¯:T1 0.00033310T2 0.00033640T3 0.00033969T4 0.00034629Vol 24h: 62.24074188STOP â›” 0.00031991SCALPING #UNI,"['ğŸ’ ', 'UNIBTC', '-', 'Buy', 'signal', 'ğŸ’ Current', 'Price', '0.00032980', 'BinanceSuggested', 'Targets', 'ğŸ¯T1', '0.00033310T2', '0.00033640T3', '0.00033969T4', '0.00034629Vol', '24h', '62.24074188STOP', 'â›”', '0.00031991SCALPING', 'UNI']"
The_CryptoLogy_Signals,2022-10-20,17:05:48,ğŸ’  UNI_BTC - Buy signal ğŸ’  Current Price: 0.00032980 (Binance) Suggested Targets ğŸ¯: T1 0.00033310 T2 0.00033640 T3 0.00033969 T4 0.00034629 Vol 24h: 62.24074188 STOP â›” 0.00031991 SCALPING #UNI,"['ğŸ’ ', 'UNIBTC', '-', 'Buy', 'signal', 'ğŸ’ ', 'Current', 'Price', '0.00032980', 'Binance', 'Suggested', 'Targets', 'ğŸ¯', 'T1', '0.00033310', 'T2', '0.00033640', 'T3', '0.00033969', 'T4', '0.00034629', 'Vol', '24h', '62.24074188', 'STOP', 'â›”', '0.00031991', 'SCALPING', 'UNI']"
The_CryptoLogy_Signals,2022-10-30,12:26:06,"Binance Futures, ByBit USDT#DOGE/USDT All take-profit targets achieved ğŸ˜Profit: 90.9091% ğŸ“ˆPeriod: 15 Minutes â°","['Binance', 'Futures', 'ByBit', 'USDTDOGEUSDT', 'All', 'take-profit', 'target', 'achieved', 'ğŸ˜Profit', '90.9091', 'ğŸ“ˆPeriod', '15', 'Minutes', 'â°']"
The_CryptoLogy_Signals,2022-10-30,12:26:47,VIP Members Are Rocking With Futures Signals For Big Profits âœ…ğŸ¤©Message @MisterWhales to Enroll Fast ğŸ’¨,"['VIP', 'Members', 'Are', 'Rocking', 'With', 'Futures', 'Signals', 'For', 'Big', 'Profits', 'âœ…ğŸ¤©Message', 'MisterWhales', 'Enroll', 'Fast', 'ğŸ’¨']"
The_CryptoLogy_Signals,2022-11-03,07:20:44,Special Sale ğŸ˜ On CryptoLogy Vip ğŸ‘‘Get 3 Month Subscriptions In 50$ âœ…For First 10 people ğŸ¤²ğŸ”¥Message @MisterWhales Fast,"['Special', 'Sale', 'ğŸ˜', 'On', 'CryptoLogy', 'Vip', 'ğŸ‘‘Get', '3', 'Month', 'Subscriptions', 'In', '50', 'âœ…For', 'First', '10', 'people', 'ğŸ¤²ğŸ”¥Message', 'MisterWhales', 'Fast']"
The_CryptoLogy_Signals,2022-11-03,07:30:08,The CryptoLogy ğŸ’ â€¢ Signals â€¢ Alerts ğŸ”” pinned Â«Special Sale ğŸ˜ On CryptoLogy Vip ğŸ‘‘  Get 3 Month Subscriptions In 50$ âœ…  For First 10 people ğŸ¤²ğŸ”¥  Message @MisterWhales FastÂ»,"['The', 'CryptoLogy', 'ğŸ’', 'â€¢', 'Signals', 'â€¢', 'Alerts', 'ğŸ””', 'pinned', 'Â«Special', 'Sale', 'ğŸ˜', 'On', 'CryptoLogy', 'Vip', 'ğŸ‘‘', 'Get', '3', 'Month', 'Subscriptions', 'In', '50', 'âœ…', 'For', 'First', '10', 'people', 'ğŸ¤²ğŸ”¥', 'Message', 'MisterWhales', 'FastÂ»']"
The_CryptoLogy_Signals,2022-11-03,07:30:57,Special Sale ğŸ˜ On CryptoLogy Vip ğŸ‘‘  Get 3 Month Subscriptions In 50$ âœ…  For First 10 people ğŸ¤²ğŸ”¥  Message @MisterWhales Fast,"['Special', 'Sale', 'ğŸ˜', 'On', 'CryptoLogy', 'Vip', 'ğŸ‘‘', 'Get', '3', 'Month', 'Subscriptions', 'In', '50', 'âœ…', 'For', 'First', '10', 'people', 'ğŸ¤²ğŸ”¥', 'Message', 'MisterWhales', 'Fast']"
The_CryptoLogy_Signals,2022-11-12,04:57:17,ğŸ’  DYDX_BTC - Buy signal ğŸ’ Current Price: 0.00010881 (Binance)Suggested Targets ğŸ¯:T1 0.00010990T2 0.00011099T3 0.00011207T4 0.00011425Vol 24h: 315.44226138STOP â›” 0.00010555SCALPING #DYDX,"['ğŸ’ ', 'DYDXBTC', '-', 'Buy', 'signal', 'ğŸ’ Current', 'Price', '0.00010881', 'BinanceSuggested', 'Targets', 'ğŸ¯T1', '0.00010990T2', '0.00011099T3', '0.00011207T4', '0.00011425Vol', '24h', '315.44226138STOP', 'â›”', '0.00010555SCALPING', 'DYDX']"
The_CryptoLogy_Signals,2022-11-12,04:57:45,ğŸ’  DYDX_BTC - Buy signal ğŸ’  Current Price: 0.00010881 (Binance) Suggested Targets ğŸ¯: T1 0.00010990 T2 0.00011099 T3 0.00011207 T4 0.00011425 Vol 24h: 315.44226138 STOP â›” 0.00010555 SCALPING #DYDX,"['ğŸ’ ', 'DYDXBTC', '-', 'Buy', 'signal', 'ğŸ’ ', 'Current', 'Price', '0.00010881', 'Binance', 'Suggested', 'Targets', 'ğŸ¯', 'T1', '0.00010990', 'T2', '0.00011099', 'T3', '0.00011207', 'T4', '0.00011425', 'Vol', '24h', '315.44226138', 'STOP', 'â›”', '0.00010555', 'SCALPING', 'DYDX']"
The_CryptoLogy_Signals,2022-11-13,12:44:46,Mega Profit âœ…ğŸ«£ DYDX ğŸ¤¤ğŸ¤¤ğŸ¤¤ğŸ¤¤ğŸ¤¤,"['Mega', 'Profit', 'âœ…\U0001fae3', 'DYDX', 'ğŸ¤¤ğŸ¤¤ğŸ¤¤ğŸ¤¤ğŸ¤¤']"
The_CryptoLogy_Signals,2022-11-14,08:47:51,Join CryptoLogy VIP ğŸ‘‘ Check Out Below For More Details ğŸ‘‡https://forms.gle/SSSpbJvPL3Mxyc626CryptoLogy VIP is Only For Profits âœ…,"['Join', 'CryptoLogy', 'VIP', 'ğŸ‘‘', 'Check', 'Out', 'Below', 'For', 'More', 'Details', 'ğŸ‘‡httpsforms.gleSSSpbJvPL3Mxyc626CryptoLogy', 'VIP', 'Only', 'For', 'Profits', 'âœ…']"
The_CryptoLogy_Signals,2022-11-14,13:39:09,#FREE SIGNALğŸ’  ZEC_BTC - Buy signal ğŸ’ Current Price: 0.002426 (Binance)Suggested Targets ğŸ¯:T1 0.00247450T2 0.00249900T3 0.00252350T4 0.00257250Vol 24h: 66.62839425STOP â›” 0.00237650SCALPING #ZEC,"['FREE', 'SIGNALğŸ’ ', 'ZECBTC', '-', 'Buy', 'signal', 'ğŸ’ Current', 'Price', '0.002426', 'BinanceSuggested', 'Targets', 'ğŸ¯T1', '0.00247450T2', '0.00249900T3', '0.00252350T4', '0.00257250Vol', '24h', '66.62839425STOP', 'â›”', '0.00237650SCALPING', 'ZEC']"
The_CryptoLogy_Signals,2022-11-14,15:51:05,TRX/ USDTCall type ğŸ‘‰ futuresDirection ğŸ‘‰Â Â  shortLeverage ğŸ‘‰Â Â  2xShort zone0.0495$TO0.0510$Target0.0490$âœ…0.0485$âœ…0.0480$âœ…0.0475$âœ…0.057$âœ…Stop loss0.58$ğŸš«Disclaimer ğŸ‘‰Â  Call is risky in such market conditions.We do not take resposiblity and gurantee of profit/ lossÂ  suffred.ğŸ‘†. CryptoÂ  is subjected to market riskğŸ‘†trade at your own risk.#freesignal,"['TRX', 'USDTCall', 'type', 'ğŸ‘‰', 'futuresDirection', 'ğŸ‘‰', 'shortLeverage', 'ğŸ‘‰', '2xShort', 'zone0.0495TO0.0510Target0.0490âœ…0.0485âœ…0.0480âœ…0.0475âœ…0.057âœ…Stop', 'loss0.58ğŸš«Disclaimer', 'ğŸ‘‰', 'Call', 'risky', 'market', 'conditions.We', 'take', 'resposiblity', 'gurantee', 'profit', 'loss', 'suffred.ğŸ‘†.', 'Crypto', 'subjected', 'market', 'riskğŸ‘†trade', 'risk.freesignal']"
The_CryptoLogy_Signals,2022-11-14,15:51:41,BTC/ USDTCall type ğŸ‘‰ futuresDirection ğŸ‘‰Â  shortShort zone16500$TO16800$Target16400$âœ…16300$âœ…16200$âœ…16160$âœ…Stop loss17600$ğŸš«Disclaimer ğŸ‘‰Â  Call is risky in such market conditions.We do not take resposiblity and gurantee of profit/ lossÂ  suffred.ğŸ‘†. CryptoÂ  is subjected to market riskğŸ‘†trade at your own risk.#freesignal,"['BTC', 'USDTCall', 'type', 'ğŸ‘‰', 'futuresDirection', 'ğŸ‘‰', 'shortShort', 'zone16500TO16800Target16400âœ…16300âœ…16200âœ…16160âœ…Stop', 'loss17600ğŸš«Disclaimer', 'ğŸ‘‰', 'Call', 'risky', 'market', 'conditions.We', 'take', 'resposiblity', 'gurantee', 'profit', 'loss', 'suffred.ğŸ‘†.', 'Crypto', 'subjected', 'market', 'riskğŸ‘†trade', 'risk.freesignal']"
The_CryptoLogy_Signals,2022-11-14,16:27:33,MATIC/ USDTCall type ğŸ‘‰ futuresDirection ğŸ‘‰Â  shortShort zone0.905$TO0.930$Target0.900$âœ…0.890$âœ…0.880$âœ…0.870$âœ…Stop loss1.0$ğŸš«Disclaimer ğŸ‘‰Â  Call is risky in such market conditions.We do not take resposiblity and gurantee of profit/ lossÂ  suffred.ğŸ‘†. CryptoÂ  is subjected to market riskğŸ‘†trade at your own risk.#freesignal,"['MATIC', 'USDTCall', 'type', 'ğŸ‘‰', 'futuresDirection', 'ğŸ‘‰', 'shortShort', 'zone0.905TO0.930Target0.900âœ…0.890âœ…0.880âœ…0.870âœ…Stop', 'loss1.0ğŸš«Disclaimer', 'ğŸ‘‰', 'Call', 'risky', 'market', 'conditions.We', 'take', 'resposiblity', 'gurantee', 'profit', 'loss', 'suffred.ğŸ‘†.', 'Crypto', 'subjected', 'market', 'riskğŸ‘†trade', 'risk.freesignal']"
The_CryptoLogy_Signals,2022-11-14,16:28:15,BNB/ USDTCall type ğŸ‘‰ futuresDirection ğŸ‘‰Â  shortShort zone277$TO280$Target276$âœ…275$âœ…274$âœ…273$âœ…272$âœ…271$âœ…Stop loss302$ğŸš«Disclaimer ğŸ‘‰Â  Call is risky in such market conditions.We do not take resposiblity and gurantee of profit/ lossÂ  suffred.ğŸ‘†. CryptoÂ  is subjected to market riskğŸ‘†trade at your own risk.#freesignal,"['BNB', 'USDTCall', 'type', 'ğŸ‘‰', 'futuresDirection', 'ğŸ‘‰', 'shortShort', 'zone277TO280Target276âœ…275âœ…274âœ…273âœ…272âœ…271âœ…Stop', 'loss302ğŸš«Disclaimer', 'ğŸ‘‰', 'Call', 'risky', 'market', 'conditions.We', 'take', 'resposiblity', 'gurantee', 'profit', 'loss', 'suffred.ğŸ‘†.', 'Crypto', 'subjected', 'market', 'riskğŸ‘†trade', 'risk.freesignal']"
The_CryptoLogy_Signals,2022-11-14,16:28:48,FTM/ USDTCall type ğŸ‘‰ futuresDirection ğŸ‘‰Â  shortShort zone0.1755$TO0.1780$Target0.1750âœ…0.1740$âœ…0.1730$âœ…0.1720$âœ…Stop loss0.1900$ğŸš«Disclaimer ğŸ‘‰Â  Call is risky in such market conditions.We do not take resposiblity and gurantee of profit/ lossÂ  suffred.ğŸ‘†. CryptoÂ  is subjected to market riskğŸ‘†trade at your own risk.#freesignals,"['FTM', 'USDTCall', 'type', 'ğŸ‘‰', 'futuresDirection', 'ğŸ‘‰', 'shortShort', 'zone0.1755TO0.1780Target0.1750âœ…0.1740âœ…0.1730âœ…0.1720âœ…Stop', 'loss0.1900ğŸš«Disclaimer', 'ğŸ‘‰', 'Call', 'risky', 'market', 'conditions.We', 'take', 'resposiblity', 'gurantee', 'profit', 'loss', 'suffred.ğŸ‘†.', 'Crypto', 'subjected', 'market', 'riskğŸ‘†trade', 'risk.freesignals']"
The_CryptoLogy_Signals,2022-11-14,16:29:52,REN/ USDTCall type ğŸ‘‰ futuresDirection ğŸ‘‰Â  shortShort zone0.0781$TO0.079$Target0.078$âœ…0.077$âœ…0.076$âœ…0.075$âœ…Stop loss0.088$ğŸš«Disclaimer ğŸ‘‰Â  Call is risky in such market conditions.We do not take resposiblity and gurantee of profit/ lossÂ  suffred.ğŸ‘†. CryptoÂ  is subjected to market riskğŸ‘†trade at your own risk.#FreeSignal,"['REN', 'USDTCall', 'type', 'ğŸ‘‰', 'futuresDirection', 'ğŸ‘‰', 'shortShort', 'zone0.0781TO0.079Target0.078âœ…0.077âœ…0.076âœ…0.075âœ…Stop', 'loss0.088ğŸš«Disclaimer', 'ğŸ‘‰', 'Call', 'risky', 'market', 'conditions.We', 'take', 'resposiblity', 'gurantee', 'profit', 'loss', 'suffred.ğŸ‘†.', 'Crypto', 'subjected', 'market', 'riskğŸ‘†trade', 'risk.FreeSignal']"
The_CryptoLogy_Signals,2022-11-14,16:36:38,CHZ/ USDTCall type ğŸ‘‰ futuresDirection ğŸ‘‰Â  shortShort zone0.190$TO0.200$Target0.189$âœ…0.188$âœ…0.187$âœ…0.186$âœ…0.185$âœ…0.184$âœ…Stop loss0.220$ğŸš«Disclaimer ğŸ‘‰Â  Call is risky in such market conditions.We do not take resposiblity and gurantee of profit/ lossÂ  suffred.ğŸ‘†. CryptoÂ  is subjected to market riskğŸ‘†trade at your own risk.,"['CHZ', 'USDTCall', 'type', 'ğŸ‘‰', 'futuresDirection', 'ğŸ‘‰', 'shortShort', 'zone0.190TO0.200Target0.189âœ…0.188âœ…0.187âœ…0.186âœ…0.185âœ…0.184âœ…Stop', 'loss0.220ğŸš«Disclaimer', 'ğŸ‘‰', 'Call', 'risky', 'market', 'conditions.We', 'take', 'resposiblity', 'gurantee', 'profit', 'loss', 'suffred.ğŸ‘†.', 'Crypto', 'subjected', 'market', 'riskğŸ‘†trade', 'risk.']"
The_CryptoLogy_Signals,2022-11-14,16:45:29,TRX/ USDT   Call type ğŸ‘‰ futures  Direction ğŸ‘‰Â Â  short  Leverage ğŸ‘‰Â Â  2x  Short zone  0.0495$  TO  0.0510$    Target  0.0490$âœ…   0.0485$âœ…   0.0480$âœ…   0.0475$âœ…  0.057$âœ…   Stop loss 0.58$ğŸš«    Disclaimer ğŸ‘‰Â  Call is risky in such market conditions.We do not takeâ€¦,"['TRX', 'USDT', 'Call', 'type', 'ğŸ‘‰', 'future', 'Direction', 'ğŸ‘‰', 'short', 'Leverage', 'ğŸ‘‰', '2x', 'Short', 'zone', '0.0495', 'TO', '0.0510', 'Target', '0.0490âœ…', '0.0485âœ…', '0.0480âœ…', '0.0475âœ…', '0.057âœ…', 'Stop', 'loss', '0.58ğŸš«', 'Disclaimer', 'ğŸ‘‰', 'Call', 'risky', 'market', 'conditions.We', 'takeâ€¦']"
The_CryptoLogy_Signals,2022-11-14,16:46:47,BNB/ USDT   Call type ğŸ‘‰ futures  Direction ğŸ‘‰Â  short  Short zone  277$  TO  280$    Target  276$âœ…   275$âœ…   274$âœ…   273$âœ…  272$âœ…  271$âœ…  Stop loss 302$ğŸš«    Disclaimer ğŸ‘‰Â  Call is risky in such market conditions.We do not take resposiblity and gurantee of profit/â€¦,"['BNB', 'USDT', 'Call', 'type', 'ğŸ‘‰', 'future', 'Direction', 'ğŸ‘‰', 'short', 'Short', 'zone', '277', 'TO', '280', 'Target', '276âœ…', '275âœ…', '274âœ…', '273âœ…', '272âœ…', '271âœ…', 'Stop', 'loss', '302ğŸš«', 'Disclaimer', 'ğŸ‘‰', 'Call', 'risky', 'market', 'conditions.We', 'take', 'resposiblity', 'gurantee', 'profitâ€¦']"
The_CryptoLogy_Signals,2022-11-14,16:47:42,FTM/ USDT   Call type ğŸ‘‰ futures  Direction ğŸ‘‰Â  short  Short zone  0.1755$  TO  0.1780$    Target  0.1750âœ…   0.1740$âœ…   0.1730$âœ…   0.1720$âœ…    Stop loss 0.1900$ğŸš«    Disclaimer ğŸ‘‰Â  Call is risky in such market conditions.We do not take resposiblity and guranteeâ€¦,"['FTM', 'USDT', 'Call', 'type', 'ğŸ‘‰', 'future', 'Direction', 'ğŸ‘‰', 'short', 'Short', 'zone', '0.1755', 'TO', '0.1780', 'Target', '0.1750âœ…', '0.1740âœ…', '0.1730âœ…', '0.1720âœ…', 'Stop', 'loss', '0.1900ğŸš«', 'Disclaimer', 'ğŸ‘‰', 'Call', 'risky', 'market', 'conditions.We', 'take', 'resposiblity', 'guranteeâ€¦']"
The_CryptoLogy_Signals,2022-11-14,16:52:25,SOL/ USDTCall type ğŸ‘‰ futuresDirection ğŸ‘‰Â  shortShort zone13.5$TO14.5$Target13.2$âœ…13.0$âœ…12.8$âœ…12.5$âœ…Stop loss16$ğŸš«Disclaimer ğŸ‘‰Â  Call is risky in such market conditions.We do not take resposiblity and gurantee of profit/ lossÂ  suffred.ğŸ‘†. CryptoÂ  is subjected to market riskğŸ‘†trade at your own risk.,"['SOL', 'USDTCall', 'type', 'ğŸ‘‰', 'futuresDirection', 'ğŸ‘‰', 'shortShort', 'zone13.5TO14.5Target13.2âœ…13.0âœ…12.8âœ…12.5âœ…Stop', 'loss16ğŸš«Disclaimer', 'ğŸ‘‰', 'Call', 'risky', 'market', 'conditions.We', 'take', 'resposiblity', 'gurantee', 'profit', 'loss', 'suffred.ğŸ‘†.', 'Crypto', 'subjected', 'market', 'riskğŸ‘†trade', 'risk.']"
The_CryptoLogy_Signals,2022-11-15,05:29:53,BTC facing  resistsnce from 17100$ to 17500$.ğŸ‘† Price saw an upward spike and market got rejection from 17k levelâœ…. For a good upside move btc need to breach 17500$ level in order to move upsideğŸ‘†. Local support area 15900$ to 15500$âœ…. Volume is low  need a good upside  volume breakout,"['BTC', 'facing', 'resistsnce', '17100', '17500.ğŸ‘†', 'Price', 'saw', 'upward', 'spike', 'market', 'got', 'rejection', '17k', 'levelâœ….', 'For', 'good', 'upside', 'move', 'btc', 'need', 'breach', '17500', 'level', 'order', 'move', 'upsideğŸ‘†.', 'Local', 'support', 'area', '15900', '15500âœ….', 'Volume', 'low', 'need', 'good', 'upside', 'volume', 'breakout']"
The_CryptoLogy_Signals,2022-11-16,04:29:26,FIL/USDTSignal Type: Regular (Long)Leverage: Isolated(25X)Entry Targets :ğŸ­) 4.495ğŸ®) 4.329Take Profit Targets :1) 4.5312) 4.6013) 4.6594) 4.7095) 4.800Stop Loss:ğŸ­) 4.216,"['FILUSDTSignal', 'Type', 'Regular', 'LongLeverage', 'Isolated25XEntry', 'Targets', 'ğŸ­', '4.495ğŸ®', '4.329Take', 'Profit', 'Targets', '1', '4.5312', '4.6013', '4.6594', '4.7095', '4.800Stop', 'LossğŸ­', '4.216']"
The_CryptoLogy_Signals,2022-11-16,09:03:34,ğŸ’  UNI_BTC - Buy signal ğŸ’ Current Price: 0.00036130 (Binance)Suggested Targets ğŸ¯:T1 0.00036491T2 0.00036853T3 0.00037214T4 0.00037936Vol 24h: 165.72076663STOP â›” 0.00035046SCALPING #UNI#FreeSignal,"['ğŸ’ ', 'UNIBTC', '-', 'Buy', 'signal', 'ğŸ’ Current', 'Price', '0.00036130', 'BinanceSuggested', 'Targets', 'ğŸ¯T1', '0.00036491T2', '0.00036853T3', '0.00037214T4', '0.00037936Vol', '24h', '165.72076663STOP', 'â›”', '0.00035046SCALPING', 'UNIFreeSignal']"
The_CryptoLogy_Signals,2022-11-17,02:02:02,BNB/ USDT   Call type ğŸ‘‰ futures  Direction ğŸ‘‰Â  short  Short zone  277$  TO  280$    Target  276$âœ…   275$âœ…   274$âœ…   273$âœ…  272$âœ…  271$âœ…  Stop loss 302$ğŸš«    Disclaimer ğŸ‘‰Â  Call is risky in such market conditions.We do not take resposiblity and gurantee of profit/â€¦,"['BNB', 'USDT', 'Call', 'type', 'ğŸ‘‰', 'future', 'Direction', 'ğŸ‘‰', 'short', 'Short', 'zone', '277', 'TO', '280', 'Target', '276âœ…', '275âœ…', '274âœ…', '273âœ…', '272âœ…', '271âœ…', 'Stop', 'loss', '302ğŸš«', 'Disclaimer', 'ğŸ‘‰', 'Call', 'risky', 'market', 'conditions.We', 'take', 'resposiblity', 'gurantee', 'profitâ€¦']"
The_CryptoLogy_Signals,2022-11-17,02:02:36,MATIC/ USDT   Call type ğŸ‘‰ futures  Direction ğŸ‘‰Â  short  Short zone  0.905$  TO  0.930$    Target    0.900$âœ…   0.890$âœ…   0.880$âœ…   0.870$âœ…  Stop loss 1.0$ğŸš«    Disclaimer ğŸ‘‰Â  Call is risky in such market conditions.We do not take resposiblity and gurantee of profit/â€¦,"['MATIC', 'USDT', 'Call', 'type', 'ğŸ‘‰', 'future', 'Direction', 'ğŸ‘‰', 'short', 'Short', 'zone', '0.905', 'TO', '0.930', 'Target', '0.900âœ…', '0.890âœ…', '0.880âœ…', '0.870âœ…', 'Stop', 'loss', '1.0ğŸš«', 'Disclaimer', 'ğŸ‘‰', 'Call', 'risky', 'market', 'conditions.We', 'take', 'resposiblity', 'gurantee', 'profitâ€¦']"
The_CryptoLogy_Signals,2022-11-17,02:03:07,REN/ USDT   Call type ğŸ‘‰ futures  Direction ğŸ‘‰Â  short  Short zone  0.0781$  TO  0.079$    Target    0.078$âœ…   0.077$âœ…   0.076$âœ…   0.075$âœ…  Stop loss 0.088$ğŸš«    Disclaimer ğŸ‘‰Â  Call is risky in such market conditions.We do not take resposiblity and gurantee ofâ€¦,"['REN', 'USDT', 'Call', 'type', 'ğŸ‘‰', 'future', 'Direction', 'ğŸ‘‰', 'short', 'Short', 'zone', '0.0781', 'TO', '0.079', 'Target', '0.078âœ…', '0.077âœ…', '0.076âœ…', '0.075âœ…', 'Stop', 'loss', '0.088ğŸš«', 'Disclaimer', 'ğŸ‘‰', 'Call', 'risky', 'market', 'conditions.We', 'take', 'resposiblity', 'gurantee', 'ofâ€¦']"
The_CryptoLogy_Signals,2022-11-17,07:00:18,ğŸ’BUY #BAND/USDT #LONGEntry Targets: 2.013 1.950Take-Profit Targets:1) 2.0212) 2.0313) 2.0424) 2.0605) 2.0806) 2.1007) 2.1258) 2.155Leverage: Cross 20xStop-Loss: 1.85,"['ğŸ’BUY', 'BANDUSDT', 'LONGEntry', 'Targets', '2.013', '1.950Take-Profit', 'Targets1', '2.0212', '2.0313', '2.0424', '2.0605', '2.0806', '2.1007', '2.1258', '2.155Leverage', 'Cross', '20xStop-Loss', '1.85']"
The_CryptoLogy_Signals,2022-11-17,14:24:29,ğŸŸ¢ Long#ATA/USDTEntry : 0.1023 - 0.1032Targets : 1) 0.10272) 0.10493) 0.10704) 0.1091Stop : 957614,"['ğŸŸ¢', 'LongATAUSDTEntry', '0.1023', '-', '0.1032Targets', '1', '0.10272', '0.10493', '0.10704', '0.1091Stop', '957614']"
The_CryptoLogy_Signals,2022-11-17,14:25:14,"Binance Futures, ByBit USDT#BAND/USDT Take-Profit target 1 âœ…Take-Profit target 2 âœ…Take-Profit target 3 âœ…Take-Profit target 4 âœ…Profit: 25.3353% ğŸ“ˆPeriod: 4 Hours 3 Minutes â°","['Binance', 'Futures', 'ByBit', 'USDTBANDUSDT', 'Take-Profit', 'target', '1', 'âœ…Take-Profit', 'target', '2', 'âœ…Take-Profit', 'target', '3', 'âœ…Take-Profit', 'target', '4', 'âœ…Profit', '25.3353', 'ğŸ“ˆPeriod', '4', 'Hours', '3', 'Minutes', 'â°']"
The_CryptoLogy_Signals,2022-11-17,16:10:04,SOL/ USDT   Call type ğŸ‘‰ futures  Direction ğŸ‘‰Â  short  Short zone  13.5$  TO  14.5$    Target  13.2$âœ…   13.0$âœ…   12.8$âœ…   12.5$âœ…       Stop loss 16$ğŸš«    Disclaimer ğŸ‘‰Â  Call is risky in such market conditions.We do not take resposiblity and gurantee of profit/â€¦,"['SOL', 'USDT', 'Call', 'type', 'ğŸ‘‰', 'future', 'Direction', 'ğŸ‘‰', 'short', 'Short', 'zone', '13.5', 'TO', '14.5', 'Target', '13.2âœ…', '13.0âœ…', '12.8âœ…', '12.5âœ…', 'Stop', 'loss', '16ğŸš«', 'Disclaimer', 'ğŸ‘‰', 'Call', 'risky', 'market', 'conditions.We', 'take', 'resposiblity', 'gurantee', 'profitâ€¦']"
The_CryptoLogy_Signals,2022-11-20,13:03:47,"Alert newsâ—ï¸â—ï¸â—ï¸FTX ""hacker"" has converted 25,000 $ETH worth $30 million into Bitcoin, on-chain data reveals.ğŸ˜±ğŸ¥¶ğŸš©","['Alert', 'newsâ—ï¸â—ï¸â—ï¸FTX', 'hacker', 'converted', '25000', 'ETH', 'worth', '30', 'million', 'Bitcoin', 'on-chain', 'data', 'reveals.ğŸ˜±ğŸ¥¶ğŸš©']"
The_CryptoLogy_Signals,2022-11-23,13:10:08,Binance Pool Officially Launches RavenCoin (RVN) Mining Poolhttps://www.binance.com/en/support/announcement/b9aaee162b9c4d90b868fdc716625446,"['Binance', 'Pool', 'Officially', 'Launches', 'RavenCoin', 'RVN', 'Mining', 'Poolhttpswww.binance.comensupportannouncementb9aaee162b9c4d90b868fdc716625446']"
The_CryptoLogy_Signals,2022-11-23,16:07:00,COTI/ USDTCall type ğŸ‘‰ futuresDirection ğŸ‘‰Â  shortShort zone0.071$TO0.072$Target0.0705$âœ…0.0710$âœ…0.0695$âœ…0.0690$âœ…0.0685$âœ…Stop loss0.0755$ğŸš«Disclaimer ğŸ‘‰Â  Call is risky in such market conditions.We do not take resposiblity and gurantee of profit/ lossÂ  suffred.ğŸ‘†. CryptoÂ  is subjected to market riskğŸ‘†trade at your own risk.,"['COTI', 'USDTCall', 'type', 'ğŸ‘‰', 'futuresDirection', 'ğŸ‘‰', 'shortShort', 'zone0.071TO0.072Target0.0705âœ…0.0710âœ…0.0695âœ…0.0690âœ…0.0685âœ…Stop', 'loss0.0755ğŸš«Disclaimer', 'ğŸ‘‰', 'Call', 'risky', 'market', 'conditions.We', 'take', 'resposiblity', 'gurantee', 'profit', 'loss', 'suffred.ğŸ‘†.', 'Crypto', 'subjected', 'market', 'riskğŸ‘†trade', 'risk.']"
The_CryptoLogy_Signals,2022-11-23,16:07:18,COTI/ USDT   Call type ğŸ‘‰ futures  Direction ğŸ‘‰Â  short  Short zone  0.071$  TO  0.072$    Target    0.0705$âœ…   0.0710$âœ…   0.0695$âœ…   0.0690$âœ…   0.0685$âœ…    Stop loss 0.0755$ğŸš«    Disclaimer ğŸ‘‰Â  Call is risky in such market conditions.We do not take resposiblityâ€¦,"['COTI', 'USDT', 'Call', 'type', 'ğŸ‘‰', 'future', 'Direction', 'ğŸ‘‰', 'short', 'Short', 'zone', '0.071', 'TO', '0.072', 'Target', '0.0705âœ…', '0.0710âœ…', '0.0695âœ…', '0.0690âœ…', '0.0685âœ…', 'Stop', 'loss', '0.0755ğŸš«', 'Disclaimer', 'ğŸ‘‰', 'Call', 'risky', 'market', 'conditions.We', 'take', 'resposiblityâ€¦']"
