henryscalper,2022-11-12,04:44:11,Channel created,"['Channel', 'created']"
henryscalper,2022-11-14,04:12:26,USDJPY buy now,"['USDJPY', 'buy']"
henryscalper,2022-11-14,04:15:07,USDJPY buy @139.139-138.939Sl: 138.739Tp: 139.439Tp: 139.639,"['USDJPY', 'buy', '139.139-138.939Sl', '138.739Tp', '139.439Tp', '139.639']"
henryscalper,2022-11-14,04:22:23,USDJPY buy @139.139-138.939  Sl: 138.739  Tp: 139.439 Tp: 139.639,"['USDJPY', 'buy', '139.139-138.939', 'Sl', '138.739', 'Tp', '139.439', 'Tp', '139.639']"
henryscalper,2022-11-14,04:25:57,USDJPY buy @139.139-138.939  Sl: 138.739  Tp: 139.439 Tp: 139.639,"['USDJPY', 'buy', '139.139-138.939', 'Sl', '138.739', 'Tp', '139.439', 'Tp', '139.639']"
henryscalper,2022-11-14,05:36:09,USDJPY buy @139.139-138.939  Sl: 138.739  Tp: 139.439 Tp: 139.639,"['USDJPY', 'buy', '139.139-138.939', 'Sl', '138.739', 'Tp', '139.439', 'Tp', '139.639']"
henryscalper,2022-11-14,05:40:13,,['None']
henryscalper,2022-11-14,10:19:34,,['None']
henryscalper,2022-11-14,10:19:56,GBPJPY buy now,"['GBPJPY', 'buy']"
henryscalper,2022-11-14,10:21:55,GBPJPY buy @165.196-164.996Sl: 164.796Tp: 165.496Tp: 165.696,"['GBPJPY', 'buy', '165.196-164.996Sl', '164.796Tp', '165.496Tp', '165.696']"
henryscalper,2022-11-14,10:26:56,GBPJPY buy @165.196-164.996  Sl: 164.796  Tp: 165.496 Tp: 165.696,"['GBPJPY', 'buy', '165.196-164.996', 'Sl', '164.796', 'Tp', '165.496', 'Tp', '165.696']"
henryscalper,2022-11-14,10:32:54,GBPJPY buy @165.196-164.996  Sl: 164.796  Tp: 165.496 Tp: 165.696,"['GBPJPY', 'buy', '165.196-164.996', 'Sl', '164.796', 'Tp', '165.496', 'Tp', '165.696']"
henryscalper,2022-11-14,11:17:46,GBPJPY buy @165.196-164.996  Sl: 164.796  Tp: 165.496 Tp: 165.696,"['GBPJPY', 'buy', '165.196-164.996', 'Sl', '164.796', 'Tp', '165.496', 'Tp', '165.696']"
henryscalper,2022-11-14,11:30:33,GBPJPY buy @165.196-164.996  Sl: 164.796  Tp: 165.496 Tp: 165.696,"['GBPJPY', 'buy', '165.196-164.996', 'Sl', '164.796', 'Tp', '165.496', 'Tp', '165.696']"
henryscalper,2022-11-14,11:38:09,,['None']
henryscalper,2022-11-14,12:19:59,,['None']
henryscalper,2022-11-14,12:22:17,USDJPY sell now,"['USDJPY', 'sell']"
henryscalper,2022-11-14,12:24:22,USDJPY sell @140.570-140.770Sl: 140.170Tp: 140.270Tp: 140.070,"['USDJPY', 'sell', '140.570-140.770Sl', '140.170Tp', '140.270Tp', '140.070']"
henryscalper,2022-11-14,12:26:24,USDJPY sell @140.570-140.770  Sl: 140.170  Tp: 140.270 Tp: 140.070,"['USDJPY', 'sell', '140.570-140.770', 'Sl', '140.170', 'Tp', '140.270', 'Tp', '140.070']"
henryscalper,2022-11-14,12:29:48,USDJPY sell @140.570-140.770  Sl: 140.170  Tp: 140.270 Tp: 140.070,"['USDJPY', 'sell', '140.570-140.770', 'Sl', '140.170', 'Tp', '140.270', 'Tp', '140.070']"
henryscalper,2022-11-14,12:45:45,USDJPY sell @140.570-140.770  Sl: 140.170  Tp: 140.270 Tp: 140.070,"['USDJPY', 'sell', '140.570-140.770', 'Sl', '140.170', 'Tp', '140.270', 'Tp', '140.070']"
henryscalper,2022-11-14,14:50:15,,['None']
henryscalper,2022-11-14,14:50:34,GBPUSD buy now,"['GBPUSD', 'buy']"
henryscalper,2022-11-14,14:53:18,GBPUSD buy now @1.17304-1.17004Sl: 1.16904Tp: 1.17604Tp: 1.178.04,"['GBPUSD', 'buy', '1.17304-1.17004Sl', '1.16904Tp', '1.17604Tp', '1.178.04']"
henryscalper,2022-11-14,14:54:40,GBPUSD buy now @1.17304-1.17004  Sl: 1.16904  Tp: 1.17604 Tp: 1.178.04,"['GBPUSD', 'buy', '1.17304-1.17004', 'Sl', '1.16904', 'Tp', '1.17604', 'Tp', '1.178.04']"
henryscalper,2022-11-14,15:17:19,GBPUSD buy now @1.17304-1.17004  Sl: 1.16904  Tp: 1.17604 Tp: 1.178.04,"['GBPUSD', 'buy', '1.17304-1.17004', 'Sl', '1.16904', 'Tp', '1.17604', 'Tp', '1.178.04']"
henryscalper,2022-11-14,15:51:37,"Daily Winning Pips HenryScalperMonday @ 14 November 2022‚Ä¢USDJPY Buy‚Ä¢ 50pips‚Ä¢GBPJPY Sell‚Ä¢ 50pips‚Ä¢USDJPY Sell‚Ä¢ 30pips ‚Ä¢GBPUSD Buy‚Ä¢ 24pipsTotal Pips Win - 154pips ‚òëÔ∏è‚Ä¢‚Ä¢‚Ä¢‚Ä¢‚Ä¢‚Ä¢‚Ä¢‚Ä¢‚Ä¢‚Ä¢‚Ä¢‚Ä¢‚Ä¢‚Ä¢‚Ä¢‚Ä¢‚Ä¢‚Ä¢‚Ä¢‚Ä¢‚Ä¢‚Ä¢‚Ä¢‚Ä¢‚Ä¢‚Ä¢‚Ä¢‚Ä¢‚Ä¢‚Ä¢‚Ä¢‚Ä¢‚Ä¢‚Ä¢‚Ä¢‚Ä¢What a good start for our circle trade without a loss üëèüèªüëèüèªüëèüèªIn trading, we must have patience and don't panic. My target for you guys is to ensure you guys in a financial freedom phase before 2024 end.Stay tune and more to come!","['Daily', 'Winning', 'Pips', 'HenryScalperMonday', '14', 'November', '2022‚Ä¢USDJPY', 'Buy‚Ä¢', '50pips‚Ä¢GBPJPY', 'Sell‚Ä¢', '50pips‚Ä¢USDJPY', 'Sell‚Ä¢', '30pips', '‚Ä¢GBPUSD', 'Buy‚Ä¢', '24pipsTotal', 'Pips', 'Win', '-', '154pips', '‚òëÔ∏è‚Ä¢‚Ä¢‚Ä¢‚Ä¢‚Ä¢‚Ä¢‚Ä¢‚Ä¢‚Ä¢‚Ä¢‚Ä¢‚Ä¢‚Ä¢‚Ä¢‚Ä¢‚Ä¢‚Ä¢‚Ä¢‚Ä¢‚Ä¢‚Ä¢‚Ä¢‚Ä¢‚Ä¢‚Ä¢‚Ä¢‚Ä¢‚Ä¢‚Ä¢‚Ä¢‚Ä¢‚Ä¢‚Ä¢‚Ä¢‚Ä¢‚Ä¢What', 'good', 'start', 'circle', 'trade', 'without', 'loss', 'üëèüèªüëèüèªüëèüèªIn', 'trading', 'must', 'patience', 'panic.', 'My', 'target', 'guy', 'ensure', 'guy', 'financial', 'freedom', 'phase', '2024', 'end.Stay', 'tune', 'come']"
henryscalper,2022-11-15,03:49:25,"GOOD MORNING ! Rise and shine everyone,mad respect to those who kept going when other gave up. That shows that you are committed to improving yourself, hopefully today better than yesterday. Let‚Äôs go, it‚Äôs time to get serious in trading.","['GOOD', 'MORNING', 'Rise', 'shine', 'everyonemad', 'respect', 'kept', 'going', 'gave', 'up.', 'That', 'show', 'committed', 'improving', 'yourself', 'hopefully', 'today', 'better', 'yesterday.', 'Let‚Äôs', 'go', 'it‚Äôs', 'time', 'get', 'serious', 'trading.']"
henryscalper,2022-11-15,07:06:39,"‚Ä¢My Prediction For Sell GBPJPY‚Ä¢-Fress zone resistance -Bearish Engulf TF H1However wait for price action and confirmation to entry, Always alert and follow my command like always üëå","['‚Ä¢My', 'Prediction', 'For', 'Sell', 'GBPJPY‚Ä¢-Fress', 'zone', 'resistance', '-Bearish', 'Engulf', 'TF', 'H1However', 'wait', 'price', 'action', 'confirmation', 'entry', 'Always', 'alert', 'follow', 'command', 'like', 'always', 'üëå']"
henryscalper,2022-11-15,08:38:41,,['None']
henryscalper,2022-11-15,08:39:28,XAUUSD buy now,"['XAUUSD', 'buy']"
henryscalper,2022-11-15,08:40:40,XAUUSD buy @1774.67-1771.67Sl: 1769.67Tp: 1779.67Tp: 1784.67,"['XAUUSD', 'buy', '1774.67-1771.67Sl', '1769.67Tp', '1779.67Tp', '1784.67']"
henryscalper,2022-11-15,08:42:03,XAUUSD buy @1774.67-1771.67  Sl: 1769.67  Tp: 1779.67 Tp: 1784.67,"['XAUUSD', 'buy', '1774.67-1771.67', 'Sl', '1769.67', 'Tp', '1779.67', 'Tp', '1784.67']"
henryscalper,2022-11-15,08:51:40,XAUUSD buy @1774.67-1771.67  Sl: 1769.67  Tp: 1779.67 Tp: 1784.67,"['XAUUSD', 'buy', '1774.67-1771.67', 'Sl', '1769.67', 'Tp', '1779.67', 'Tp', '1784.67']"
henryscalper,2022-11-15,08:58:42,XAUUSD buy @1774.67-1771.67  Sl: 1769.67  Tp: 1779.67 Tp: 1784.67,"['XAUUSD', 'buy', '1774.67-1771.67', 'Sl', '1769.67', 'Tp', '1779.67', 'Tp', '1784.67']"
henryscalper,2022-11-15,09:29:14,,['None']
henryscalper,2022-11-15,09:31:33,GBPUSD sell now,"['GBPUSD', 'sell']"
henryscalper,2022-11-15,09:34:24,GBPUSD sell @1.18327-1.18527Sl: 1.18727Tp: 1.18027Tp: 1.17827,"['GBPUSD', 'sell', '1.18327-1.18527Sl', '1.18727Tp', '1.18027Tp', '1.17827']"
henryscalper,2022-11-15,09:37:57,GBPUSD sell @1.18327-1.18527  Sl: 1.18727  Tp: 1.18027 Tp: 1.17827,"['GBPUSD', 'sell', '1.18327-1.18527', 'Sl', '1.18727', 'Tp', '1.18027', 'Tp', '1.17827']"
henryscalper,2022-11-15,09:47:46,GBPUSD sell @1.18327-1.18527  Sl: 1.18727  Tp: 1.18027 Tp: 1.17827,"['GBPUSD', 'sell', '1.18327-1.18527', 'Sl', '1.18727', 'Tp', '1.18027', 'Tp', '1.17827']"
henryscalper,2022-11-15,11:12:38,News Alert üõ°US session got a news high impact for USD! Stanby everyone for my command üëå,"['News', 'Alert', 'üõ°US', 'session', 'got', 'news', 'high', 'impact', 'USD', 'Stanby', 'everyone', 'command', 'üëå']"
henryscalper,2022-11-15,11:27:27,Lot Sizing Tips (Money Management) HenryScalper50 usd üî≥High risk = 0.10 lotMid risk = 0.05 lotLow risk = 0.01 lot100 usd üî≥High risk = 0.20 lotMid risk = 0.10 lotLow risk = 0.01 lot200 usd üî≥High risk = 0.40 lotMid risk = 0.20 lotLow risk = 0.02 lot500 usd üî≥High risk = 1.00 lotMid risk = 0.50 lotLow risk = 0.05 lot1000 usd üî≥High risk = 2.00 lotMid risk = 1.00 lotLow risk = 0.10 lotIf you have an amount that is different from the amount above. Take the amount that is closest to the amount above and try to calculate.,"['Lot', 'Sizing', 'Tips', 'Money', 'Management', 'HenryScalper50', 'usd', 'üî≥High', 'risk', '0.10', 'lotMid', 'risk', '0.05', 'lotLow', 'risk', '0.01', 'lot100', 'usd', 'üî≥High', 'risk', '0.20', 'lotMid', 'risk', '0.10', 'lotLow', 'risk', '0.01', 'lot200', 'usd', 'üî≥High', 'risk', '0.40', 'lotMid', 'risk', '0.20', 'lotLow', 'risk', '0.02', 'lot500', 'usd', 'üî≥High', 'risk', '1.00', 'lotMid', 'risk', '0.50', 'lotLow', 'risk', '0.05', 'lot1000', 'usd', 'üî≥High', 'risk', '2.00', 'lotMid', 'risk', '1.00', 'lotLow', 'risk', '0.10', 'lotIf', 'amount', 'different', 'amount', 'above.', 'Take', 'amount', 'closest', 'amount', 'try', 'calculate.']"
henryscalper,2022-11-15,11:28:15,Here tips for everyone to calculate your use lot sizing and makesure can manage properly and keep discipline.#KingHenry#TradeWithConfidence,"['Here', 'tip', 'everyone', 'calculate', 'use', 'lot', 'sizing', 'makesure', 'manage', 'properly', 'keep', 'discipline.KingHenryTradeWithConfidence']"
henryscalper,2022-11-15,11:28:21,HenryScalper pinned ¬´Lot Sizing Tips (Money Management) HenryScalper  50 usd üî≥ High risk = 0.10 lot Mid risk = 0.05 lot Low risk = 0.01 lot  100 usd üî≥ High risk = 0.20 lot Mid risk = 0.10 lot Low risk = 0.01 lot  200 usd üî≥ High risk = 0.40 lot Mid risk = 0.20 lot Low risk = 0.02‚Ä¶¬ª,"['HenryScalper', 'pinned', '¬´Lot', 'Sizing', 'Tips', 'Money', 'Management', 'HenryScalper', '50', 'usd', 'üî≥', 'High', 'risk', '0.10', 'lot', 'Mid', 'risk', '0.05', 'lot', 'Low', 'risk', '0.01', 'lot', '100', 'usd', 'üî≥', 'High', 'risk', '0.20', 'lot', 'Mid', 'risk', '0.10', 'lot', 'Low', 'risk', '0.01', 'lot', '200', 'usd', 'üî≥', 'High', 'risk', '0.40', 'lot', 'Mid', 'risk', '0.20', 'lot', 'Low', 'risk', '0.02‚Ä¶¬ª']"
henryscalper,2022-11-15,12:10:16,,['None']
henryscalper,2022-11-15,12:13:40,XAUUSD buy now,"['XAUUSD', 'buy']"
henryscalper,2022-11-15,12:14:50,XAUUSD buy @1774.87-1771.87Sl: 1769.87Tp: 1779.86Tp: 1784.86,"['XAUUSD', 'buy', '1774.87-1771.87Sl', '1769.87Tp', '1779.86Tp', '1784.86']"
henryscalper,2022-11-15,12:29:56,XAUUSD buy @1774.87-1771.87  Sl: 1769.87  Tp: 1779.86 Tp: 1784.86,"['XAUUSD', 'buy', '1774.87-1771.87', 'Sl', '1769.87', 'Tp', '1779.86', 'Tp', '1784.86']"
henryscalper,2022-11-15,13:09:43,XAUUSD buy @1774.87-1771.87  Sl: 1769.87  Tp: 1779.86 Tp: 1784.86,"['XAUUSD', 'buy', '1774.87-1771.87', 'Sl', '1769.87', 'Tp', '1779.86', 'Tp', '1784.86']"
henryscalper,2022-11-15,13:12:04,XAUUSD buy @1774.87-1771.87  Sl: 1769.87  Tp: 1779.86 Tp: 1784.86,"['XAUUSD', 'buy', '1774.87-1771.87', 'Sl', '1769.87', 'Tp', '1779.86', 'Tp', '1784.86']"
henryscalper,2022-11-15,13:32:34,XAUUSD buy @1774.87-1771.87  Sl: 1769.87  Tp: 1779.86 Tp: 1784.86,"['XAUUSD', 'buy', '1774.87-1771.87', 'Sl', '1769.87', 'Tp', '1779.86', 'Tp', '1784.86']"
henryscalper,2022-11-15,13:34:53,XAUUSD buy @1774.87-1771.87  Sl: 1769.87  Tp: 1779.86 Tp: 1784.86,"['XAUUSD', 'buy', '1774.87-1771.87', 'Sl', '1769.87', 'Tp', '1779.86', 'Tp', '1784.86']"
henryscalper,2022-11-15,13:37:23,,['None']
henryscalper,2022-11-15,13:50:47,,['None']
henryscalper,2022-11-15,13:54:27,XAUUSD buy now,"['XAUUSD', 'buy']"
henryscalper,2022-11-15,13:55:17,XAUUSD buy @1774-1771Sl: 1769Tp: 1779Tp: 1784,"['XAUUSD', 'buy', '1774-1771Sl', '1769Tp', '1779Tp', '1784']"
henryscalper,2022-11-15,13:56:56,XAUUSD buy @1774-1771  Sl: 1769 Tp: 1779 Tp: 1784,"['XAUUSD', 'buy', '1774-1771', 'Sl', '1769', 'Tp', '1779', 'Tp', '1784']"
henryscalper,2022-11-15,15:00:49,,['None']
henryscalper,2022-11-15,15:01:17,XAUUSD sell now,"['XAUUSD', 'sell']"
henryscalper,2022-11-15,15:02:14,XAUUSD sell @1772.03-1775.03Sl: 1777.03Tp: 1767.03Tp: 1762.03,"['XAUUSD', 'sell', '1772.03-1775.03Sl', '1777.03Tp', '1767.03Tp', '1762.03']"
henryscalper,2022-11-15,15:09:38,XAUUSD sell @1772.03-1775.03  Sl: 1777.03  Tp: 1767.03 Tp: 1762.03,"['XAUUSD', 'sell', '1772.03-1775.03', 'Sl', '1777.03', 'Tp', '1767.03', 'Tp', '1762.03']"
henryscalper,2022-11-15,15:29:28,,['None']
henryscalper,2022-11-15,15:30:06,XAUUSD sell now,"['XAUUSD', 'sell']"
henryscalper,2022-11-15,15:31:04,XAUUSD sell @1773.38-1776.38Sl: 1778.38Tp: 1768.38Tp: 1763.38,"['XAUUSD', 'sell', '1773.38-1776.38Sl', '1778.38Tp', '1768.38Tp', '1763.38']"
henryscalper,2022-11-15,15:42:01,XAUUSD sell @1773.38-1776.38  Sl: 1778.38  Tp: 1768.38 Tp: 1763.38,"['XAUUSD', 'sell', '1773.38-1776.38', 'Sl', '1778.38', 'Tp', '1768.38', 'Tp', '1763.38']"
henryscalper,2022-11-15,15:48:21,XAUUSD sell @1773.38-1776.38  Sl: 1778.38  Tp: 1768.38 Tp: 1763.38,"['XAUUSD', 'sell', '1773.38-1776.38', 'Sl', '1778.38', 'Tp', '1768.38', 'Tp', '1763.38']"
henryscalper,2022-11-15,17:05:17,XAUUSD sell @1773.38-1776.38  Sl: 1778.38  Tp: 1768.38 Tp: 1763.38,"['XAUUSD', 'sell', '1773.38-1776.38', 'Sl', '1778.38', 'Tp', '1768.38', 'Tp', '1763.38']"
henryscalper,2022-11-15,17:07:14,,['None']
henryscalper,2022-11-16,04:43:43,"Good Morning Hunters! new day, new challenge, the only thing left is the attitude of giving up, the attitude of continuing to strive to achieve our goals today.Success is not a journey, but success is a destination. stay the same destination and keep working until done!Let‚Äôs continue our journey today üí™üèæ","['Good', 'Morning', 'Hunters', 'new', 'day', 'new', 'challenge', 'thing', 'left', 'attitude', 'giving', 'up', 'attitude', 'continuing', 'strive', 'achieve', 'goal', 'today.Success', 'journey', 'success', 'destination.', 'stay', 'destination', 'keep', 'working', 'doneLet‚Äôs', 'continue', 'journey', 'today', 'üí™üèæ']"
henryscalper,2022-11-16,05:30:37,,['None']
henryscalper,2022-11-16,05:31:22,GBPJPY sell now,"['GBPJPY', 'sell']"
henryscalper,2022-11-16,05:33:19,GBPJPY sell @166.042-166.242Sl: 166.424Tp: 165.742Tp: 165.542,"['GBPJPY', 'sell', '166.042-166.242Sl', '166.424Tp', '165.742Tp', '165.542']"
henryscalper,2022-11-16,05:42:22,GBPJPY sell @166.042-166.242  Sl: 166.424  Tp: 165.742 Tp: 165.542,"['GBPJPY', 'sell', '166.042-166.242', 'Sl', '166.424', 'Tp', '165.742', 'Tp', '165.542']"
henryscalper,2022-11-16,09:04:27,,['None']
henryscalper,2022-11-16,09:04:40,XAUUSD sell now,"['XAUUSD', 'sell']"
henryscalper,2022-11-16,09:06:01,XAUUSD sell @1780.18-1783.18Sl: 1785.18Tp: 1775.18Tp: 1770.18,"['XAUUSD', 'sell', '1780.18-1783.18Sl', '1785.18Tp', '1775.18Tp', '1770.18']"
henryscalper,2022-11-16,09:11:37,XAUUSD sell @1780.18-1783.18  Sl: 1785.18  Tp: 1775.18 Tp: 1770.18,"['XAUUSD', 'sell', '1780.18-1783.18', 'Sl', '1785.18', 'Tp', '1775.18', 'Tp', '1770.18']"
henryscalper,2022-11-16,10:39:33,XAUUSD sell @1780.18-1783.18  Sl: 1785.18  Tp: 1775.18 Tp: 1770.18,"['XAUUSD', 'sell', '1780.18-1783.18', 'Sl', '1785.18', 'Tp', '1775.18', 'Tp', '1770.18']"
henryscalper,2022-11-16,12:45:59,XAUUSD sell @1780.18-1783.18  Sl: 1785.18  Tp: 1775.18 Tp: 1770.18,"['XAUUSD', 'sell', '1780.18-1783.18', 'Sl', '1785.18', 'Tp', '1775.18', 'Tp', '1770.18']"
henryscalper,2022-11-16,13:18:11,XAUUSD sell @1780.18-1783.18  Sl: 1785.18  Tp: 1775.18 Tp: 1770.18,"['XAUUSD', 'sell', '1780.18-1783.18', 'Sl', '1785.18', 'Tp', '1775.18', 'Tp', '1770.18']"
henryscalper,2022-11-16,13:32:59,XAUUSD sell @1780.18-1783.18  Sl: 1785.18  Tp: 1775.18 Tp: 1770.18,"['XAUUSD', 'sell', '1780.18-1783.18', 'Sl', '1785.18', 'Tp', '1775.18', 'Tp', '1770.18']"
henryscalper,2022-11-16,13:34:30,,['None']
henryscalper,2022-11-16,13:45:26,Good day for us!  Let‚Äôs show ur blues feedback now My Friend üòéhttps://fb.watch/gQgyK5wRY5/,"['Good', 'day', 'u', 'Let‚Äôs', 'show', 'ur', 'blue', 'feedback', 'My', 'Friend', 'üòéhttpsfb.watchgQgyK5wRY5']"
henryscalper,2022-11-16,13:48:30,,['None']
henryscalper,2022-11-16,13:48:57,GBPJPY sell now,"['GBPJPY', 'sell']"
henryscalper,2022-11-16,13:50:40,GBPJPY sell @166.124-166.324Sl: 166.524Tp: 165.824Tp: 165.624,"['GBPJPY', 'sell', '166.124-166.324Sl', '166.524Tp', '165.824Tp', '165.624']"
henryscalper,2022-11-16,13:54:01,GBPJPY sell @166.124-166.324  Sl: 166.524  Tp: 165.824 Tp: 165.624,"['GBPJPY', 'sell', '166.124-166.324', 'Sl', '166.524', 'Tp', '165.824', 'Tp', '165.624']"
henryscalper,2022-11-16,14:00:12,GBPJPY sell @166.124-166.324  Sl: 166.524  Tp: 165.824 Tp: 165.624,"['GBPJPY', 'sell', '166.124-166.324', 'Sl', '166.524', 'Tp', '165.824', 'Tp', '165.624']"
henryscalper,2022-11-16,14:22:04,GBPJPY sell @166.124-166.324  Sl: 166.524  Tp: 165.824 Tp: 165.624,"['GBPJPY', 'sell', '166.124-166.324', 'Sl', '166.524', 'Tp', '165.824', 'Tp', '165.624']"
henryscalper,2022-11-16,14:24:20,GBPJPY sell @166.124-166.324  Sl: 166.524  Tp: 165.824 Tp: 165.624,"['GBPJPY', 'sell', '166.124-166.324', 'Sl', '166.524', 'Tp', '165.824', 'Tp', '165.624']"
henryscalper,2022-11-16,14:25:18,,['None']
henryscalper,2022-11-16,14:27:22,Show your spirit and give your KING new spirit vibes üîùhttps://fb.watch/gQgyK5wRY5/,"['Show', 'spirit', 'give', 'KING', 'new', 'spirit', 'vibe', 'üîùhttpsfb.watchgQgyK5wRY5']"
henryscalper,2022-11-16,14:38:25,GBPJPY sell @166.124-166.324  Sl: 166.524  Tp: 165.824 Tp: 165.624,"['GBPJPY', 'sell', '166.124-166.324', 'Sl', '166.524', 'Tp', '165.824', 'Tp', '165.624']"
henryscalper,2022-11-16,14:45:12,XAUUSD sell @1780.18-1783.18  Sl: 1785.18  Tp: 1775.18 Tp: 1770.18,"['XAUUSD', 'sell', '1780.18-1783.18', 'Sl', '1785.18', 'Tp', '1775.18', 'Tp', '1770.18']"
henryscalper,2022-11-16,15:07:32,XAUUSD sell @1780.18-1783.18  Sl: 1785.18  Tp: 1775.18 Tp: 1770.18,"['XAUUSD', 'sell', '1780.18-1783.18', 'Sl', '1785.18', 'Tp', '1775.18', 'Tp', '1770.18']"
henryscalper,2022-11-16,15:50:01,"Daily Winning Pips HenryScalper Wednesday @ 16 November 2022‚Ä¢GBPJPY Sell ‚Ä¢ 23pips‚Ä¢XAUUSD Sell‚Ä¢ 100pips‚Ä¢GBPJPY Sell‚Ä¢ 100pipsTotal Pips Win - 223pips ‚òëÔ∏è‚Ä¢‚Ä¢‚Ä¢‚Ä¢‚Ä¢‚Ä¢‚Ä¢‚Ä¢‚Ä¢‚Ä¢‚Ä¢‚Ä¢‚Ä¢‚Ä¢‚Ä¢‚Ä¢‚Ä¢‚Ä¢‚Ä¢‚Ä¢‚Ä¢‚Ä¢‚Ä¢‚Ä¢‚Ä¢‚Ä¢‚Ä¢‚Ä¢‚Ä¢‚Ä¢‚Ä¢‚Ä¢‚Ä¢‚Ä¢‚Ä¢‚Ä¢Be grateful for today! Eventhough today is a bit challenging, it doesn't mean we will give up.in fact something good is waiting. We still have a lot of time left to achieve our target. This is all the beginning of our success üòâ","['Daily', 'Winning', 'Pips', 'HenryScalper', 'Wednesday', '16', 'November', '2022‚Ä¢GBPJPY', 'Sell', '‚Ä¢', '23pips‚Ä¢XAUUSD', 'Sell‚Ä¢', '100pips‚Ä¢GBPJPY', 'Sell‚Ä¢', '100pipsTotal', 'Pips', 'Win', '-', '223pips', '‚òëÔ∏è‚Ä¢‚Ä¢‚Ä¢‚Ä¢‚Ä¢‚Ä¢‚Ä¢‚Ä¢‚Ä¢‚Ä¢‚Ä¢‚Ä¢‚Ä¢‚Ä¢‚Ä¢‚Ä¢‚Ä¢‚Ä¢‚Ä¢‚Ä¢‚Ä¢‚Ä¢‚Ä¢‚Ä¢‚Ä¢‚Ä¢‚Ä¢‚Ä¢‚Ä¢‚Ä¢‚Ä¢‚Ä¢‚Ä¢‚Ä¢‚Ä¢‚Ä¢Be', 'grateful', 'today', 'Eventhough', 'today', 'bit', 'challenging', 'mean', 'give', 'up.in', 'fact', 'something', 'good', 'waiting.', 'We', 'still', 'lot', 'time', 'left', 'achieve', 'target.', 'This', 'beginning', 'success', 'üòâ']"
henryscalper,2022-11-17,03:39:17,"Good Morning Hunters! I talked about dream yesterday.""Some people want it to happen,some wish it would happen andothers make it happen""Start to create your own tradingstrategy focus on daily target Always trade with proper moneymanagement and #TradeSmart","['Good', 'Morning', 'Hunters', 'I', 'talked', 'dream', 'yesterday.Some', 'people', 'want', 'happensome', 'wish', 'would', 'happen', 'andothers', 'make', 'happenStart', 'create', 'tradingstrategy', 'focus', 'daily', 'target', 'Always', 'trade', 'proper', 'moneymanagement', 'TradeSmart']"
henryscalper,2022-11-17,04:17:30,"Before party start, show your energy tap tap emoji first.","['Before', 'party', 'start', 'show', 'energy', 'tap', 'tap', 'emoji', 'first.']"
henryscalper,2022-11-17,04:28:33,XAUUSD sell @1780.18-1783.18  Sl: 1785.18  Tp: 1775.18 Tp: 1770.18,"['XAUUSD', 'sell', '1780.18-1783.18', 'Sl', '1785.18', 'Tp', '1775.18', 'Tp', '1770.18']"
henryscalper,2022-11-17,07:54:20,,['None']
henryscalper,2022-11-17,07:54:28,Let‚Äôs Scalping,"['Let‚Äôs', 'Scalping']"
henryscalper,2022-11-17,07:54:39,XAUUSD sell now,"['XAUUSD', 'sell']"
henryscalper,2022-11-17,07:56:11,XAUUSD sell @1766.11-1769.11Sl: 1771.11Tp: 1761.11Tp: 1756.11,"['XAUUSD', 'sell', '1766.11-1769.11Sl', '1771.11Tp', '1761.11Tp', '1756.11']"
henryscalper,2022-11-17,08:54:22,XAUUSD sell @1766.11-1769.11  Sl: 1771.11  Tp: 1761.11 Tp: 1756.11,"['XAUUSD', 'sell', '1766.11-1769.11', 'Sl', '1771.11', 'Tp', '1761.11', 'Tp', '1756.11']"
henryscalper,2022-11-17,09:00:58,XAUUSD sell @1766.11-1769.11  Sl: 1771.11  Tp: 1761.11 Tp: 1756.11,"['XAUUSD', 'sell', '1766.11-1769.11', 'Sl', '1771.11', 'Tp', '1761.11', 'Tp', '1756.11']"
henryscalper,2022-11-17,09:32:37,XAUUSD sell @1766.11-1769.11  Sl: 1771.11  Tp: 1761.11 Tp: 1756.11,"['XAUUSD', 'sell', '1766.11-1769.11', 'Sl', '1771.11', 'Tp', '1761.11', 'Tp', '1756.11']"
henryscalper,2022-11-17,09:36:42,XAUUSD sell @1766.11-1769.11  Sl: 1771.11  Tp: 1761.11 Tp: 1756.11,"['XAUUSD', 'sell', '1766.11-1769.11', 'Sl', '1771.11', 'Tp', '1761.11', 'Tp', '1756.11']"
henryscalper,2022-11-17,09:54:18,,['None']
henryscalper,2022-11-17,09:55:25,GBPJPY buy now,"['GBPJPY', 'buy']"
henryscalper,2022-11-17,09:58:08,GBPJPY buy @165.895-165.695Sl: 165.495Tp: 166.195Tp: 166.395,"['GBPJPY', 'buy', '165.895-165.695Sl', '165.495Tp', '166.195Tp', '166.395']"
henryscalper,2022-11-17,10:29:19,GBPJPY buy @165.895-165.695  Sl: 165.495  Tp: 166.195 Tp: 166.395,"['GBPJPY', 'buy', '165.895-165.695', 'Sl', '165.495', 'Tp', '166.195', 'Tp', '166.395']"
henryscalper,2022-11-17,10:53:24,,['None']
henryscalper,2022-11-17,10:54:50,GBPJPY buy now,"['GBPJPY', 'buy']"
henryscalper,2022-11-17,10:56:34,GBPJPY buy @165.795-165.595Sl: 165.395Tp: 166.095Tp: 166.295,"['GBPJPY', 'buy', '165.795-165.595Sl', '165.395Tp', '166.095Tp', '166.295']"
henryscalper,2022-11-17,10:58:45,GBPJPY buy @165.795-165.595  Sl: 165.395  Tp: 166.095 Tp: 166.295,"['GBPJPY', 'buy', '165.795-165.595', 'Sl', '165.395', 'Tp', '166.095', 'Tp', '166.295']"
henryscalper,2022-11-17,11:06:56,XAUUSD sell @1766.11-1769.11  Sl: 1771.11  Tp: 1761.11 Tp: 1756.11,"['XAUUSD', 'sell', '1766.11-1769.11', 'Sl', '1771.11', 'Tp', '1761.11', 'Tp', '1756.11']"
henryscalper,2022-11-17,11:26:24,,['None']
henryscalper,2022-11-17,11:33:49,GBPJPY buy now again!,"['GBPJPY', 'buy', 'again']"
henryscalper,2022-11-17,11:35:22,GBPJPY buy @165.758-165.558Sl: 165.358Tp: 166.058Tp: 166.258,"['GBPJPY', 'buy', '165.758-165.558Sl', '165.358Tp', '166.058Tp', '166.258']"
henryscalper,2022-11-17,11:42:10,GBPJPY buy @165.758-165.558  Sl: 165.358  Tp: 166.058 Tp: 166.258,"['GBPJPY', 'buy', '165.758-165.558', 'Sl', '165.358', 'Tp', '166.058', 'Tp', '166.258']"
henryscalper,2022-11-17,11:54:35,Stanby our US session everyone ! Big impact for usd will come. Stay alert & follow my command like always üëå,"['Stanby', 'US', 'session', 'everyone', 'Big', 'impact', 'usd', 'come.', 'Stay', 'alert', 'follow', 'command', 'like', 'always', 'üëå']"
henryscalper,2022-11-17,12:07:30,,['None']
henryscalper,2022-11-17,12:07:46,We counter ur GJ !,"['We', 'counter', 'ur', 'GJ']"
henryscalper,2022-11-17,12:07:58,GBPJPY sell now,"['GBPJPY', 'sell']"
henryscalper,2022-11-17,12:10:21,GBPJPY sell @165.779-165.979Sl: 166.179Tp: 165.479Tp: 165.279,"['GBPJPY', 'sell', '165.779-165.979Sl', '166.179Tp', '165.479Tp', '165.279']"
henryscalper,2022-11-17,12:24:57,GBPJPY sell @165.779-165.979  Sl: 166.179  Tp: 165.479 Tp: 165.279,"['GBPJPY', 'sell', '165.779-165.979', 'Sl', '166.179', 'Tp', '165.479', 'Tp', '165.279']"
henryscalper,2022-11-17,12:26:28,GBPJPY sell @165.779-165.979  Sl: 166.179  Tp: 165.479 Tp: 165.279,"['GBPJPY', 'sell', '165.779-165.979', 'Sl', '166.179', 'Tp', '165.479', 'Tp', '165.279']"
henryscalper,2022-11-17,13:06:54,XAUUSD sell @1766.11-1769.11  Sl: 1771.11  Tp: 1761.11 Tp: 1756.11,"['XAUUSD', 'sell', '1766.11-1769.11', 'Sl', '1771.11', 'Tp', '1761.11', 'Tp', '1756.11']"
henryscalper,2022-11-17,13:07:35,XAUUSD sell @1766.11-1769.11  Sl: 1771.11  Tp: 1761.11 Tp: 1756.11,"['XAUUSD', 'sell', '1766.11-1769.11', 'Sl', '1771.11', 'Tp', '1761.11', 'Tp', '1756.11']"
henryscalper,2022-11-17,13:41:30,GBPJPY sell @165.779-165.979  Sl: 166.179  Tp: 165.479 Tp: 165.279,"['GBPJPY', 'sell', '165.779-165.979', 'Sl', '166.179', 'Tp', '165.479', 'Tp', '165.279']"
henryscalper,2022-11-17,13:49:48,,['None']
henryscalper,2022-11-17,13:50:13,XAUUSD buy now,"['XAUUSD', 'buy']"
henryscalper,2022-11-17,13:51:22,XAUUSD buy 1757.15-1754.15Sl: 1752.15Tp: 1762.15Tp: 1767.15,"['XAUUSD', 'buy', '1757.15-1754.15Sl', '1752.15Tp', '1762.15Tp', '1767.15']"
henryscalper,2022-11-17,13:52:48,XAUUSD buy 1757.15-1754.15  Sl: 1752.15  Tp: 1762.15 Tp: 1767.15,"['XAUUSD', 'buy', '1757.15-1754.15', 'Sl', '1752.15', 'Tp', '1762.15', 'Tp', '1767.15']"
henryscalper,2022-11-17,14:03:57,XAUUSD sell @1766.11-1769.11  Sl: 1771.11  Tp: 1761.11 Tp: 1756.11,"['XAUUSD', 'sell', '1766.11-1769.11', 'Sl', '1771.11', 'Tp', '1761.11', 'Tp', '1756.11']"
henryscalper,2022-11-17,14:04:06,,['None']
henryscalper,2022-11-17,14:05:53,Today our journey very smooth & drop your feedback here üëáhttps://fb.watch/gQgyK5wRY5/,"['Today', 'journey', 'smooth', 'drop', 'feedback', 'üëáhttpsfb.watchgQgyK5wRY5']"
henryscalper,2022-11-17,14:15:30,,['None']
henryscalper,2022-11-17,14:16:56,XAUUSD buy now,"['XAUUSD', 'buy']"
henryscalper,2022-11-17,14:17:10,XAUUSD buy 1757.15-1754.15Sl: 1752.15Tp: 1762.15Tp: 1767.15,"['XAUUSD', 'buy', '1757.15-1754.15Sl', '1752.15Tp', '1762.15Tp', '1767.15']"
henryscalper,2022-11-17,14:17:53,Scalping only okay,"['Scalping', 'okay']"
henryscalper,2022-11-17,14:29:06,XAUUSD buy 1757.15-1754.15  Sl: 1752.15  Tp: 1762.15 Tp: 1767.15,"['XAUUSD', 'buy', '1757.15-1754.15', 'Sl', '1752.15', 'Tp', '1762.15', 'Tp', '1767.15']"
henryscalper,2022-11-17,14:37:20,XAUUSD buy 1757.15-1754.15  Sl: 1752.15  Tp: 1762.15 Tp: 1767.15,"['XAUUSD', 'buy', '1757.15-1754.15', 'Sl', '1752.15', 'Tp', '1762.15', 'Tp', '1767.15']"
henryscalper,2022-11-17,15:29:28,XAUUSD buy 1757.15-1754.15  Sl: 1752.15  Tp: 1762.15 Tp: 1767.15,"['XAUUSD', 'buy', '1757.15-1754.15', 'Sl', '1752.15', 'Tp', '1762.15', 'Tp', '1767.15']"
henryscalper,2022-11-17,15:32:09,,['None']
henryscalper,2022-11-17,15:37:25,"Somebody call the fire department for ur setup. hahahahaAs usual after we got, drop your feedback with the best caption üëáhttps://fb.watch/gQgyK5wRY5/","['Somebody', 'call', 'fire', 'department', 'ur', 'setup.', 'hahahahaAs', 'usual', 'got', 'drop', 'feedback', 'best', 'caption', 'üëáhttpsfb.watchgQgyK5wRY5']"
henryscalper,2022-11-17,16:23:01,"Daily Winning Pips HenryScalper Thursday @ 17 November 2022‚Ä¢XAUUSD SELL‚Ä¢ 138pips‚Ä¢GBPJPY BUY‚Ä¢ 22pips‚Ä¢GBPJPY BUY‚Ä¢ 20pips‚Ä¢GBPJPY SELL‚Ä¢ 50pips‚Ä¢XAUUSD BUY‚Ä¢ 20pips‚Ä¢XAUUSD BUY‚Ä¢ 50pipsTotal Pips Win - 300pips ‚òëÔ∏è‚Ä¢‚Ä¢‚Ä¢‚Ä¢‚Ä¢‚Ä¢‚Ä¢‚Ä¢‚Ä¢‚Ä¢‚Ä¢‚Ä¢‚Ä¢‚Ä¢‚Ä¢‚Ä¢‚Ä¢‚Ä¢‚Ä¢‚Ä¢‚Ä¢‚Ä¢‚Ä¢‚Ä¢‚Ä¢‚Ä¢‚Ä¢‚Ä¢‚Ä¢‚Ä¢‚Ä¢‚Ä¢‚Ä¢‚Ä¢‚Ä¢‚Ä¢Whatever Henry provides you is based on his experiences and knowledge, and you guys are free to judge its quality.We share the same mission, goal and challenges, so let‚Äôs put our trust in one another to achieve those objectives. We do and We will! Trust the process ü¶æ","['Daily', 'Winning', 'Pips', 'HenryScalper', 'Thursday', '17', 'November', '2022‚Ä¢XAUUSD', 'SELL‚Ä¢', '138pips‚Ä¢GBPJPY', 'BUY‚Ä¢', '22pips‚Ä¢GBPJPY', 'BUY‚Ä¢', '20pips‚Ä¢GBPJPY', 'SELL‚Ä¢', '50pips‚Ä¢XAUUSD', 'BUY‚Ä¢', '20pips‚Ä¢XAUUSD', 'BUY‚Ä¢', '50pipsTotal', 'Pips', 'Win', '-', '300pips', '‚òëÔ∏è‚Ä¢‚Ä¢‚Ä¢‚Ä¢‚Ä¢‚Ä¢‚Ä¢‚Ä¢‚Ä¢‚Ä¢‚Ä¢‚Ä¢‚Ä¢‚Ä¢‚Ä¢‚Ä¢‚Ä¢‚Ä¢‚Ä¢‚Ä¢‚Ä¢‚Ä¢‚Ä¢‚Ä¢‚Ä¢‚Ä¢‚Ä¢‚Ä¢‚Ä¢‚Ä¢‚Ä¢‚Ä¢‚Ä¢‚Ä¢‚Ä¢‚Ä¢Whatever', 'Henry', 'provides', 'based', 'experience', 'knowledge', 'guy', 'free', 'judge', 'quality.We', 'share', 'mission', 'goal', 'challenge', 'let‚Äôs', 'put', 'trust', 'one', 'another', 'achieve', 'objectives.', 'We', 'We', 'will', 'Trust', 'process', 'ü¶æ']"
henryscalper,2022-11-18,03:55:24,"Good Morning Superb Followers, last day of the week to trade, always focus, it is a difficult skill to acquire. it will require years to trials and errors before you get good at it.But once acquired, that skill will allow you to compound your money for the rest of you life like nothing else can. Let‚Äôs fight ! and  #TradeWithConfidence","['Good', 'Morning', 'Superb', 'Followers', 'last', 'day', 'week', 'trade', 'always', 'focus', 'difficult', 'skill', 'acquire.', 'require', 'year', 'trial', 'error', 'get', 'good', 'it.But', 'acquired', 'skill', 'allow', 'compound', 'money', 'rest', 'life', 'like', 'nothing', 'else', 'can.', 'Let‚Äôs', 'fight', 'TradeWithConfidence']"
henryscalper,2022-11-18,04:08:20,"I know everyone ready for the last day of the week, but i wanna see your energy first.Give me more than 300 tap tap emoji if everyone ready üí•","['I', 'know', 'everyone', 'ready', 'last', 'day', 'week', 'wanna', 'see', 'energy', 'first.Give', '300', 'tap', 'tap', 'emoji', 'everyone', 'ready', 'üí•']"
henryscalper,2022-11-18,09:01:17,,['None']
henryscalper,2022-11-18,09:01:44,GBPJPY sell now,"['GBPJPY', 'sell']"
henryscalper,2022-11-18,09:03:12,GBPJPY sell @166.940-167.140Sl: 167.340Tp: 166.640Tp: 166.440,"['GBPJPY', 'sell', '166.940-167.140Sl', '167.340Tp', '166.640Tp', '166.440']"
henryscalper,2022-11-18,09:28:43,GBPJPY sell @166.940-167.140  Sl: 167.340  Tp: 166.640 Tp: 166.440,"['GBPJPY', 'sell', '166.940-167.140', 'Sl', '167.340', 'Tp', '166.640', 'Tp', '166.440']"
henryscalper,2022-11-18,09:36:31,"Reasol for sell üëÜüèΩEngulf bearish zone for timeframe H4, but price break ur zone for want to be bullish continuation. After running 19pips profit just for retracement  price to make continuation.","['Reasol', 'sell', 'üëÜüèΩEngulf', 'bearish', 'zone', 'timeframe', 'H4', 'price', 'break', 'ur', 'zone', 'want', 'bullish', 'continuation.', 'After', 'running', '19pips', 'profit', 'retracement', 'price', 'make', 'continuation.']"
henryscalper,2022-11-18,09:45:50,We counter back if price pullback & stanby for more and more from me.,"['We', 'counter', 'back', 'price', 'pullback', 'stanby', 'me.']"
henryscalper,2022-11-18,10:06:40,ENGULFING -Engulfing is when a candle engulfs or eats the previous candle. -Engulfing is a good zone for us to entry in SNR. - THERE ARE 2 TYPES OF ENGULFING: 1) BULLISH ENGULFING 2) BEARISH ENGULFING,"['ENGULFING', '-Engulfing', 'candle', 'engulfs', 'eats', 'previous', 'candle.', '-Engulfing', 'good', 'zone', 'u', 'entry', 'SNR.', '-', 'THERE', 'ARE', '2', 'TYPES', 'OF', 'ENGULFING', '1', 'BULLISH', 'ENGULFING', '2', 'BEARISH', 'ENGULFING']"
henryscalper,2022-11-18,10:07:20,BULLISH ENGULFING(ENGULF BUY),"['BULLISH', 'ENGULFINGENGULF', 'BUY']"
henryscalper,2022-11-18,10:07:41,BEARISH ENGULFING(ENGULF SELL),"['BEARISH', 'ENGULFINGENGULF', 'SELL']"
henryscalper,2022-11-18,11:49:38,Let's understand what that is Support & Resistance in details ‚úÖ,"['Lets', 'understand', 'Support', 'Resistance', 'detail', '‚úÖ']"
henryscalper,2022-11-18,11:50:59,"SUPPORT AND RESISTANCE SnR is an indicator in the naked chart that is used to analyze price movements in the market. To identify SnR you have to deepen the knowledge of Market Structure Support (buy) Support occurs in the area where the price started to rise before making a retracement and resuming the rise. Usually this support zone will be in the LOW area Resistance (sell) Resistance occurs in the area where the price begins to decline before making a correction and resuming the decline. Usually the resistance zone will be in the HIGH area. P/S: If the area has 2 rejections either ascending or descending, it can be said to be an SnR zone. But it depends on the strength of the timeframe used","['SUPPORT', 'AND', 'RESISTANCE', 'SnR', 'indicator', 'naked', 'chart', 'used', 'analyze', 'price', 'movement', 'market.', 'To', 'identify', 'SnR', 'deepen', 'knowledge', 'Market', 'Structure', 'Support', 'buy', 'Support', 'occurs', 'area', 'price', 'started', 'rise', 'making', 'retracement', 'resuming', 'rise.', 'Usually', 'support', 'zone', 'LOW', 'area', 'Resistance', 'sell', 'Resistance', 'occurs', 'area', 'price', 'begin', 'decline', 'making', 'correction', 'resuming', 'decline.', 'Usually', 'resistance', 'zone', 'HIGH', 'area.', 'PS', 'If', 'area', '2', 'rejection', 'either', 'ascending', 'descending', 'said', 'SnR', 'zone.', 'But', 'depends', 'strength', 'timeframe', 'used']"
henryscalper,2022-11-18,12:03:52,,['None']
henryscalper,2022-11-18,12:04:09,XAUUSD buy now,"['XAUUSD', 'buy']"
henryscalper,2022-11-18,12:05:02,XAUUSD buy @1760.12-1757.12Sl: 1755.12Tp: 1765.12Tp. 1770.12,"['XAUUSD', 'buy', '1760.12-1757.12Sl', '1755.12Tp', '1765.12Tp.', '1770.12']"
henryscalper,2022-11-18,12:18:38,XAUUSD buy @1760.12-1757.12  Sl: 1755.12  Tp: 1765.12 Tp. 1770.12,"['XAUUSD', 'buy', '1760.12-1757.12', 'Sl', '1755.12', 'Tp', '1765.12', 'Tp.', '1770.12']"
henryscalper,2022-11-18,13:05:17,,['None']
henryscalper,2022-11-18,13:05:40,XAUUSD buy now,"['XAUUSD', 'buy']"
henryscalper,2022-11-18,13:05:46,XAUUSD buy @1760.12-1757.12Sl: 1755.12Tp: 1765.12Tp. 1770.12,"['XAUUSD', 'buy', '1760.12-1757.12Sl', '1755.12Tp', '1765.12Tp.', '1770.12']"
henryscalper,2022-11-18,13:19:10,XAUUSD buy @1760.12-1757.12  Sl: 1755.12  Tp: 1765.12 Tp. 1770.12,"['XAUUSD', 'buy', '1760.12-1757.12', 'Sl', '1755.12', 'Tp', '1765.12', 'Tp.', '1770.12']"
henryscalper,2022-11-18,13:20:31,XAUUSD buy @1760.12-1757.12  Sl: 1755.12  Tp: 1765.12 Tp. 1770.12,"['XAUUSD', 'buy', '1760.12-1757.12', 'Sl', '1755.12', 'Tp', '1765.12', 'Tp.', '1770.12']"
henryscalper,2022-11-18,13:25:42,XAUUSD buy @1760.12-1757.12  Sl: 1755.12  Tp: 1765.12 Tp. 1770.12,"['XAUUSD', 'buy', '1760.12-1757.12', 'Sl', '1755.12', 'Tp', '1765.12', 'Tp.', '1770.12']"
henryscalper,2022-11-18,14:47:51,,['None']
henryscalper,2022-11-18,14:52:12,GBPJPY sell now,"['GBPJPY', 'sell']"
henryscalper,2022-11-18,14:53:59,GBPJPY sell @166.411-166.611Sl: 166.811Tp: 166.111Tp: 165.911,"['GBPJPY', 'sell', '166.411-166.611Sl', '166.811Tp', '166.111Tp', '165.911']"
henryscalper,2022-11-18,15:10:28,GBPJPY sell @166.411-166.611  Sl: 166.811  Tp: 166.111 Tp: 165.911,"['GBPJPY', 'sell', '166.411-166.611', 'Sl', '166.811', 'Tp', '166.111', 'Tp', '165.911']"
henryscalper,2022-11-18,15:39:40,,['None']
henryscalper,2022-11-18,15:40:02,GBPJPY sell now,"['GBPJPY', 'sell']"
henryscalper,2022-11-18,15:41:45,GBPJPY sell @166.795-166.995Sl: 167.195Tp: 166.495Tp: 166.295,"['GBPJPY', 'sell', '166.795-166.995Sl', '167.195Tp', '166.495Tp', '166.295']"
henryscalper,2022-11-18,16:05:24,GBPJPY sell @166.795-166.995  Sl: 167.195  Tp: 166.495 Tp: 166.295,"['GBPJPY', 'sell', '166.795-166.995', 'Sl', '167.195', 'Tp', '166.495', 'Tp', '166.295']"
henryscalper,2022-11-18,16:57:17,GBPJPY sell @166.795-166.995  Sl: 167.195  Tp: 166.495 Tp: 166.295,"['GBPJPY', 'sell', '166.795-166.995', 'Sl', '167.195', 'Tp', '166.495', 'Tp', '166.295']"
henryscalper,2022-11-18,20:20:28,"Sorry everyone im slighlty busy for my new house, but don‚Äôt forget share your blues feedback hereüëáhttps://fb.watch/gQgyK5wRY5/","['Sorry', 'everyone', 'im', 'slighlty', 'busy', 'new', 'house', 'don‚Äôt', 'forget', 'share', 'blue', 'feedback', 'hereüëáhttpsfb.watchgQgyK5wRY5']"
henryscalper,2022-11-19,08:14:29,"Focus on your target and be consistent ‚úÖDone secures my profits and feels grateful for this result. This is the only beginning for me to grow more than 4 figures after this.My target for you guys in trade is always keep consistently profits and secure it everyday. Focus on your roadplan to being a FINANCIAL FREEDOOM soonest.The more confidence you trade, the more knowledge you can gain. All is about the #Process","['Focus', 'target', 'consistent', '‚úÖDone', 'secures', 'profit', 'feel', 'grateful', 'result.', 'This', 'beginning', 'grow', '4', 'figure', 'this.My', 'target', 'guy', 'trade', 'always', 'keep', 'consistently', 'profit', 'secure', 'everyday.', 'Focus', 'roadplan', 'FINANCIAL', 'FREEDOOM', 'soonest.The', 'confidence', 'trade', 'knowledge', 'gain.', 'All', 'Process']"
