CryptoSignalCrazy,2022-09-15,08:52:14,#PROM ğŸ‘ˆhttps://www.binance.com/en/trade/PROM_BTCBuy Zone ğŸ‘‰ 3000-3050Showing upcoming bullish momentum Strictly follow as directed ğŸ‘†Sell ğŸ¤‘ 3250-3300ğŸ¤‘ 3300-3600ğŸ¤‘ 3600-3900ğŸš€ 3900-4200 & aboveSL 2950,"['PROM', 'ğŸ‘ˆhttpswww.binance.comentradePROMBTCBuy', 'Zone', 'ğŸ‘‰', '3000-3050Showing', 'upcoming', 'bullish', 'momentum', 'Strictly', 'follow', 'directed', 'ğŸ‘†Sell', 'ğŸ¤‘', '3250-3300ğŸ¤‘', '3300-3600ğŸ¤‘', '3600-3900ğŸš€', '3900-4200', 'aboveSL', '2950']"
CryptoSignalCrazy,2022-09-15,12:57:44,#BTSLooking BullishÂ  ğŸš€ğŸš€https://www.binance.com/en/trade/BTS_BTCBuy Zone 54-55Buy in parts for max profit ğŸš€Sell ğŸ¤‘ 60ğŸ¤‘ 60-65ğŸ¤‘ 65-70ğŸš€ 70-75 & aboveSL- 48,"['BTSLooking', 'Bullish', 'ğŸš€ğŸš€httpswww.binance.comentradeBTSBTCBuy', 'Zone', '54-55Buy', 'part', 'max', 'profit', 'ğŸš€Sell', 'ğŸ¤‘', '60ğŸ¤‘', '60-65ğŸ¤‘', '65-70ğŸš€', '70-75', 'aboveSL-', '48']"
CryptoSignalCrazy,2022-09-15,14:10:00,#PROM ğŸ‘ˆ  https://www.binance.com/en/trade/PROM_BTC  Buy Zone ğŸ‘‰ 3000-3050  Showing upcoming bullish momentum  Strictly follow as directed ğŸ‘†  Sell  ğŸ¤‘ 3250-3300 ğŸ¤‘ 3300-3600 ğŸ¤‘ 3600-3900 ğŸš€ 3900-4200 & above  SL 2950,"['PROM', 'ğŸ‘ˆ', 'httpswww.binance.comentradePROMBTC', 'Buy', 'Zone', 'ğŸ‘‰', '3000-3050', 'Showing', 'upcoming', 'bullish', 'momentum', 'Strictly', 'follow', 'directed', 'ğŸ‘†', 'Sell', 'ğŸ¤‘', '3250-3300', 'ğŸ¤‘', '3300-3600', 'ğŸ¤‘', '3600-3900', 'ğŸš€', '3900-4200', 'SL', '2950']"
CryptoSignalCrazy,2022-09-15,16:40:28,#AGIX ğŸ‘ˆÂ   Call given here Hit 256  Target 1Â  done âœ…  19% safe profit  If you invested 1 btc it's now 1.19 btc now ğŸ¤‘ğŸ¤‘ Signal before pump @ low level Always trade with us for max profit ğŸ˜ŠğŸ¤‘ğŸ’ƒ We are best pump tracker ğŸ¤‘,"['AGIX', 'ğŸ‘ˆ', 'Call', 'given', 'Hit', '256', 'Target', '1', 'done', 'âœ…', '19', 'safe', 'profit', 'If', 'invested', '1', 'btc', '1.19', 'btc', 'ğŸ¤‘ğŸ¤‘', 'Signal', 'pump', 'low', 'level', 'Always', 'trade', 'u', 'max', 'profit', 'ğŸ˜ŠğŸ¤‘ğŸ’ƒ', 'We', 'best', 'pump', 'tracker', 'ğŸ¤‘']"
CryptoSignalCrazy,2022-09-16,02:40:22,#BTS Looking BullishÂ  ğŸš€ğŸš€  https://www.binance.com/en/trade/BTS_BTC  Buy Zone 54-55  Buy in parts for max profit ğŸš€  Sell  ğŸ¤‘ 60 ğŸ¤‘ 60-65 ğŸ¤‘ 65-70 ğŸš€ 70-75 & above SL- 48,"['BTS', 'Looking', 'Bullish', 'ğŸš€ğŸš€', 'httpswww.binance.comentradeBTSBTC', 'Buy', 'Zone', '54-55', 'Buy', 'part', 'max', 'profit', 'ğŸš€', 'Sell', 'ğŸ¤‘', '60', 'ğŸ¤‘', '60-65', 'ğŸ¤‘', '65-70', 'ğŸš€', '70-75', 'SL-', '48']"
CryptoSignalCrazy,2022-09-16,11:05:30,#STEEM ğŸ‘ˆhttps://www.binance.com/en/trade/STEEM_BTCBuying Zone 1100-1140Â Â Â Â Â Â Â Â Â Â Â Â Â Â Â Â  ğŸ‘†Highly Pumpable Coin ..Buy in parts only Not pumped hard yet...We are expecting a bull run in this coin in coming days SellğŸ¤‘ 1200-1250ğŸ¤‘ 1250-1350ğŸ¤‘ 1350-1450ğŸš€ 1450-1550  & aboveSL- 1050,"['STEEM', 'ğŸ‘ˆhttpswww.binance.comentradeSTEEMBTCBuying', 'Zone', '1100-1140', 'ğŸ‘†Highly', 'Pumpable', 'Coin', '..Buy', 'part', 'Not', 'pumped', 'hard', 'yet...We', 'expecting', 'bull', 'run', 'coin', 'coming', 'day', 'SellğŸ¤‘', '1200-1250ğŸ¤‘', '1250-1350ğŸ¤‘', '1350-1450ğŸš€', '1450-1550', 'aboveSL-', '1050']"
CryptoSignalCrazy,2022-09-16,13:42:40,#AGIX ğŸ‘ˆÂ   Call given here Hit 297  Target 2 n 3Â  done âœ…  38% safe profit  If you invested 1 btc it's now 1.38 btc now ğŸ¤‘ğŸ¤‘ Signal before pump @ low level Always trade with us for max profit ğŸ˜ŠğŸ¤‘ğŸ’ƒ We are best pump tracker ğŸ¤‘,"['AGIX', 'ğŸ‘ˆ', 'Call', 'given', 'Hit', '297', 'Target', '2', 'n', '3', 'done', 'âœ…', '38', 'safe', 'profit', 'If', 'invested', '1', 'btc', '1.38', 'btc', 'ğŸ¤‘ğŸ¤‘', 'Signal', 'pump', 'low', 'level', 'Always', 'trade', 'u', 'max', 'profit', 'ğŸ˜ŠğŸ¤‘ğŸ’ƒ', 'We', 'best', 'pump', 'tracker', 'ğŸ¤‘']"
CryptoSignalCrazy,2022-09-17,13:24:13,#IRIS ğŸ‘ˆhttps://www.binance.com/en/trade/IRIS_BTCBuying Zone 95 - 100Â Â Â Â Â Â Â Â Â Â Â Â Â Â Â Â  ğŸ‘†Buy in parts onlyWe are expecting a bull run in this coin in coming days ğŸ¤‘SellğŸ¤‘ 110ğŸ¤‘ 110-120ğŸ¤‘ 120-130ğŸš€ 130-140 & aboveSL- 90Always use OCO on rising of Coin,"['IRIS', 'ğŸ‘ˆhttpswww.binance.comentradeIRISBTCBuying', 'Zone', '95', '-', '100', 'ğŸ‘†Buy', 'part', 'onlyWe', 'expecting', 'bull', 'run', 'coin', 'coming', 'day', 'ğŸ¤‘SellğŸ¤‘', '110ğŸ¤‘', '110-120ğŸ¤‘', '120-130ğŸš€', '130-140', 'aboveSL-', '90Always', 'use', 'OCO', 'rising', 'Coin']"
CryptoSignalCrazy,2022-09-18,15:13:44,#STEEM ğŸ‘ˆ  https://www.binance.com/en/trade/STEEM_BTC  Buying Zone 1100-1140 Â Â Â Â Â Â Â Â Â Â Â Â Â Â Â Â  ğŸ‘†  Highly Pumpable Coin ..Buy in parts only  Not pumped hard yet...We are expecting a bull run in this coin in coming days   Sell ğŸ¤‘ 1200-1250 ğŸ¤‘ 1250-1350 ğŸ¤‘ 1350-1450â€¦,"['STEEM', 'ğŸ‘ˆ', 'httpswww.binance.comentradeSTEEMBTC', 'Buying', 'Zone', '1100-1140', 'ğŸ‘†', 'Highly', 'Pumpable', 'Coin', '..Buy', 'part', 'Not', 'pumped', 'hard', 'yet...We', 'expecting', 'bull', 'run', 'coin', 'coming', 'day', 'Sell', 'ğŸ¤‘', '1200-1250', 'ğŸ¤‘', '1250-1350', 'ğŸ¤‘', '1350-1450â€¦']"
CryptoSignalCrazy,2022-09-18,15:39:02,#STEEM ğŸ‘ˆ Call given herehit 1239Target 1 done âœ…ğŸ‘‰ğŸ‘‰ğŸ‘‰ 11% safe profit If you invested 1 btc it's now 1.11 btc ğŸ¤‘ğŸ¤‘Signal before pump @ low levelAlways trade with us for max profit ğŸ˜ŠğŸ¤‘ğŸ’ƒWe are best pump trackerğŸ˜Š,"['STEEM', 'ğŸ‘ˆ', 'Call', 'given', 'herehit', '1239Target', '1', 'done', 'âœ…ğŸ‘‰ğŸ‘‰ğŸ‘‰', '11', 'safe', 'profit', 'If', 'invested', '1', 'btc', '1.11', 'btc', 'ğŸ¤‘ğŸ¤‘Signal', 'pump', 'low', 'levelAlways', 'trade', 'u', 'max', 'profit', 'ğŸ˜ŠğŸ¤‘ğŸ’ƒWe', 'best', 'pump', 'trackerğŸ˜Š']"
CryptoSignalCrazy,2022-09-19,08:57:07,Grab this bullshit #FOR before it pump hard and Whales take away all profit,"['Grab', 'bullshit', 'FOR', 'pump', 'hard', 'Whales', 'take', 'away', 'profit']"
CryptoSignalCrazy,2022-09-20,15:56:02,#ADX ğŸ‘ˆhttps://www.binance.com/en/trade/ADX_BTCBuying Zone 800-830Â Â Â Â Â Â Â Â Â Â Â Â Â Â Â Â  ğŸ‘†Sitting at bottomSellğŸ¤‘ 900ğŸ¤‘ 900-1000ğŸ¤‘ 1000-1100ğŸš€ 1100-1200ğŸ’ƒ 1200-1300 & aboveSL - 750,"['ADX', 'ğŸ‘ˆhttpswww.binance.comentradeADXBTCBuying', 'Zone', '800-830', 'ğŸ‘†Sitting', 'bottomSellğŸ¤‘', '900ğŸ¤‘', '900-1000ğŸ¤‘', '1000-1100ğŸš€', '1100-1200ğŸ’ƒ', '1200-1300', 'aboveSL', '-', '750']"
CryptoSignalCrazy,2022-09-21,07:38:48,#ADX ğŸ‘ˆÂ  Call given hereHit 908 first selling Range Target 1 done âœ… 10% safe profit  If you invested 1 btc it's now 1.1 btc now ğŸ¤‘ğŸ¤‘Signal before pump @ low levelAlways trade with us for max profit ğŸ˜ŠğŸ¤‘ğŸ’ƒWe are best pump tracker ğŸ¤‘,"['ADX', 'ğŸ‘ˆ', 'Call', 'given', 'hereHit', '908', 'first', 'selling', 'Range', 'Target', '1', 'done', 'âœ…', '10', 'safe', 'profit', 'If', 'invested', '1', 'btc', '1.1', 'btc', 'ğŸ¤‘ğŸ¤‘Signal', 'pump', 'low', 'levelAlways', 'trade', 'u', 'max', 'profit', 'ğŸ˜ŠğŸ¤‘ğŸ’ƒWe', 'best', 'pump', 'tracker', 'ğŸ¤‘']"
CryptoSignalCrazy,2022-09-21,10:50:30,#AGIX ğŸ‘ˆhttps://www.binance.com/en/trade/AGIX_BTCBuying Zone 280-290Â Â Â Â  Sell ğŸ¤‘ 320ğŸ¤‘ 320- 350ğŸ¤‘ 350- 380ğŸš€ 380-410 & aboveSL- 250,"['AGIX', 'ğŸ‘ˆhttpswww.binance.comentradeAGIXBTCBuying', 'Zone', '280-290', 'Sell', 'ğŸ¤‘', '320ğŸ¤‘', '320-', '350ğŸ¤‘', '350-', '380ğŸš€', '380-410', 'aboveSL-', '250']"
CryptoSignalCrazy,2022-09-21,15:55:38,#BTS Looking BullishÂ  ğŸš€ğŸš€  https://www.binance.com/en/trade/BTS_BTC  Buy Zone 54-55  Buy in parts for max profit ğŸš€  Sell  ğŸ¤‘ 60 ğŸ¤‘ 60-65 ğŸ¤‘ 65-70 ğŸš€ 70-75 & above SL- 48,"['BTS', 'Looking', 'Bullish', 'ğŸš€ğŸš€', 'httpswww.binance.comentradeBTSBTC', 'Buy', 'Zone', '54-55', 'Buy', 'part', 'max', 'profit', 'ğŸš€', 'Sell', 'ğŸ¤‘', '60', 'ğŸ¤‘', '60-65', 'ğŸ¤‘', '65-70', 'ğŸš€', '70-75', 'SL-', '48']"
CryptoSignalCrazy,2022-09-21,16:22:47,#BTS no.1 top gainer on BinanceğŸš€ğŸš€ğŸš€ğŸš€ğŸš€,"['BTS', 'no.1', 'top', 'gainer', 'BinanceğŸš€ğŸš€ğŸš€ğŸš€ğŸš€']"
CryptoSignalCrazy,2022-09-22,04:46:45,#BTS ğŸ‘ˆÂ  Call given hereHit 87All Target done âœ…61% safe profitIf you invested 1 btc it's now 1.61 btc now ğŸ¤‘ğŸ¤‘Signal before pump @ low levelAlways trade with us for max profit ğŸ˜ŠğŸ¤‘ğŸ’ƒWe are best pump tracker ğŸ¤‘,"['BTS', 'ğŸ‘ˆ', 'Call', 'given', 'hereHit', '87All', 'Target', 'done', 'âœ…61', 'safe', 'profitIf', 'invested', '1', 'btc', '1.61', 'btc', 'ğŸ¤‘ğŸ¤‘Signal', 'pump', 'low', 'levelAlways', 'trade', 'u', 'max', 'profit', 'ğŸ˜ŠğŸ¤‘ğŸ’ƒWe', 'best', 'pump', 'tracker', 'ğŸ¤‘']"
CryptoSignalCrazy,2022-09-22,04:52:40,#AGIX ğŸ‘ˆ  https://www.binance.com/en/trade/AGIX_BTC  Buying Zone 280-290Â Â Â Â    Sell   ğŸ¤‘ 320 ğŸ¤‘ 320- 350 ğŸ¤‘ 350- 380 ğŸš€ 380-410 & above SL- 250,"['AGIX', 'ğŸ‘ˆ', 'httpswww.binance.comentradeAGIXBTC', 'Buying', 'Zone', '280-290', 'Sell', 'ğŸ¤‘', '320', 'ğŸ¤‘', '320-', '350', 'ğŸ¤‘', '350-', '380', 'ğŸš€', '380-410', 'SL-', '250']"
CryptoSignalCrazy,2022-09-23,16:36:37,#POLY ğŸ‘ˆhttps://www.binance.com/en/trade/POLY_BTCBuyzone 1020-1050Buy in parts ğŸ‘ˆstrictly follow for max profitsSellğŸ¤‘ 1150-1200ğŸ¤‘ 1200-1300ğŸ¤‘ 1300-1400ğŸš€ 1400-1500 & aboveSet OCO after rising of CoinğŸ‘ˆ,"['POLY', 'ğŸ‘ˆhttpswww.binance.comentradePOLYBTCBuyzone', '1020-1050Buy', 'part', 'ğŸ‘ˆstrictly', 'follow', 'max', 'profitsSellğŸ¤‘', '1150-1200ğŸ¤‘', '1200-1300ğŸ¤‘', '1300-1400ğŸš€', '1400-1500', 'aboveSet', 'OCO', 'rising', 'CoinğŸ‘ˆ']"
CryptoSignalCrazy,2022-09-24,08:17:31,#POLY ğŸ‘ˆ  https://www.binance.com/en/trade/POLY_BTC  Buyzone 1020-1050  Buy in parts ğŸ‘ˆstrictly follow for max profits   Sell ğŸ¤‘ 1150-1200 ğŸ¤‘ 1200-1300 ğŸ¤‘ 1300-1400 ğŸš€ 1400-1500 & above  Set OCO after rising of CoinğŸ‘ˆ,"['POLY', 'ğŸ‘ˆ', 'httpswww.binance.comentradePOLYBTC', 'Buyzone', '1020-1050', 'Buy', 'part', 'ğŸ‘ˆstrictly', 'follow', 'max', 'profit', 'Sell', 'ğŸ¤‘', '1150-1200', 'ğŸ¤‘', '1200-1300', 'ğŸ¤‘', '1300-1400', 'ğŸš€', '1400-1500', 'Set', 'OCO', 'rising', 'CoinğŸ‘ˆ']"
CryptoSignalCrazy,2022-09-24,08:50:53,#POLY ğŸ‘ˆÂ  Call given hereHit 1173 first selling RangeTarget 1 done âœ… 12% profit If you invested 1 btc it's now 1.12 btc now ğŸ¤‘ğŸ¤‘Signal before pump @ low levelAlways trade with us for max profit ğŸ˜ŠğŸ¤‘ğŸ’ƒWe are best pump tracker ğŸ¤‘,"['POLY', 'ğŸ‘ˆ', 'Call', 'given', 'hereHit', '1173', 'first', 'selling', 'RangeTarget', '1', 'done', 'âœ…', '12', 'profit', 'If', 'invested', '1', 'btc', '1.12', 'btc', 'ğŸ¤‘ğŸ¤‘Signal', 'pump', 'low', 'levelAlways', 'trade', 'u', 'max', 'profit', 'ğŸ˜ŠğŸ¤‘ğŸ’ƒWe', 'best', 'pump', 'tracker', 'ğŸ¤‘']"
CryptoSignalCrazy,2022-09-24,12:48:55,#CTSI ğŸ‘ˆhttps://www.binance.com/en/trade/CTSI_BTCBuying Zone 720-740Â Â Â Â Â Â Â Â Â Â Â Â Â Â Â Â  ğŸ‘†Buy in parts ğŸ‘ˆStrictly follow as directed ğŸ‘†Showing bullish momentumSell ğŸ¤‘ 800-820ğŸ¤‘ 820-900ğŸ¤‘ 900- 1000ğŸš€ 1000-1100 & aboveSL 650,"['CTSI', 'ğŸ‘ˆhttpswww.binance.comentradeCTSIBTCBuying', 'Zone', '720-740', 'ğŸ‘†Buy', 'part', 'ğŸ‘ˆStrictly', 'follow', 'directed', 'ğŸ‘†Showing', 'bullish', 'momentumSell', 'ğŸ¤‘', '800-820ğŸ¤‘', '820-900ğŸ¤‘', '900-', '1000ğŸš€', '1000-1100', 'aboveSL', '650']"
CryptoSignalCrazy,2022-09-24,14:00:13,#SUPER  https://www.binance.com/en/trade/SUPER_BTC  Buying Zone 670-675  We are expecting ride in this Coin ğŸš€ğŸš€ğŸš€ğŸš€  Buy in parts and Strictly follow as directed ğŸ‘†  Sell  ğŸ¤‘ 750-800 ğŸ¤‘ 800- 880 ğŸ¤‘ 880-960 ğŸš€ 960- 1100 & above Exit/Re-Entry point- 640,"['SUPER', 'httpswww.binance.comentradeSUPERBTC', 'Buying', 'Zone', '670-675', 'We', 'expecting', 'ride', 'Coin', 'ğŸš€ğŸš€ğŸš€ğŸš€', 'Buy', 'part', 'Strictly', 'follow', 'directed', 'ğŸ‘†', 'Sell', 'ğŸ¤‘', '750-800', 'ğŸ¤‘', '800-', '880', 'ğŸ¤‘', '880-960', 'ğŸš€', '960-', '1100', 'ExitRe-Entry', 'point-', '640']"
CryptoSignalCrazy,2022-09-24,14:17:26,#BEAMÂ  ğŸ‘ˆ Have some ğŸ˜Šhttps://www.binance.com/en/trade/BEAM_BTCBuy at currentÂ Â Â Â Â Â Â Â Â Â Â Â Â Â Â Â  SellğŸ¤‘ 1100ğŸš€ 1100-1200ğŸ‘Š  1200-1300 & aboveSL 950,"['BEAM', 'ğŸ‘ˆ', 'Have', 'ğŸ˜Šhttpswww.binance.comentradeBEAMBTCBuy', 'current', 'SellğŸ¤‘', '1100ğŸš€', '1100-1200ğŸ‘Š', '1200-1300', 'aboveSL', '950']"
CryptoSignalCrazy,2022-09-24,17:17:32,#SUPER  https://www.binance.com/en/trade/SUPER_BTC  Buying Zone 670-675  We are expecting ride in this Coin ğŸš€ğŸš€ğŸš€ğŸš€  Buy in parts and Strictly follow as directed ğŸ‘†  Sell  ğŸ¤‘ 750-800 ğŸ¤‘ 800- 880 ğŸ¤‘ 880-960 ğŸš€ 960- 1100 & above Exit/Re-Entry point- 640,"['SUPER', 'httpswww.binance.comentradeSUPERBTC', 'Buying', 'Zone', '670-675', 'We', 'expecting', 'ride', 'Coin', 'ğŸš€ğŸš€ğŸš€ğŸš€', 'Buy', 'part', 'Strictly', 'follow', 'directed', 'ğŸ‘†', 'Sell', 'ğŸ¤‘', '750-800', 'ğŸ¤‘', '800-', '880', 'ğŸ¤‘', '880-960', 'ğŸš€', '960-', '1100', 'ExitRe-Entry', 'point-', '640']"
CryptoSignalCrazy,2022-09-25,06:20:39,#POLY ğŸ‘ˆÂ   Call given here Hit 1173 first selling Range Target 1 done âœ…  12% profit  If you invested 1 btc it's now 1.12 btc now ğŸ¤‘ğŸ¤‘ Signal before pump @ low level Always trade with us for max profit ğŸ˜ŠğŸ¤‘ğŸ’ƒ We are best pump tracker ğŸ¤‘,"['POLY', 'ğŸ‘ˆ', 'Call', 'given', 'Hit', '1173', 'first', 'selling', 'Range', 'Target', '1', 'done', 'âœ…', '12', 'profit', 'If', 'invested', '1', 'btc', '1.12', 'btc', 'ğŸ¤‘ğŸ¤‘', 'Signal', 'pump', 'low', 'level', 'Always', 'trade', 'u', 'max', 'profit', 'ğŸ˜ŠğŸ¤‘ğŸ’ƒ', 'We', 'best', 'pump', 'tracker', 'ğŸ¤‘']"
CryptoSignalCrazy,2022-09-25,09:39:51,#IRIS ğŸ‘ˆ  https://www.binance.com/en/trade/IRIS_BTC  Buying Zone 95 - 100 Â Â Â Â Â Â Â Â Â Â Â Â Â Â Â Â  ğŸ‘†  Buy in parts only We are expecting a bull run in this coin in coming days ğŸ¤‘  Sell ğŸ¤‘ 110 ğŸ¤‘ 110-120 ğŸ¤‘ 120-130 ğŸš€ 130-140 & above SL- 90 Always use OCO on rising of Coin,"['IRIS', 'ğŸ‘ˆ', 'httpswww.binance.comentradeIRISBTC', 'Buying', 'Zone', '95', '-', '100', 'ğŸ‘†', 'Buy', 'part', 'We', 'expecting', 'bull', 'run', 'coin', 'coming', 'day', 'ğŸ¤‘', 'Sell', 'ğŸ¤‘', '110', 'ğŸ¤‘', '110-120', 'ğŸ¤‘', '120-130', 'ğŸš€', '130-140', 'SL-', '90', 'Always', 'use', 'OCO', 'rising', 'Coin']"
CryptoSignalCrazy,2022-09-25,11:02:41,"ğŸ¥³ Celebrate 10m Users with Bybit ğŸ¥³1ï¸âƒ£ Trade crypto with zero fees on all Spot trading pairs. 2ï¸âƒ£ Invest in Bybit Earn products and share a $1,000,000 Prize Pool! âœ… Don't have a account yet? Sign up here!","['ğŸ¥³', 'Celebrate', '10m', 'Users', 'Bybit', 'ğŸ¥³1ï¸âƒ£', 'Trade', 'crypto', 'zero', 'fee', 'Spot', 'trading', 'pairs.', '2ï¸âƒ£', 'Invest', 'Bybit', 'Earn', 'product', 'share', '1000000', 'Prize', 'Pool', 'âœ…', 'Dont', 'account', 'yet', 'Sign', 'here']"
CryptoSignalCrazy,2022-09-25,15:11:44,#ADX ğŸ‘ˆhttps://www.binance.com/en/trade/ADX_BTCBuying Zone 860-880Â Â Â Â Â Â Â Â Â Â Â Â Â Â Â Â  ğŸ‘†Sitting at bottomSellğŸ¤‘ 950-1000ğŸ¤‘ 1000-1100ğŸš€ 1100-1200ğŸ’ƒ 1200-1300 & aboveSL - 850,"['ADX', 'ğŸ‘ˆhttpswww.binance.comentradeADXBTCBuying', 'Zone', '860-880', 'ğŸ‘†Sitting', 'bottomSellğŸ¤‘', '950-1000ğŸ¤‘', '1000-1100ğŸš€', '1100-1200ğŸ’ƒ', '1200-1300', 'aboveSL', '-', '850']"
CryptoSignalCrazy,2022-09-28,13:42:44,#POLY ğŸ‘ˆÂ   Call given here Hit 1256 second selling Range Target 2 done âœ…  20% profit  If you invested 1 btc it's now 1.2 btc now ğŸ¤‘ğŸ¤‘ Signal before pump @ low level Always trade with us for max profit ğŸ˜ŠğŸ¤‘ğŸ’ƒ We are best pump tracker ğŸ¤‘,"['POLY', 'ğŸ‘ˆ', 'Call', 'given', 'Hit', '1256', 'second', 'selling', 'Range', 'Target', '2', 'done', 'âœ…', '20', 'profit', 'If', 'invested', '1', 'btc', '1.2', 'btc', 'ğŸ¤‘ğŸ¤‘', 'Signal', 'pump', 'low', 'level', 'Always', 'trade', 'u', 'max', 'profit', 'ğŸ˜ŠğŸ¤‘ğŸ’ƒ', 'We', 'best', 'pump', 'tracker', 'ğŸ¤‘']"
CryptoSignalCrazy,2022-09-29,09:31:20,#FORhttps://www.binance.com/en/trade/FOR_BTCBuyZone 93- 98Expecting a bull run in this Coin ğŸš€Sell ğŸ¤‘105-110ğŸ¤‘ 110-115ğŸ¤‘ 115-125ğŸš€ 125-135 ğŸ’ƒ 135-145 & aboveSL 90,"['FORhttpswww.binance.comentradeFORBTCBuyZone', '93-', '98Expecting', 'bull', 'run', 'Coin', 'ğŸš€Sell', 'ğŸ¤‘105-110ğŸ¤‘', '110-115ğŸ¤‘', '115-125ğŸš€', '125-135', 'ğŸ’ƒ', '135-145', 'aboveSL', '90']"
CryptoSignalCrazy,2022-09-30,08:55:01,#CTXC ğŸ‘ˆhttps://www.binance.com/en/trade/CTXC_BTCBuyzone 550 - 570Â Â Â Â Â Â Â Â Â Â Â Â Â Â Â Â  ğŸ‘†Buy in parts ğŸ‘ˆstrictly follow for max profitsÂ  SellğŸ¤‘ 620 -650ğŸ¤‘ 650- 700ğŸš€ 700-750 ğŸ’ƒ 750 -800 & aboveExit/SL-500,"['CTXC', 'ğŸ‘ˆhttpswww.binance.comentradeCTXCBTCBuyzone', '550', '-', '570', 'ğŸ‘†Buy', 'part', 'ğŸ‘ˆstrictly', 'follow', 'max', 'profit', 'SellğŸ¤‘', '620', '-650ğŸ¤‘', '650-', '700ğŸš€', '700-750', 'ğŸ’ƒ', '750', '-800', 'aboveExitSL-500']"
CryptoSignalCrazy,2022-10-01,07:24:38,#FOR  https://www.binance.com/en/trade/FOR_BTC  BuyZone 93- 98  Expecting a bull run in this Coin ğŸš€  Sell   ğŸ¤‘105-110 ğŸ¤‘ 110-115 ğŸ¤‘ 115-125 ğŸš€ 125-135  ğŸ’ƒ 135-145 & above SL 90,"['FOR', 'httpswww.binance.comentradeFORBTC', 'BuyZone', '93-', '98', 'Expecting', 'bull', 'run', 'Coin', 'ğŸš€', 'Sell', 'ğŸ¤‘105-110', 'ğŸ¤‘', '110-115', 'ğŸ¤‘', '115-125', 'ğŸš€', '125-135', 'ğŸ’ƒ', '135-145', 'SL', '90']"
CryptoSignalCrazy,2022-10-01,10:01:37,#SUPERhttps://www.binance.com/en/trade/SUPER_BTCBuying Zone 650-670We are expecting ride in this Coin ğŸš€ğŸš€ğŸš€ğŸš€Buy in parts and Strictly follow as directed ğŸ‘†Sell ğŸ¤‘ 730-800ğŸ¤‘ 800- 880ğŸ¤‘ 880-960ğŸš€ 960- 1100 & aboveExit/Re-Entry point- 640,"['SUPERhttpswww.binance.comentradeSUPERBTCBuying', 'Zone', '650-670We', 'expecting', 'ride', 'Coin', 'ğŸš€ğŸš€ğŸš€ğŸš€Buy', 'part', 'Strictly', 'follow', 'directed', 'ğŸ‘†Sell', 'ğŸ¤‘', '730-800ğŸ¤‘', '800-', '880ğŸ¤‘', '880-960ğŸš€', '960-', '1100', 'aboveExitRe-Entry', 'point-', '640']"
CryptoSignalCrazy,2022-10-03,14:38:03,#PYRhttps://www.binance.com/en/trade/PYR_BTCBuying Zone 1850-1868We are expecting ride in this Coin ğŸš€ğŸš€ğŸš€ğŸš€Buy in parts and Strictly follow as directed ğŸ‘†Sell ğŸ¤‘ 2000-2050ğŸ¤‘ 2050- 2250ğŸ¤‘ 2250- 2400ğŸš€ 2400- 2600 & aboveExit/Re-Entry point- 1800,"['PYRhttpswww.binance.comentradePYRBTCBuying', 'Zone', '1850-1868We', 'expecting', 'ride', 'Coin', 'ğŸš€ğŸš€ğŸš€ğŸš€Buy', 'part', 'Strictly', 'follow', 'directed', 'ğŸ‘†Sell', 'ğŸ¤‘', '2000-2050ğŸ¤‘', '2050-', '2250ğŸ¤‘', '2250-', '2400ğŸš€', '2400-', '2600', 'aboveExitRe-Entry', 'point-', '1800']"
CryptoSignalCrazy,2022-10-03,14:41:18,ğŸ†•Â New Vulcan Forged (PYR) event!  31 December 2022 (or earlier) Finish Current Games,"['ğŸ†•', 'New', 'Vulcan', 'Forged', 'PYR', 'event', '31', 'December', '2022', 'or', 'earlier', 'Finish', 'Current', 'Games']"
CryptoSignalCrazy,2022-10-03,14:41:18,ğŸ†•Â New Vulcan Forged (PYR) event!  31 December 2022 (or earlier) Announce C-level Hires,"['ğŸ†•', 'New', 'Vulcan', 'Forged', 'PYR', 'event', '31', 'December', '2022', 'or', 'earlier', 'Announce', 'C-level', 'Hires']"
CryptoSignalCrazy,2022-10-03,14:41:19,ğŸ†•Â New Vulcan Forged (PYR) event!  31 December 2022 (or earlier) VulcanVerse Gameplay,"['ğŸ†•', 'New', 'Vulcan', 'Forged', 'PYR', 'event', '31', 'December', '2022', 'or', 'earlier', 'VulcanVerse', 'Gameplay']"
CryptoSignalCrazy,2022-10-03,14:41:20,"ğŸ†•Â New Vulcan Forged (PYR) event!  31 December 2022 (or earlier) UX, Retention & Marketing","['ğŸ†•', 'New', 'Vulcan', 'Forged', 'PYR', 'event', '31', 'December', '2022', 'or', 'earlier', 'UX', 'Retention', 'Marketing']"
CryptoSignalCrazy,2022-10-03,14:41:20,ğŸ†•Â New Vulcan Forged (PYR) event!  31 December 2022 (or earlier) Redefine Economy,"['ğŸ†•', 'New', 'Vulcan', 'Forged', 'PYR', 'event', '31', 'December', '2022', 'or', 'earlier', 'Redefine', 'Economy']"
CryptoSignalCrazy,2022-10-03,14:41:21,ğŸ†•Â New Vulcan Forged (PYR) event!  31 December 2022 (or earlier) Migrate to Elysium,"['ğŸ†•', 'New', 'Vulcan', 'Forged', 'PYR', 'event', '31', 'December', '2022', 'or', 'earlier', 'Migrate', 'Elysium']"
CryptoSignalCrazy,2022-10-03,14:41:22,ğŸ†•Â New Vulcan Forged (PYR) event!  31 December 2022 (or earlier) Mobile Gaming Focus,"['ğŸ†•', 'New', 'Vulcan', 'Forged', 'PYR', 'event', '31', 'December', '2022', 'or', 'earlier', 'Mobile', 'Gaming', 'Focus']"
CryptoSignalCrazy,2022-10-03,14:41:27,ğŸ†•Â New Vulcan Forged (PYR) event!  31 December 2022 (or earlier) ElysiumSwap & Launchpad,"['ğŸ†•', 'New', 'Vulcan', 'Forged', 'PYR', 'event', '31', 'December', '2022', 'or', 'earlier', 'ElysiumSwap', 'Launchpad']"
CryptoSignalCrazy,2022-10-03,14:41:28,ğŸ†•Â New Vulcan Forged (PYR) event!  31 December 2022 (or earlier) US Expansion,"['ğŸ†•', 'New', 'Vulcan', 'Forged', 'PYR', 'event', '31', 'December', '2022', 'or', 'earlier', 'US', 'Expansion']"
CryptoSignalCrazy,2022-10-04,02:45:14,#PYR  https://www.binance.com/en/trade/PYR_BTC  Buying Zone 1850-1868  We are expecting ride in this Coin ğŸš€ğŸš€ğŸš€ğŸš€  Buy in parts and Strictly follow as directed ğŸ‘†  Sell  ğŸ¤‘ 2000-2050 ğŸ¤‘ 2050- 2250 ğŸ¤‘ 2250- 2400 ğŸš€ 2400- 2600 & above Exit/Re-Entry point- 1800,"['PYR', 'httpswww.binance.comentradePYRBTC', 'Buying', 'Zone', '1850-1868', 'We', 'expecting', 'ride', 'Coin', 'ğŸš€ğŸš€ğŸš€ğŸš€', 'Buy', 'part', 'Strictly', 'follow', 'directed', 'ğŸ‘†', 'Sell', 'ğŸ¤‘', '2000-2050', 'ğŸ¤‘', '2050-', '2250', 'ğŸ¤‘', '2250-', '2400', 'ğŸš€', '2400-', '2600', 'ExitRe-Entry', 'point-', '1800']"
CryptoSignalCrazy,2022-10-04,09:22:07,#PYR ğŸ‘ˆ Call given herehit 2183 second sellin rangeTarget 1 n 2 done âœ…ğŸ‘‰ğŸ‘‰ğŸ‘‰ 17% safe profit If you invested 1 btc it's now 1.17 btc ğŸ¤‘ğŸ¤‘Signal before pump @ low levelAlways trade with us for max profit ğŸ˜ŠğŸ¤‘ğŸ’ƒWe are best pump trackerğŸ˜Š,"['PYR', 'ğŸ‘ˆ', 'Call', 'given', 'herehit', '2183', 'second', 'sellin', 'rangeTarget', '1', 'n', '2', 'done', 'âœ…ğŸ‘‰ğŸ‘‰ğŸ‘‰', '17', 'safe', 'profit', 'If', 'invested', '1', 'btc', '1.17', 'btc', 'ğŸ¤‘ğŸ¤‘Signal', 'pump', 'low', 'levelAlways', 'trade', 'u', 'max', 'profit', 'ğŸ˜ŠğŸ¤‘ğŸ’ƒWe', 'best', 'pump', 'trackerğŸ˜Š']"
CryptoSignalCrazy,2022-10-04,14:34:04,#HIGH ğŸ‘ˆ https://www.binance.com/en/trade/HIGH_BTCBuying Zone 7200-7300Â Â Â Â Â Â Â Â Â Â Â Â Â Â Â  SellğŸ¤‘ 7900-8100ğŸ¤‘ 8100- 8800ğŸš€ 8800- 9500 n aboveSL - 7100,"['HIGH', 'ğŸ‘ˆ', 'httpswww.binance.comentradeHIGHBTCBuying', 'Zone', '7200-7300', 'SellğŸ¤‘', '7900-8100ğŸ¤‘', '8100-', '8800ğŸš€', '8800-', '9500', 'n', 'aboveSL', '-', '7100']"
CryptoSignalCrazy,2022-10-06,04:37:12,#HIGH ğŸ‘ˆ   https://www.binance.com/en/trade/HIGH_BTC  Buying Zone 7200-7300 Â Â Â Â Â Â Â Â Â Â Â Â Â Â Â   Sell ğŸ¤‘ 7900-8100 ğŸ¤‘ 8100- 8800 ğŸš€ 8800- 9500 n above SL - 7100,"['HIGH', 'ğŸ‘ˆ', 'httpswww.binance.comentradeHIGHBTC', 'Buying', 'Zone', '7200-7300', 'Sell', 'ğŸ¤‘', '7900-8100', 'ğŸ¤‘', '8100-', '8800', 'ğŸš€', '8800-', '9500', 'n', 'SL', '-', '7100']"
CryptoSignalCrazy,2022-10-06,06:14:53,#GLM ğŸ‘ˆhttps://www.binance.com/en/trade/GLM_BTCBuying Zone 1300-1322Â Â Â Â Â Â Â Â Â Â Â Â Â Â Â Â  ğŸ‘†SellğŸ¤‘ 1388-1450ğŸ¤‘ 1450-1510ğŸ¤‘ 1510-1570ğŸš€ 1570-1630  & aboveSL- 1250,"['GLM', 'ğŸ‘ˆhttpswww.binance.comentradeGLMBTCBuying', 'Zone', '1300-1322', 'ğŸ‘†SellğŸ¤‘', '1388-1450ğŸ¤‘', '1450-1510ğŸ¤‘', '1510-1570ğŸš€', '1570-1630', 'aboveSL-', '1250']"
CryptoSignalCrazy,2022-10-06,15:50:45,#FIDA ğŸ‘ˆhttps://www.binance.com/en/trade/FIDA_BTCBuying Zone 2100- 2200Â Â Â Â Â Â Â Â Â Â Â Â Â Â Â  Highly pumpable Coin ğŸ‘ˆSell ğŸ¤‘ 2300- 2400ğŸ¤‘ 2400Â  - 2600ğŸ¤‘ 2600 - 2800ğŸš€ 2800 - 3000 & aboveSL 2050,"['FIDA', 'ğŸ‘ˆhttpswww.binance.comentradeFIDABTCBuying', 'Zone', '2100-', '2200', 'Highly', 'pumpable', 'Coin', 'ğŸ‘ˆSell', 'ğŸ¤‘', '2300-', '2400ğŸ¤‘', '2400', '-', '2600ğŸ¤‘', '2600', '-', '2800ğŸš€', '2800', '-', '3000', 'aboveSL', '2050']"
CryptoSignalCrazy,2022-10-07,03:27:34,#HIGH ğŸ‘ˆÂ   Call given here Hit 8063 first selling Range  Target 1 done âœ…  12% profit  If you invested 1 btc it's now 1.12 btc now ğŸ¤‘ğŸ¤‘ Signal before pump @ low level Always trade with us for max profit ğŸ˜ŠğŸ¤‘ğŸ’ƒ We are best pump tracker ğŸ¤‘,"['HIGH', 'ğŸ‘ˆ', 'Call', 'given', 'Hit', '8063', 'first', 'selling', 'Range', 'Target', '1', 'done', 'âœ…', '12', 'profit', 'If', 'invested', '1', 'btc', '1.12', 'btc', 'ğŸ¤‘ğŸ¤‘', 'Signal', 'pump', 'low', 'level', 'Always', 'trade', 'u', 'max', 'profit', 'ğŸ˜ŠğŸ¤‘ğŸ’ƒ', 'We', 'best', 'pump', 'tracker', 'ğŸ¤‘']"
CryptoSignalCrazy,2022-10-07,03:36:05,#PYR ğŸ‘ˆ  Call given here hit 2183 second sellin range Target 1 n 2 done âœ… ğŸ‘‰ğŸ‘‰ğŸ‘‰ 17% safe profit  If you invested 1 btc it's now 1.17 btc ğŸ¤‘ğŸ¤‘ Signal before pump @ low level Always trade with us for max profit ğŸ˜ŠğŸ¤‘ğŸ’ƒ We are best pump trackerğŸ˜Š,"['PYR', 'ğŸ‘ˆ', 'Call', 'given', 'hit', '2183', 'second', 'sellin', 'range', 'Target', '1', 'n', '2', 'done', 'âœ…', 'ğŸ‘‰ğŸ‘‰ğŸ‘‰', '17', 'safe', 'profit', 'If', 'invested', '1', 'btc', '1.17', 'btc', 'ğŸ¤‘ğŸ¤‘', 'Signal', 'pump', 'low', 'level', 'Always', 'trade', 'u', 'max', 'profit', 'ğŸ˜ŠğŸ¤‘ğŸ’ƒ', 'We', 'best', 'pump', 'trackerğŸ˜Š']"
CryptoSignalCrazy,2022-10-07,14:31:39,#GLM ğŸ‘ˆ  https://www.binance.com/en/trade/GLM_BTC  Buying Zone 1300-1322 Â Â Â Â Â Â Â Â Â Â Â Â Â Â Â Â  ğŸ‘†  Sell ğŸ¤‘ 1388-1450 ğŸ¤‘ 1450-1510 ğŸ¤‘ 1510-1570 ğŸš€ 1570-1630  & above SL- 1250,"['GLM', 'ğŸ‘ˆ', 'httpswww.binance.comentradeGLMBTC', 'Buying', 'Zone', '1300-1322', 'ğŸ‘†', 'Sell', 'ğŸ¤‘', '1388-1450', 'ğŸ¤‘', '1450-1510', 'ğŸ¤‘', '1510-1570', 'ğŸš€', '1570-1630', 'SL-', '1250']"
CryptoSignalCrazy,2022-10-07,16:16:45,#BTSLooking BullishÂ  ğŸš€ğŸš€https://www.binance.com/en/trade/BTS_BTCBuy Zone 53-54Buy in parts for max profit ğŸš€Sell ğŸ¤‘ 58-60ğŸ¤‘ 60-65ğŸ¤‘ 65-70ğŸš€ 70-75 & aboveSL- 48,"['BTSLooking', 'Bullish', 'ğŸš€ğŸš€httpswww.binance.comentradeBTSBTCBuy', 'Zone', '53-54Buy', 'part', 'max', 'profit', 'ğŸš€Sell', 'ğŸ¤‘', '58-60ğŸ¤‘', '60-65ğŸ¤‘', '65-70ğŸš€', '70-75', 'aboveSL-', '48']"
CryptoSignalCrazy,2022-10-07,17:06:58,#AGIX ğŸ‘ˆhttps://www.binance.com/en/trade/AGIX_BTCBuying Zone 235-245Â Â Â Â  Sell ğŸ¤‘ 257-269ğŸ¤‘ 269- 293ğŸ¤‘ 293- 317ğŸš€ 317-340 & aboveSL- 225,"['AGIX', 'ğŸ‘ˆhttpswww.binance.comentradeAGIXBTCBuying', 'Zone', '235-245', 'Sell', 'ğŸ¤‘', '257-269ğŸ¤‘', '269-', '293ğŸ¤‘', '293-', '317ğŸš€', '317-340', 'aboveSL-', '225']"
CryptoSignalCrazy,2022-10-08,06:24:01,#GLM ğŸ‘ˆ  https://www.binance.com/en/trade/GLM_BTC  Buying Zone 1300-1322 Â Â Â Â Â Â Â Â Â Â Â Â Â Â Â Â  ğŸ‘†  Sell ğŸ¤‘ 1388-1450 ğŸ¤‘ 1450-1510 ğŸ¤‘ 1510-1570 ğŸš€ 1570-1630  & above SL- 1250,"['GLM', 'ğŸ‘ˆ', 'httpswww.binance.comentradeGLMBTC', 'Buying', 'Zone', '1300-1322', 'ğŸ‘†', 'Sell', 'ğŸ¤‘', '1388-1450', 'ğŸ¤‘', '1450-1510', 'ğŸ¤‘', '1510-1570', 'ğŸš€', '1570-1630', 'SL-', '1250']"
CryptoSignalCrazy,2022-10-08,12:18:48,# LOOMğŸ‘ˆhttps://www.binance.com/en/trade/LOOM_BTCBuy 260-267Â Â Â Â Â Â Â Â Â Â Â Â Â Â  SellğŸ¤‘ 280-300ğŸ¤‘ 300-325ğŸ¤‘ 325-350ğŸš€ 350-375 & aboveSL -250,"['LOOMğŸ‘ˆhttpswww.binance.comentradeLOOMBTCBuy', '260-267', 'SellğŸ¤‘', '280-300ğŸ¤‘', '300-325ğŸ¤‘', '325-350ğŸš€', '350-375', 'aboveSL', '-250']"
CryptoSignalCrazy,2022-10-10,02:47:14,#LOOM ğŸ‘ˆÂ  Call given hereHit 290 first selling Range Target 1 done âœ… 9% profit If you invested 1 btc it's now 1.09 btc now ğŸ¤‘ğŸ¤‘Signal before pump @ low levelAlways trade with us for max profit ğŸ˜ŠğŸ¤‘ğŸ’ƒWe are best pump tracker ğŸ¤‘,"['LOOM', 'ğŸ‘ˆ', 'Call', 'given', 'hereHit', '290', 'first', 'selling', 'Range', 'Target', '1', 'done', 'âœ…', '9', 'profit', 'If', 'invested', '1', 'btc', '1.09', 'btc', 'ğŸ¤‘ğŸ¤‘Signal', 'pump', 'low', 'levelAlways', 'trade', 'u', 'max', 'profit', 'ğŸ˜ŠğŸ¤‘ğŸ’ƒWe', 'best', 'pump', 'tracker', 'ğŸ¤‘']"
CryptoSignalCrazy,2022-10-12,14:21:43,#AGIX ğŸ‘ˆ  https://www.binance.com/en/trade/AGIX_BTC  Buying Zone 235-245Â Â Â Â    Sell   ğŸ¤‘ 257-269 ğŸ¤‘ 269- 293 ğŸ¤‘ 293- 317 ğŸš€ 317-340 & above SL- 225,"['AGIX', 'ğŸ‘ˆ', 'httpswww.binance.comentradeAGIXBTC', 'Buying', 'Zone', '235-245', 'Sell', 'ğŸ¤‘', '257-269', 'ğŸ¤‘', '269-', '293', 'ğŸ¤‘', '293-', '317', 'ğŸš€', '317-340', 'SL-', '225']"
CryptoSignalCrazy,2022-10-13,03:59:33,#AGIX ğŸ‘ˆÂ  Call given hereHit 587 ğŸ¤‘ğŸ¤‘ğŸ¤‘All Target done âœ… 150% safe profit If you invested 1 btc it's now 2.5 btc now ğŸ¤‘ğŸ¤‘Signal before pump @ low levelAlways trade with us for max profit ğŸ˜ŠğŸ¤‘ğŸ’ƒWe are best pump tracker ğŸ¤‘,"['AGIX', 'ğŸ‘ˆ', 'Call', 'given', 'hereHit', '587', 'ğŸ¤‘ğŸ¤‘ğŸ¤‘All', 'Target', 'done', 'âœ…', '150', 'safe', 'profit', 'If', 'invested', '1', 'btc', '2.5', 'btc', 'ğŸ¤‘ğŸ¤‘Signal', 'pump', 'low', 'levelAlways', 'trade', 'u', 'max', 'profit', 'ğŸ˜ŠğŸ¤‘ğŸ’ƒWe', 'best', 'pump', 'tracker', 'ğŸ¤‘']"
CryptoSignalCrazy,2022-10-13,04:04:54,#AGIX no.1 Top gainer is tracked by us before pump ğŸ¤‘,"['AGIX', 'no.1', 'Top', 'gainer', 'tracked', 'u', 'pump', 'ğŸ¤‘']"
CryptoSignalCrazy,2022-10-13,13:46:36,#AERGO ğŸ‘ˆhttps://www.binance.com/en/trade/AERGO_BTCBuying Zone 670-700Â Â Â Â Â Â Â Â Â Â Â Â Â Â Â Â  ğŸ‘†SellğŸ¤‘ 735-770ğŸ¤‘ 770-830ğŸ¤‘ 830-900ğŸš€ 900-970 & aboveSL - 650,"['AERGO', 'ğŸ‘ˆhttpswww.binance.comentradeAERGOBTCBuying', 'Zone', '670-700', 'ğŸ‘†SellğŸ¤‘', '735-770ğŸ¤‘', '770-830ğŸ¤‘', '830-900ğŸš€', '900-970', 'aboveSL', '-', '650']"
CryptoSignalCrazy,2022-10-14,17:18:29,#DOCKBullishÂ  ğŸš€ğŸš€https://www.binance.com/en/trade/DOCK_BTCBuying Zone 94-96 News based CallA pump is awaitingğŸ¤‘Sell ğŸ¤‘ 101-105ğŸ¤‘ 105- 115ğŸ¤‘ 115-125ğŸš€ 125-135Â  & aboveExit/Entry point - bullish above 90,"['DOCKBullish', 'ğŸš€ğŸš€httpswww.binance.comentradeDOCKBTCBuying', 'Zone', '94-96', 'News', 'based', 'CallA', 'pump', 'awaitingğŸ¤‘Sell', 'ğŸ¤‘', '101-105ğŸ¤‘', '105-', '115ğŸ¤‘', '115-125ğŸš€', '125-135', 'aboveExitEntry', 'point', '-', 'bullish', '90']"
CryptoSignalCrazy,2022-10-14,17:22:44,ğŸ†•Â New Dock (DOCK) event!  17 October 2022 Q4 Roadmap Update,"['ğŸ†•', 'New', 'Dock', 'DOCK', 'event', '17', 'October', '2022', 'Q4', 'Roadmap', 'Update']"
CryptoSignalCrazy,2022-10-14,17:25:36,ğŸ†•Â New Dock (DOCK) event!  31 December 2022 (or earlier) White Label Mobile Wallet,"['ğŸ†•', 'New', 'Dock', 'DOCK', 'event', '31', 'December', '2022', 'or', 'earlier', 'White', 'Label', 'Mobile', 'Wallet']"
CryptoSignalCrazy,2022-10-14,17:25:37,ğŸ†•Â New Dock (DOCK) event!  31 December 2022 (or earlier) Credentials Builder,"['ğŸ†•', 'New', 'Dock', 'DOCK', 'event', '31', 'December', '2022', 'or', 'earlier', 'Credentials', 'Builder']"
CryptoSignalCrazy,2022-10-14,17:25:37,ğŸ†•Â New Dock (DOCK) event!  31 December 2022 (or earlier) EVM & Native Chain Comm.,"['ğŸ†•', 'New', 'Dock', 'DOCK', 'event', '31', 'December', '2022', 'or', 'earlier', 'EVM', 'Native', 'Chain', 'Comm.']"
CryptoSignalCrazy,2022-10-14,17:25:38,ğŸ†•Â New Dock (DOCK) event!  31 December 2022 (or earlier) V2: Relay Service,"['ğŸ†•', 'New', 'Dock', 'DOCK', 'event', '31', 'December', '2022', 'or', 'earlier', 'V2', 'Relay', 'Service']"
CryptoSignalCrazy,2022-10-14,17:25:38,ğŸ†•Â New Dock (DOCK) event!  31 December 2022 (or earlier) Private Delegatable Creds,"['ğŸ†•', 'New', 'Dock', 'DOCK', 'event', '31', 'December', '2022', 'or', 'earlier', 'Private', 'Delegatable', 'Creds']"
CryptoSignalCrazy,2022-10-14,17:25:39,ğŸ†•Â New Dock (DOCK) event!  31 March 2023 (or earlier) Integrate Traceable Creds,"['ğŸ†•', 'New', 'Dock', 'DOCK', 'event', '31', 'March', '2023', 'or', 'earlier', 'Integrate', 'Traceable', 'Creds']"
CryptoSignalCrazy,2022-10-14,17:25:40,ğŸ†•Â New Dock (DOCK) event!  31 March 2023 (or earlier) Delegatable Credentials,"['ğŸ†•', 'New', 'Dock', 'DOCK', 'event', '31', 'March', '2023', 'or', 'earlier', 'Delegatable', 'Credentials']"
CryptoSignalCrazy,2022-10-14,17:25:45,ğŸ†•Â New Dock (DOCK) event!  31 March 2023 (or earlier) Ethereum Bridge Audit,"['ğŸ†•', 'New', 'Dock', 'DOCK', 'event', '31', 'March', '2023', 'or', 'earlier', 'Ethereum', 'Bridge', 'Audit']"
CryptoSignalCrazy,2022-10-15,14:30:07,#RNDR ğŸ‘ˆhttps://www.binance.com/en/trade/RNDR_BTCBuying Zone 208- 212Sell ğŸ¤‘ 222-232ğŸ¤‘ 232-252ğŸ¤‘ 252-272ğŸš€ 272- 300 & aboveExit/Entry point- 200,"['RNDR', 'ğŸ‘ˆhttpswww.binance.comentradeRNDRBTCBuying', 'Zone', '208-', '212Sell', 'ğŸ¤‘', '222-232ğŸ¤‘', '232-252ğŸ¤‘', '252-272ğŸš€', '272-', '300', 'aboveExitEntry', 'point-', '200']"
CryptoSignalCrazy,2022-10-15,15:54:25,#KDAhttps://www.binance.com/en/trade/KDA_BTCBuying Zone 660-675We are expecting ride in this Coin ğŸš€ğŸš€ğŸš€ğŸš€Buy in parts and Strictly follow as directed ğŸ‘†Sell ğŸ¤‘ 710-740ğŸ¤‘ 740-800ğŸ¤‘ 800- 880ğŸ¤‘ 880-960ğŸš€ 960- 1100 & aboveExit/Re-Entry point- 640,"['KDAhttpswww.binance.comentradeKDABTCBuying', 'Zone', '660-675We', 'expecting', 'ride', 'Coin', 'ğŸš€ğŸš€ğŸš€ğŸš€Buy', 'part', 'Strictly', 'follow', 'directed', 'ğŸ‘†Sell', 'ğŸ¤‘', '710-740ğŸ¤‘', '740-800ğŸ¤‘', '800-', '880ğŸ¤‘', '880-960ğŸš€', '960-', '1100', 'aboveExitRe-Entry', 'point-', '640']"
CryptoSignalCrazy,2022-10-15,16:06:03,#KDA Next GEM to fly ğŸš€ğŸš€ğŸš€,"['KDA', 'Next', 'GEM', 'fly', 'ğŸš€ğŸš€ğŸš€']"
CryptoSignalCrazy,2022-10-16,08:13:29,#REQ will follow #SNM rideğŸš€ You have info .... Do plan ...whatever you can ... #REQ will pump hard ... Nobdoy can stop it... We give you whale info..before pump at low level... Grab #REQ for hardcore profitğŸ‘ˆ,"['REQ', 'follow', 'SNM', 'rideğŸš€', 'You', 'info', '....', 'Do', 'plan', '...whatever', '...', 'REQ', 'pump', 'hard', '...', 'Nobdoy', 'stop', 'it...', 'We', 'give', 'whale', 'info..before', 'pump', 'low', 'level...', 'Grab', 'REQ', 'hardcore', 'profitğŸ‘ˆ']"
CryptoSignalCrazy,2022-10-16,08:31:30,Next Coin to pump hard  #PHA  #ADX  Still at low level Do whatever you can do Plan whatever you can  Inside info/tips is given free of Cost,"['Next', 'Coin', 'pump', 'hard', 'PHA', 'ADX', 'Still', 'low', 'level', 'Do', 'whatever', 'Plan', 'whatever', 'Inside', 'infotips', 'given', 'free', 'Cost']"
CryptoSignalCrazy,2022-10-16,08:43:05,#CTXC ğŸ‘ˆ  https://www.binance.com/en/trade/CTXC_BTC  Buyzone 550 - 570 Â Â Â Â Â Â Â Â Â Â Â Â Â Â Â Â  ğŸ‘†  Buy in parts ğŸ‘ˆstrictly follow for max profitsÂ    Sell ğŸ¤‘ 620 -650 ğŸ¤‘ 650- 700 ğŸš€ 700-750  ğŸ’ƒ 750 -800 & above  Exit/SL-500,"['CTXC', 'ğŸ‘ˆ', 'httpswww.binance.comentradeCTXCBTC', 'Buyzone', '550', '-', '570', 'ğŸ‘†', 'Buy', 'part', 'ğŸ‘ˆstrictly', 'follow', 'max', 'profit', 'Sell', 'ğŸ¤‘', '620', '-650', 'ğŸ¤‘', '650-', '700', 'ğŸš€', '700-750', 'ğŸ’ƒ', '750', '-800', 'ExitSL-500']"
CryptoSignalCrazy,2022-10-16,08:50:57,#BTS Looking BullishÂ  ğŸš€ğŸš€  https://www.binance.com/en/trade/BTS_BTC  Buy Zone 53-54  Buy in parts for max profit ğŸš€  Sell  ğŸ¤‘ 58-60 ğŸ¤‘ 60-65 ğŸ¤‘ 65-70 ğŸš€ 70-75 & above SL- 48,"['BTS', 'Looking', 'Bullish', 'ğŸš€ğŸš€', 'httpswww.binance.comentradeBTSBTC', 'Buy', 'Zone', '53-54', 'Buy', 'part', 'max', 'profit', 'ğŸš€', 'Sell', 'ğŸ¤‘', '58-60', 'ğŸ¤‘', '60-65', 'ğŸ¤‘', '65-70', 'ğŸš€', '70-75', 'SL-', '48']"
CryptoSignalCrazy,2022-10-16,08:57:18,#DOCK  BullishÂ  ğŸš€ğŸš€  https://www.binance.com/en/trade/DOCK_BTC  Buying Zone 94-96   News based Call A pump is awaitingğŸ¤‘  Sell  ğŸ¤‘ 101-105 ğŸ¤‘ 105- 115 ğŸ¤‘ 115-125 ğŸš€ 125-135Â  & above Exit/Entry point - bullish above 90,"['DOCK', 'Bullish', 'ğŸš€ğŸš€', 'httpswww.binance.comentradeDOCKBTC', 'Buying', 'Zone', '94-96', 'News', 'based', 'Call', 'A', 'pump', 'awaitingğŸ¤‘', 'Sell', 'ğŸ¤‘', '101-105', 'ğŸ¤‘', '105-', '115', 'ğŸ¤‘', '115-125', 'ğŸš€', '125-135', 'ExitEntry', 'point', '-', 'bullish', '90']"
CryptoSignalCrazy,2022-10-16,09:16:12,#AERGO ğŸ‘ˆ  https://www.binance.com/en/trade/AERGO_BTC  Buying Zone 670-700 Â Â Â Â Â Â Â Â Â Â Â Â Â Â Â Â  ğŸ‘†  Sell  ğŸ¤‘ 735-770 ğŸ¤‘ 770-830 ğŸ¤‘ 830-900 ğŸš€ 900-970 & above SL - 650,"['AERGO', 'ğŸ‘ˆ', 'httpswww.binance.comentradeAERGOBTC', 'Buying', 'Zone', '670-700', 'ğŸ‘†', 'Sell', 'ğŸ¤‘', '735-770', 'ğŸ¤‘', '770-830', 'ğŸ¤‘', '830-900', 'ğŸš€', '900-970', 'SL', '-', '650']"
CryptoSignalCrazy,2022-10-16,09:27:45,#RNDR ğŸ‘ˆ  https://www.binance.com/en/trade/RNDR_BTC  Buying Zone 208- 212  Sell  ğŸ¤‘ 222-232 ğŸ¤‘ 232-252 ğŸ¤‘ 252-272 ğŸš€ 272- 300 & above Exit/Entry point- 200,"['RNDR', 'ğŸ‘ˆ', 'httpswww.binance.comentradeRNDRBTC', 'Buying', 'Zone', '208-', '212', 'Sell', 'ğŸ¤‘', '222-232', 'ğŸ¤‘', '232-252', 'ğŸ¤‘', '252-272', 'ğŸš€', '272-', '300', 'ExitEntry', 'point-', '200']"
CryptoSignalCrazy,2022-10-16,11:42:08,#FIDA ğŸ‘ˆ  https://www.binance.com/en/trade/FIDA_BTC  Buying Zone 2100- 2200 Â Â Â Â Â Â Â Â Â Â Â Â Â Â Â   Highly pumpable Coin ğŸ‘ˆ  Sell  ğŸ¤‘ 2300- 2400 ğŸ¤‘ 2400Â  - 2600 ğŸ¤‘ 2600 - 2800 ğŸš€ 2800 - 3000 & above SL 2050,"['FIDA', 'ğŸ‘ˆ', 'httpswww.binance.comentradeFIDABTC', 'Buying', 'Zone', '2100-', '2200', 'Highly', 'pumpable', 'Coin', 'ğŸ‘ˆ', 'Sell', 'ğŸ¤‘', '2300-', '2400', 'ğŸ¤‘', '2400', '-', '2600', 'ğŸ¤‘', '2600', '-', '2800', 'ğŸš€', '2800', '-', '3000', 'SL', '2050']"
CryptoSignalCrazy,2022-10-16,14:00:55,#NEXO ğŸ‘ˆhttps://www.binance.com/en/trade/NEXO_BTCBuying Zone 4420-4520 ğŸ‘†SellğŸ¤‘ 4700-4900ğŸ¤‘ 4900-5100ğŸš€ 5100-5500ğŸ’ƒ 5500-5900 & aboveBullish above  - 4150,"['NEXO', 'ğŸ‘ˆhttpswww.binance.comentradeNEXOBTCBuying', 'Zone', '4420-4520', 'ğŸ‘†SellğŸ¤‘', '4700-4900ğŸ¤‘', '4900-5100ğŸš€', '5100-5500ğŸ’ƒ', '5500-5900', 'aboveBullish', '-', '4150']"
CryptoSignalCrazy,2022-10-16,16:55:46,#DOCK  BullishÂ  ğŸš€ğŸš€  https://www.binance.com/en/trade/DOCK_BTC  Buying Zone 94-96   News based Call A pump is awaitingğŸ¤‘  Sell  ğŸ¤‘ 101-105 ğŸ¤‘ 105- 115 ğŸ¤‘ 115-125 ğŸš€ 125-135Â  & above Exit/Entry point - bullish above 90,"['DOCK', 'Bullish', 'ğŸš€ğŸš€', 'httpswww.binance.comentradeDOCKBTC', 'Buying', 'Zone', '94-96', 'News', 'based', 'Call', 'A', 'pump', 'awaitingğŸ¤‘', 'Sell', 'ğŸ¤‘', '101-105', 'ğŸ¤‘', '105-', '115', 'ğŸ¤‘', '115-125', 'ğŸš€', '125-135', 'ExitEntry', 'point', '-', 'bullish', '90']"
CryptoSignalCrazy,2022-10-16,17:05:47,#KDA  https://www.binance.com/en/trade/KDA_BTC  Buying Zone 660-675  We are expecting ride in this Coin ğŸš€ğŸš€ğŸš€ğŸš€  Buy in parts and Strictly follow as directed ğŸ‘†  Sell  ğŸ¤‘ 710-740 ğŸ¤‘ 740-800 ğŸ¤‘ 800- 880 ğŸ¤‘ 880-960 ğŸš€ 960- 1100 & above Exit/Re-Entry point- 640,"['KDA', 'httpswww.binance.comentradeKDABTC', 'Buying', 'Zone', '660-675', 'We', 'expecting', 'ride', 'Coin', 'ğŸš€ğŸš€ğŸš€ğŸš€', 'Buy', 'part', 'Strictly', 'follow', 'directed', 'ğŸ‘†', 'Sell', 'ğŸ¤‘', '710-740', 'ğŸ¤‘', '740-800', 'ğŸ¤‘', '800-', '880', 'ğŸ¤‘', '880-960', 'ğŸš€', '960-', '1100', 'ExitRe-Entry', 'point-', '640']"
CryptoSignalCrazy,2022-10-17,11:06:37,#ELF ğŸ‘ˆhttps://www.binance.com/en/trade/ELF_BTCBuy range 660- 675Highly pumpable CoinSell ğŸ¤‘ 710-740ğŸ¤‘ 740-800ğŸ¤‘ 800 - 870ğŸ¤‘ 870-950ğŸ¤‘ 950 -1050ğŸš€ 1050-1200 & aboveSL 630,"['ELF', 'ğŸ‘ˆhttpswww.binance.comentradeELFBTCBuy', 'range', '660-', '675Highly', 'pumpable', 'CoinSell', 'ğŸ¤‘', '710-740ğŸ¤‘', '740-800ğŸ¤‘', '800', '-', '870ğŸ¤‘', '870-950ğŸ¤‘', '950', '-1050ğŸš€', '1050-1200', 'aboveSL', '630']"
CryptoSignalCrazy,2022-10-20,05:22:45,#CTXC ğŸ‘ˆhttps://www.binance.com/en/trade/CTXC_BTCBuyzone 510 - 526Â Â Â Â Â Â Â Â Â Â Â Â Â Â Â Â  ğŸ‘†Buy in parts ğŸ‘ˆstrictly follow for max profitsÂ  SellğŸ¤‘ 570-620ğŸ¤‘ 620 -650ğŸ¤‘ 650- 700ğŸš€ 700-750 ğŸ’ƒ 750 -800 & aboveExit/Re-Entry point-480,"['CTXC', 'ğŸ‘ˆhttpswww.binance.comentradeCTXCBTCBuyzone', '510', '-', '526', 'ğŸ‘†Buy', 'part', 'ğŸ‘ˆstrictly', 'follow', 'max', 'profit', 'SellğŸ¤‘', '570-620ğŸ¤‘', '620', '-650ğŸ¤‘', '650-', '700ğŸš€', '700-750', 'ğŸ’ƒ', '750', '-800', 'aboveExitRe-Entry', 'point-480']"
CryptoSignalCrazy,2022-10-20,12:38:27,#MLN ğŸ‘ˆhttps://www.binance.com/en/trade/MLN_BTCBuying Zone 980- 995Sell ğŸ¤‘ 1050 - 1100ğŸ¤‘  1100 - 1200ğŸš€  1200 - 1300 & aboveExit/Re-entry point 950,"['MLN', 'ğŸ‘ˆhttpswww.binance.comentradeMLNBTCBuying', 'Zone', '980-', '995Sell', 'ğŸ¤‘', '1050', '-', '1100ğŸ¤‘', '1100', '-', '1200ğŸš€', '1200', '-', '1300', 'aboveExitRe-entry', 'point', '950']"
CryptoSignalCrazy,2022-10-20,16:22:33,#MLN ğŸ‘ˆÂ  Call given hereHit 1073 first selling RangeTarget 1 done âœ… 8% profit If you invested 1 btc it's now 1.08 btc now ğŸ¤‘ğŸ¤‘Signal before pump @ low levelAlways trade with us for max profit ğŸ˜ŠğŸ¤‘ğŸ’ƒWe are best pump tracker ğŸ¤‘,"['MLN', 'ğŸ‘ˆ', 'Call', 'given', 'hereHit', '1073', 'first', 'selling', 'RangeTarget', '1', 'done', 'âœ…', '8', 'profit', 'If', 'invested', '1', 'btc', '1.08', 'btc', 'ğŸ¤‘ğŸ¤‘Signal', 'pump', 'low', 'levelAlways', 'trade', 'u', 'max', 'profit', 'ğŸ˜ŠğŸ¤‘ğŸ’ƒWe', 'best', 'pump', 'tracker', 'ğŸ¤‘']"
CryptoSignalCrazy,2022-10-20,16:34:04,#SNM ğŸ‘ˆhttps://www.binance.com/en/trade/SNM_BTCBuying Zone 1250 - 1290Buy in parts Strictly follow as directed ğŸ‘†Sell ğŸ¤‘ 1350-1400ğŸ¤‘ 1400- 1500ğŸ¤‘ 1500- 1600ğŸš€ 1600- 1700 & aboveBullish above- 1240,"['SNM', 'ğŸ‘ˆhttpswww.binance.comentradeSNMBTCBuying', 'Zone', '1250', '-', '1290Buy', 'part', 'Strictly', 'follow', 'directed', 'ğŸ‘†Sell', 'ğŸ¤‘', '1350-1400ğŸ¤‘', '1400-', '1500ğŸ¤‘', '1500-', '1600ğŸš€', '1600-', '1700', 'aboveBullish', 'above-', '1240']"
CryptoSignalCrazy,2022-10-20,17:05:12,#AGIX ğŸ‘ˆhttps://www.binance.com/en/trade/AGIX_BTCBuying Zone 260-275Â Â Â Â  Sell ğŸ¤‘ 289-303ğŸ¤‘ 303- 320ğŸ¤‘ 320- 350ğŸš€ 350-380 & aboveBullish above 250,"['AGIX', 'ğŸ‘ˆhttpswww.binance.comentradeAGIXBTCBuying', 'Zone', '260-275', 'Sell', 'ğŸ¤‘', '289-303ğŸ¤‘', '303-', '320ğŸ¤‘', '320-', '350ğŸš€', '350-380', 'aboveBullish', '250']"
CryptoSignalCrazy,2022-10-20,17:19:05,#AGIX ğŸ‘ˆ  https://www.binance.com/en/trade/AGIX_BTC  Buying Zone 260-275Â Â Â Â    Sell   ğŸ¤‘ 289-303 ğŸ¤‘ 303- 320 ğŸ¤‘ 320- 350 ğŸš€ 350-380 & above Bullish above 250,"['AGIX', 'ğŸ‘ˆ', 'httpswww.binance.comentradeAGIXBTC', 'Buying', 'Zone', '260-275', 'Sell', 'ğŸ¤‘', '289-303', 'ğŸ¤‘', '303-', '320', 'ğŸ¤‘', '320-', '350', 'ğŸš€', '350-380', 'Bullish', '250']"
CryptoSignalCrazy,2022-10-20,17:44:47,#AGIX ğŸ‘ˆ  https://www.binance.com/en/trade/AGIX_BTC  Buying Zone 260-275Â Â Â Â    Sell   ğŸ¤‘ 289-303 ğŸ¤‘ 303- 320 ğŸ¤‘ 320- 350 ğŸš€ 350-380 & above Bullish above 250,"['AGIX', 'ğŸ‘ˆ', 'httpswww.binance.comentradeAGIXBTC', 'Buying', 'Zone', '260-275', 'Sell', 'ğŸ¤‘', '289-303', 'ğŸ¤‘', '303-', '320', 'ğŸ¤‘', '320-', '350', 'ğŸš€', '350-380', 'Bullish', '250']"
CryptoSignalCrazy,2022-10-20,18:56:50,#IDEX ğŸ‘ˆhttps://www.binance.com/en/trade/IDEX_BTCBuying Zone 290- 298 ğŸ‘ˆ SelğŸ¤‘ 315-330ğŸ¤‘ 330 - 360ğŸ¤‘ 360 - 390ğŸš€ 390- 420 & aboveBullish above 280,"['IDEX', 'ğŸ‘ˆhttpswww.binance.comentradeIDEXBTCBuying', 'Zone', '290-', '298', 'ğŸ‘ˆ', 'SelğŸ¤‘', '315-330ğŸ¤‘', '330', '-', '360ğŸ¤‘', '360', '-', '390ğŸš€', '390-', '420', 'aboveBullish', '280']"
CryptoSignalCrazy,2022-10-20,19:17:35,#REQğŸ‘ˆhttps://www.binance.com/en/trade/REQ_BTCBuy Zone ğŸ‘‰ 550-560Showing upcoming bullish momentum Strictly follow as directed ğŸ‘†Sell ğŸ¤‘588-610ğŸ¤‘ 610-650ğŸ¤‘ 650-700ğŸ¤‘ 700-750ğŸš€ 750-800 & aboveBullish above 535,"['REQğŸ‘ˆhttpswww.binance.comentradeREQBTCBuy', 'Zone', 'ğŸ‘‰', '550-560Showing', 'upcoming', 'bullish', 'momentum', 'Strictly', 'follow', 'directed', 'ğŸ‘†Sell', 'ğŸ¤‘588-610ğŸ¤‘', '610-650ğŸ¤‘', '650-700ğŸ¤‘', '700-750ğŸš€', '750-800', 'aboveBullish', '535']"
CryptoSignalCrazy,2022-10-21,12:28:24,#REQ ğŸ‘ˆ Call given hereHit 609 first selling RangeTarget 1   done âœ… 9% profit If you invested 1 btc it's now 1.09 btc now ğŸ¤‘ğŸ¤‘Signal before pump @ low levelAlways trade with us for max profit ğŸ˜ŠğŸ¤‘ğŸ’ƒWe are best pump tracker ğŸ¤‘,"['REQ', 'ğŸ‘ˆ', 'Call', 'given', 'hereHit', '609', 'first', 'selling', 'RangeTarget', '1', 'done', 'âœ…', '9', 'profit', 'If', 'invested', '1', 'btc', '1.09', 'btc', 'ğŸ¤‘ğŸ¤‘Signal', 'pump', 'low', 'levelAlways', 'trade', 'u', 'max', 'profit', 'ğŸ˜ŠğŸ¤‘ğŸ’ƒWe', 'best', 'pump', 'tracker', 'ğŸ¤‘']"
CryptoSignalCrazy,2022-10-22,00:41:34,#MLN ğŸ‘ˆ  https://www.binance.com/en/trade/MLN_BTC  Buying Zone 980- 995  Sell  ğŸ¤‘ 1050 - 1100 ğŸ¤‘  1100 - 1200 ğŸš€  1200 - 1300 & above Exit/Re-entry point 950,"['MLN', 'ğŸ‘ˆ', 'httpswww.binance.comentradeMLNBTC', 'Buying', 'Zone', '980-', '995', 'Sell', 'ğŸ¤‘', '1050', '-', '1100', 'ğŸ¤‘', '1100', '-', '1200', 'ğŸš€', '1200', '-', '1300', 'ExitRe-entry', 'point', '950']"
CryptoSignalCrazy,2022-10-22,06:19:26,We nab whalesğŸ¤‘ğŸ¤‘ğŸš€ğŸš€No.1 Pump Tracking Service,"['We', 'nab', 'whalesğŸ¤‘ğŸ¤‘ğŸš€ğŸš€No.1', 'Pump', 'Tracking', 'Service']"
CryptoSignalCrazy,2022-10-22,13:47:15,#CTSI ğŸ‘ˆ  https://www.binance.com/en/trade/CTSI_BTC  Buying Zone 720-740 Â Â Â Â Â Â Â Â Â Â Â Â Â Â Â Â  ğŸ‘†  Buy in parts ğŸ‘ˆStrictly follow as directed ğŸ‘†  Showing bullish momentum  Sell  ğŸ¤‘ 800-820 ğŸ¤‘ 820-900 ğŸ¤‘ 900- 1000 ğŸš€ 1000-1100 & above SL 650,"['CTSI', 'ğŸ‘ˆ', 'httpswww.binance.comentradeCTSIBTC', 'Buying', 'Zone', '720-740', 'ğŸ‘†', 'Buy', 'part', 'ğŸ‘ˆStrictly', 'follow', 'directed', 'ğŸ‘†', 'Showing', 'bullish', 'momentum', 'Sell', 'ğŸ¤‘', '800-820', 'ğŸ¤‘', '820-900', 'ğŸ¤‘', '900-', '1000', 'ğŸš€', '1000-1100', 'SL', '650']"
CryptoSignalCrazy,2022-10-22,17:33:57,#MLN ğŸ‘ˆ  https://www.binance.com/en/trade/MLN_BTC  Buying Zone 980- 995  Sell  ğŸ¤‘ 1050 - 1100 ğŸ¤‘  1100 - 1200 ğŸš€  1200 - 1300 & above Exit/Re-entry point 950,"['MLN', 'ğŸ‘ˆ', 'httpswww.binance.comentradeMLNBTC', 'Buying', 'Zone', '980-', '995', 'Sell', 'ğŸ¤‘', '1050', '-', '1100', 'ğŸ¤‘', '1100', '-', '1200', 'ğŸš€', '1200', '-', '1300', 'ExitRe-entry', 'point', '950']"
CryptoSignalCrazy,2022-10-24,12:41:58,#CTXC ğŸ‘ˆ  https://www.binance.com/en/trade/CTXC_BTC  Buyzone 510 - 526 Â Â Â Â Â Â Â Â Â Â Â Â Â Â Â Â  ğŸ‘†  Buy in parts ğŸ‘ˆstrictly follow for max profitsÂ    Sell ğŸ¤‘ 570-620 ğŸ¤‘ 620 -650 ğŸ¤‘ 650- 700 ğŸš€ 700-750  ğŸ’ƒ 750 -800 & above  Exit/Re-Entry point-480,"['CTXC', 'ğŸ‘ˆ', 'httpswww.binance.comentradeCTXCBTC', 'Buyzone', '510', '-', '526', 'ğŸ‘†', 'Buy', 'part', 'ğŸ‘ˆstrictly', 'follow', 'max', 'profit', 'Sell', 'ğŸ¤‘', '570-620', 'ğŸ¤‘', '620', '-650', 'ğŸ¤‘', '650-', '700', 'ğŸš€', '700-750', 'ğŸ’ƒ', '750', '-800', 'ExitRe-Entry', 'point-480']"
CryptoSignalCrazy,2022-10-24,12:54:47,#NEXO ğŸ‘ˆ  https://www.binance.com/en/trade/NEXO_BTC  Buying Zone 4420-4520                  ğŸ‘† Sell  ğŸ¤‘ 4700-4900 ğŸ¤‘ 4900-5100 ğŸš€ 5100-5500 ğŸ’ƒ 5500-5900 & above Bullish above  - 4150,"['NEXO', 'ğŸ‘ˆ', 'httpswww.binance.comentradeNEXOBTC', 'Buying', 'Zone', '4420-4520', 'ğŸ‘†', 'Sell', 'ğŸ¤‘', '4700-4900', 'ğŸ¤‘', '4900-5100', 'ğŸš€', '5100-5500', 'ğŸ’ƒ', '5500-5900', 'Bullish', '-', '4150']"
CryptoSignalCrazy,2022-10-24,13:12:34,#RNDR ğŸ‘ˆÂ   Call given here Hit 241 second sellin Range Target 1 n 2 done âœ… 16% safe profit If you invested 1 btc it's now 1.16 btc now ğŸ¤‘ğŸ¤‘ Signal before pump @ low level Always trade with us for max profit ğŸ˜ŠğŸ¤‘ğŸ’ƒ We are best pump trackerğŸ¤‘,"['RNDR', 'ğŸ‘ˆ', 'Call', 'given', 'Hit', '241', 'second', 'sellin', 'Range', 'Target', '1', 'n', '2', 'done', 'âœ…', '16', 'safe', 'profit', 'If', 'invested', '1', 'btc', '1.16', 'btc', 'ğŸ¤‘ğŸ¤‘', 'Signal', 'pump', 'low', 'level', 'Always', 'trade', 'u', 'max', 'profit', 'ğŸ˜ŠğŸ¤‘ğŸ’ƒ', 'We', 'best', 'pump', 'trackerğŸ¤‘']"
CryptoSignalCrazy,2022-10-25,14:05:05,#PNT ğŸ‘ˆhttps://www.binance.com/en/trade/PNT_BTCBuying Zone 1200-1214SellğŸ¤‘ 1264-1334ğŸ¤‘ 1334 - 1430ğŸ¤‘ 1430  - 1550ğŸš€ 1550 -1670 & above Bullish above 1140,"['PNT', 'ğŸ‘ˆhttpswww.binance.comentradePNTBTCBuying', 'Zone', '1200-1214SellğŸ¤‘', '1264-1334ğŸ¤‘', '1334', '-', '1430ğŸ¤‘', '1430', '-', '1550ğŸš€', '1550', '-1670', 'Bullish', '1140']"
CryptoSignalCrazy,2022-10-25,14:17:19,#SNM ğŸ‘ˆ  https://www.binance.com/en/trade/SNM_BTC  Buying Zone 1250 - 1290  Buy in parts Strictly follow as directed ğŸ‘†  Sell  ğŸ¤‘ 1350-1400 ğŸ¤‘ 1400- 1500 ğŸ¤‘ 1500- 1600 ğŸš€ 1600- 1700 & above  Bullish above- 1240,"['SNM', 'ğŸ‘ˆ', 'httpswww.binance.comentradeSNMBTC', 'Buying', 'Zone', '1250', '-', '1290', 'Buy', 'part', 'Strictly', 'follow', 'directed', 'ğŸ‘†', 'Sell', 'ğŸ¤‘', '1350-1400', 'ğŸ¤‘', '1400-', '1500', 'ğŸ¤‘', '1500-', '1600', 'ğŸš€', '1600-', '1700', 'Bullish', 'above-', '1240']"
CryptoSignalCrazy,2022-10-27,16:17:21,#AION BuyBullish  ğŸš€ğŸš€https://www.binance.com/en/trade/AION_BTCBuyZone 195-200Sitting on bottom.. bull run awaitedSell ğŸ¤‘ 220-240ğŸ¤‘ 240-260ğŸš€ 260-280 ğŸ’ƒ 260 -280 & aboveBullish above 185,"['AION', 'BuyBullish', 'ğŸš€ğŸš€httpswww.binance.comentradeAIONBTCBuyZone', '195-200Sitting', 'bottom..', 'bull', 'run', 'awaitedSell', 'ğŸ¤‘', '220-240ğŸ¤‘', '240-260ğŸš€', '260-280', 'ğŸ’ƒ', '260', '-280', 'aboveBullish', '185']"
CryptoSignalCrazy,2022-10-28,12:58:32,#DREP ğŸ‘ˆhttps://www.binance.com/en/trade/DREP_BTCBuying Zone 1900-1940SellğŸ¤‘ 2100-2200ğŸ¤‘ 2200 - 2400ğŸ¤‘ 2400Â  - 2600ğŸš€ 2600 - 2800 & aboveBullish above 1880,"['DREP', 'ğŸ‘ˆhttpswww.binance.comentradeDREPBTCBuying', 'Zone', '1900-1940SellğŸ¤‘', '2100-2200ğŸ¤‘', '2200', '-', '2400ğŸ¤‘', '2400', '-', '2600ğŸš€', '2600', '-', '2800', 'aboveBullish', '1880']"
CryptoSignalCrazy,2022-10-28,16:35:46,#CTXC ğŸ‘ˆhttps://www.binance.com/en/trade/CTXC_BTCBuyzone 510 - 524Â Â Â Â Â Â Â Â Â Â Â Â Â Â Â Â  ğŸ‘†Buy in parts ğŸ‘ˆstrictly follow for max profitsÂ  SellğŸ¤‘ 550-620ğŸ¤‘ 620 -650ğŸ¤‘ 650- 700ğŸš€ 700-750 ğŸ’ƒ 750 -800 & aboveExit/Re-Entry point-480,"['CTXC', 'ğŸ‘ˆhttpswww.binance.comentradeCTXCBTCBuyzone', '510', '-', '524', 'ğŸ‘†Buy', 'part', 'ğŸ‘ˆstrictly', 'follow', 'max', 'profit', 'SellğŸ¤‘', '550-620ğŸ¤‘', '620', '-650ğŸ¤‘', '650-', '700ğŸš€', '700-750', 'ğŸ’ƒ', '750', '-800', 'aboveExitRe-Entry', 'point-480']"
CryptoSignalCrazy,2022-10-31,10:11:36,#RNDR ğŸ‘ˆÂ   Call given here Hit 276 third sellin Range Target 3 done âœ… 30% safe profit If you invested 1 btc it's now 1.3 btc now ğŸ¤‘ğŸ¤‘ Signal before pump @ low level Always trade with us for max profit ğŸ˜ŠğŸ¤‘ğŸ’ƒ We are best pump trackerğŸ¤‘,"['RNDR', 'ğŸ‘ˆ', 'Call', 'given', 'Hit', '276', 'third', 'sellin', 'Range', 'Target', '3', 'done', 'âœ…', '30', 'safe', 'profit', 'If', 'invested', '1', 'btc', '1.3', 'btc', 'ğŸ¤‘ğŸ¤‘', 'Signal', 'pump', 'low', 'level', 'Always', 'trade', 'u', 'max', 'profit', 'ğŸ˜ŠğŸ¤‘ğŸ’ƒ', 'We', 'best', 'pump', 'trackerğŸ¤‘']"
CryptoSignalCrazy,2022-11-01,05:03:48,#CTXC ğŸ‘ˆ  https://www.binance.com/en/trade/CTXC_BTC  Buyzone 510 - 524 Â Â Â Â Â Â Â Â Â Â Â Â Â Â Â Â  ğŸ‘†  Buy in parts ğŸ‘ˆstrictly follow for max profitsÂ    Sell ğŸ¤‘ 550-620 ğŸ¤‘ 620 -650 ğŸ¤‘ 650- 700 ğŸš€ 700-750  ğŸ’ƒ 750 -800 & above  Exit/Re-Entry point-480,"['CTXC', 'ğŸ‘ˆ', 'httpswww.binance.comentradeCTXCBTC', 'Buyzone', '510', '-', '524', 'ğŸ‘†', 'Buy', 'part', 'ğŸ‘ˆstrictly', 'follow', 'max', 'profit', 'Sell', 'ğŸ¤‘', '550-620', 'ğŸ¤‘', '620', '-650', 'ğŸ¤‘', '650-', '700', 'ğŸš€', '700-750', 'ğŸ’ƒ', '750', '-800', 'ExitRe-Entry', 'point-480']"
CryptoSignalCrazy,2022-11-01,07:58:51,#CTXC ğŸ‘ˆÂ  Call given hereHit 575 ğŸ¤‘Target 1 done âœ… 11% profit ğŸ¤‘If you invested 1 btc it's now 1.11 btc now ğŸ¤‘ğŸ¤‘Signal before pump @ low levelAlways trade with us for max profit ğŸ˜ŠğŸ¤‘ğŸ’ƒWe are best pump tracker ğŸ¤‘,"['CTXC', 'ğŸ‘ˆ', 'Call', 'given', 'hereHit', '575', 'ğŸ¤‘Target', '1', 'done', 'âœ…', '11', 'profit', 'ğŸ¤‘If', 'invested', '1', 'btc', '1.11', 'btc', 'ğŸ¤‘ğŸ¤‘Signal', 'pump', 'low', 'levelAlways', 'trade', 'u', 'max', 'profit', 'ğŸ˜ŠğŸ¤‘ğŸ’ƒWe', 'best', 'pump', 'tracker', 'ğŸ¤‘']"
CryptoSignalCrazy,2022-11-03,12:36:29,#KDAhttps://www.binance.com/en/trade/KDA_BTCBuying Zone 630-650We are expecting ride in this Coin ğŸš€ğŸš€ğŸš€ğŸš€Buy in parts and Strictly follow as directed ğŸ‘†Sell ğŸ¤‘ 683-710ğŸ¤‘ 710-740ğŸ¤‘ 740-800ğŸ¤‘ 800- 880ğŸ¤‘ 880-960ğŸš€ 960- 1100 & aboveExit/Re-Entry point- 600,"['KDAhttpswww.binance.comentradeKDABTCBuying', 'Zone', '630-650We', 'expecting', 'ride', 'Coin', 'ğŸš€ğŸš€ğŸš€ğŸš€Buy', 'part', 'Strictly', 'follow', 'directed', 'ğŸ‘†Sell', 'ğŸ¤‘', '683-710ğŸ¤‘', '710-740ğŸ¤‘', '740-800ğŸ¤‘', '800-', '880ğŸ¤‘', '880-960ğŸš€', '960-', '1100', 'aboveExitRe-Entry', 'point-', '600']"
CryptoSignalCrazy,2022-11-04,00:58:04,#CTSI will follow #MLN rideğŸš€ You have info .... Do plan ...whatever you can ... #CTSI will pump hard ... Nobdoy can stop it... We give you whale info..before pump at low level... Grab #CTSI for hardcore profitğŸ‘ˆ still at low level,"['CTSI', 'follow', 'MLN', 'rideğŸš€', 'You', 'info', '....', 'Do', 'plan', '...whatever', '...', 'CTSI', 'pump', 'hard', '...', 'Nobdoy', 'stop', 'it...', 'We', 'give', 'whale', 'info..before', 'pump', 'low', 'level...', 'Grab', 'CTSI', 'hardcore', 'profitğŸ‘ˆ', 'still', 'low', 'level']"
CryptoSignalCrazy,2022-11-04,01:54:42,#CTSI ğŸ‘ˆ Call given hereHit 848Target 1  n 2 done âœ…18% safe profit for Signal buyersMore than 30% profit for dip buyers If you invested 1 btc it's now 1.18 btc now ğŸ¤‘ğŸ¤‘Signal before pump @ low levelAlways trade with us for max profit ğŸ˜ŠğŸ¤‘ğŸ’ƒ,"['CTSI', 'ğŸ‘ˆ', 'Call', 'given', 'hereHit', '848Target', '1', 'n', '2', 'done', 'âœ…18', 'safe', 'profit', 'Signal', 'buyersMore', '30', 'profit', 'dip', 'buyer', 'If', 'invested', '1', 'btc', '1.18', 'btc', 'ğŸ¤‘ğŸ¤‘Signal', 'pump', 'low', 'levelAlways', 'trade', 'u', 'max', 'profit', 'ğŸ˜ŠğŸ¤‘ğŸ’ƒ']"
CryptoSignalCrazy,2022-11-04,11:05:37,#DREP ğŸ‘ˆ  https://www.binance.com/en/trade/DREP_BTC  Buying Zone 1900-1940  Sell ğŸ¤‘ 2100-2200 ğŸ¤‘ 2200 - 2400 ğŸ¤‘ 2400Â  - 2600 ğŸš€ 2600 - 2800 & above  Bullish above 1880,"['DREP', 'ğŸ‘ˆ', 'httpswww.binance.comentradeDREPBTC', 'Buying', 'Zone', '1900-1940', 'Sell', 'ğŸ¤‘', '2100-2200', 'ğŸ¤‘', '2200', '-', '2400', 'ğŸ¤‘', '2400', '-', '2600', 'ğŸš€', '2600', '-', '2800', 'Bullish', '1880']"
CryptoSignalCrazy,2022-11-06,16:50:37,#MDX ğŸ‘ˆ https://www.binance.com/en/trade/MDX_BTCBuying Zone 520-544Buy in parts... Strictly follow as directed for max profitsSellğŸ¤‘ 571-600ğŸ¤‘ 600-650ğŸ¤‘ 650-700ğŸš€ 700-750 & aboveBullish above 500,"['MDX', 'ğŸ‘ˆ', 'httpswww.binance.comentradeMDXBTCBuying', 'Zone', '520-544Buy', 'parts...', 'Strictly', 'follow', 'directed', 'max', 'profitsSellğŸ¤‘', '571-600ğŸ¤‘', '600-650ğŸ¤‘', '650-700ğŸš€', '700-750', 'aboveBullish', '500']"
CryptoSignalCrazy,2022-11-06,18:00:32,#MDX ğŸ‘ˆ   https://www.binance.com/en/trade/MDX_BTC  Buying Zone 520-544  Buy in parts... Strictly follow as directed for max profits  Sell ğŸ¤‘ 571-600 ğŸ¤‘ 600-650 ğŸ¤‘ 650-700 ğŸš€ 700-750 & above Bullish above 500,"['MDX', 'ğŸ‘ˆ', 'httpswww.binance.comentradeMDXBTC', 'Buying', 'Zone', '520-544', 'Buy', 'parts...', 'Strictly', 'follow', 'directed', 'max', 'profit', 'Sell', 'ğŸ¤‘', '571-600', 'ğŸ¤‘', '600-650', 'ğŸ¤‘', '650-700', 'ğŸš€', '700-750', 'Bullish', '500']"
CryptoSignalCrazy,2022-11-06,18:32:55,#MDX ğŸ‘ˆ Call given here Hit 606 first selling RangeTarget 1 done âœ… 12% profit If you invested 1 btc it's now 1.12 btc now ğŸ¤‘ğŸ¤‘Signal before pump @ low levelAlways trade with us for max profit ğŸ˜ŠğŸ¤‘ğŸ’ƒWe are best pump tracker ğŸ¤‘,"['MDX', 'ğŸ‘ˆ', 'Call', 'given', 'Hit', '606', 'first', 'selling', 'RangeTarget', '1', 'done', 'âœ…', '12', 'profit', 'If', 'invested', '1', 'btc', '1.12', 'btc', 'ğŸ¤‘ğŸ¤‘Signal', 'pump', 'low', 'levelAlways', 'trade', 'u', 'max', 'profit', 'ğŸ˜ŠğŸ¤‘ğŸ’ƒWe', 'best', 'pump', 'tracker', 'ğŸ¤‘']"
CryptoSignalCrazy,2022-11-07,14:16:28,#MDX ğŸ‘ˆ Call given hereHit 681 third selling RangeTarget 2 n 3 done âœ… 25% profit If you invested 1 btc it's now 1.25 btc now ğŸ¤‘ğŸ¤‘Signal before pump @ low levelAlways trade with us for max profit ğŸ˜ŠğŸ¤‘ğŸ’ƒWe are best pump tracker ğŸ¤‘,"['MDX', 'ğŸ‘ˆ', 'Call', 'given', 'hereHit', '681', 'third', 'selling', 'RangeTarget', '2', 'n', '3', 'done', 'âœ…', '25', 'profit', 'If', 'invested', '1', 'btc', '1.25', 'btc', 'ğŸ¤‘ğŸ¤‘Signal', 'pump', 'low', 'levelAlways', 'trade', 'u', 'max', 'profit', 'ğŸ˜ŠğŸ¤‘ğŸ’ƒWe', 'best', 'pump', 'tracker', 'ğŸ¤‘']"
CryptoSignalCrazy,2022-11-07,15:42:40,#DATA ğŸ‘ˆhttps://www.binance.com/en/trade/DATA_BTCBuyzone 153-157 ğŸ‘†Buy in parts ğŸ‘ˆstrictly follow for max profits SellğŸ¤‘ 165-173ğŸ¤‘ 173-185ğŸ¤‘ 185-200ğŸš€ 200-220 & aboveBullish above 150,"['DATA', 'ğŸ‘ˆhttpswww.binance.comentradeDATABTCBuyzone', '153-157', 'ğŸ‘†Buy', 'part', 'ğŸ‘ˆstrictly', 'follow', 'max', 'profit', 'SellğŸ¤‘', '165-173ğŸ¤‘', '173-185ğŸ¤‘', '185-200ğŸš€', '200-220', 'aboveBullish', '150']"
CryptoSignalCrazy,2022-11-08,03:31:35,#DATA ğŸ‘ˆÂ  Call given hereHit 170 first selling RangeTarget 1 done âœ… 8% profit If you invested 1 btc it's now 1.08 btc now ğŸ¤‘ğŸ¤‘Signal before pump @ low levelAlways trade with us for max profit ğŸ˜ŠğŸ¤‘ğŸ’ƒWe are best pump tracker ğŸ¤‘,"['DATA', 'ğŸ‘ˆ', 'Call', 'given', 'hereHit', '170', 'first', 'selling', 'RangeTarget', '1', 'done', 'âœ…', '8', 'profit', 'If', 'invested', '1', 'btc', '1.08', 'btc', 'ğŸ¤‘ğŸ¤‘Signal', 'pump', 'low', 'levelAlways', 'trade', 'u', 'max', 'profit', 'ğŸ˜ŠğŸ¤‘ğŸ’ƒWe', 'best', 'pump', 'tracker', 'ğŸ¤‘']"
CryptoSignalCrazy,2022-11-08,05:03:52,#PNT ğŸ‘ˆ  https://www.binance.com/en/trade/PNT_BTC  Buying Zone 1200-1214  Sell ğŸ¤‘ 1264-1334 ğŸ¤‘ 1334 - 1430 ğŸ¤‘ 1430  - 1550 ğŸš€ 1550 -1670 & above   Bullish above 1140,"['PNT', 'ğŸ‘ˆ', 'httpswww.binance.comentradePNTBTC', 'Buying', 'Zone', '1200-1214', 'Sell', 'ğŸ¤‘', '1264-1334', 'ğŸ¤‘', '1334', '-', '1430', 'ğŸ¤‘', '1430', '-', '1550', 'ğŸš€', '1550', '-1670', 'Bullish', '1140']"
CryptoSignalCrazy,2022-11-08,08:13:12,#KDA  https://www.binance.com/en/trade/KDA_BTC  Buying Zone 630-650  We are expecting ride in this Coin ğŸš€ğŸš€ğŸš€ğŸš€  Buy in parts and Strictly follow as directed ğŸ‘†  Sell  ğŸ¤‘ 683-710 ğŸ¤‘ 710-740 ğŸ¤‘ 740-800 ğŸ¤‘ 800- 880 ğŸ¤‘ 880-960 ğŸš€ 960- 1100 & above Exit/Re-Entry point-â€¦,"['KDA', 'httpswww.binance.comentradeKDABTC', 'Buying', 'Zone', '630-650', 'We', 'expecting', 'ride', 'Coin', 'ğŸš€ğŸš€ğŸš€ğŸš€', 'Buy', 'part', 'Strictly', 'follow', 'directed', 'ğŸ‘†', 'Sell', 'ğŸ¤‘', '683-710', 'ğŸ¤‘', '710-740', 'ğŸ¤‘', '740-800', 'ğŸ¤‘', '800-', '880', 'ğŸ¤‘', '880-960', 'ğŸš€', '960-', '1100', 'ExitRe-Entry', 'point-â€¦']"
CryptoSignalCrazy,2022-11-08,09:12:30,Login to your Binance account and be ready for Call,"['Login', 'Binance', 'account', 'ready', 'Call']"
CryptoSignalCrazy,2022-11-08,09:14:51,#SUPERhttps://www.binance.com/en/trade/SUPER_BTCBuying Zone 650-670We are expecting ride in this Coin ğŸš€ğŸš€ğŸš€ğŸš€Buy in parts and Strictly follow as directed ğŸ‘†Sell ğŸ¤‘ 730-800ğŸ¤‘ 800- 880ğŸ¤‘ 880-960ğŸš€ 960- 1100 & aboveExit/Re-Entry point- 640,"['SUPERhttpswww.binance.comentradeSUPERBTCBuying', 'Zone', '650-670We', 'expecting', 'ride', 'Coin', 'ğŸš€ğŸš€ğŸš€ğŸš€Buy', 'part', 'Strictly', 'follow', 'directed', 'ğŸ‘†Sell', 'ğŸ¤‘', '730-800ğŸ¤‘', '800-', '880ğŸ¤‘', '880-960ğŸš€', '960-', '1100', 'aboveExitRe-Entry', 'point-', '640']"
CryptoSignalCrazy,2022-11-08,09:19:40,Grab this bullshit #SUPER before it pump hard and Whales take away all profit,"['Grab', 'bullshit', 'SUPER', 'pump', 'hard', 'Whales', 'take', 'away', 'profit']"
CryptoSignalCrazy,2022-11-08,09:27:21,If you missed all Gems ğŸš€ğŸš€ğŸš€Just grab #SUPER for higher targets ğŸ¤‘ğŸ¤‘ğŸš€ğŸš€ğŸš€,"['If', 'missed', 'Gems', 'ğŸš€ğŸš€ğŸš€Just', 'grab', 'SUPER', 'higher', 'target', 'ğŸ¤‘ğŸ¤‘ğŸš€ğŸš€ğŸš€']"
CryptoSignalCrazy,2022-11-11,10:42:20,#ASR ğŸ‘ˆhttps://www.binance.com/en/trade/ASR_BTCBuying Zone 1360- 1400 ğŸ‘†Highly pumpable CoinBuy in parts ğŸ‘ˆstrictly follow for max profits Sell ğŸ¤‘ 1470-1540ğŸ¤‘ 1540-1600ğŸ¤‘ 1600-1700ğŸš€ 1700- 1800 & aboveExit/Re-Entry -1320,"['ASR', 'ğŸ‘ˆhttpswww.binance.comentradeASRBTCBuying', 'Zone', '1360-', '1400', 'ğŸ‘†Highly', 'pumpable', 'CoinBuy', 'part', 'ğŸ‘ˆstrictly', 'follow', 'max', 'profit', 'Sell', 'ğŸ¤‘', '1470-1540ğŸ¤‘', '1540-1600ğŸ¤‘', '1600-1700ğŸš€', '1700-', '1800', 'aboveExitRe-Entry', '-1320']"
CryptoSignalCrazy,2022-11-11,11:30:11,#CTXC ğŸ‘ˆhttps://www.binance.com/en/trade/CTXC_BTCBuyzone 470 - 485Â Â Â Â Â Â Â Â Â Â Â Â Â Â Â Â  ğŸ‘†Buy in parts ğŸ‘ˆstrictly follow for max profitsÂ  SellğŸ¤‘ 509-533ğŸ¤‘ 533 -570ğŸ¤‘ 570- 610ğŸš€ 610-650 Exit/Re-Entry point-450,"['CTXC', 'ğŸ‘ˆhttpswww.binance.comentradeCTXCBTCBuyzone', '470', '-', '485', 'ğŸ‘†Buy', 'part', 'ğŸ‘ˆstrictly', 'follow', 'max', 'profit', 'SellğŸ¤‘', '509-533ğŸ¤‘', '533', '-570ğŸ¤‘', '570-', '610ğŸš€', '610-650', 'ExitRe-Entry', 'point-450']"
CryptoSignalCrazy,2022-11-12,16:23:34,#PHA ğŸ‘ˆhttps://www.binance.com/en/trade/PHA_BTCBuying Zone 960-990 ğŸ‘†Sitting at bottomSellğŸ¤‘ 1050-1100ğŸ¤‘ 1100-1200ğŸš€ 1200-1300ğŸ’ƒ 1300-1400 & aboveBullish above 850,"['PHA', 'ğŸ‘ˆhttpswww.binance.comentradePHABTCBuying', 'Zone', '960-990', 'ğŸ‘†Sitting', 'bottomSellğŸ¤‘', '1050-1100ğŸ¤‘', '1100-1200ğŸš€', '1200-1300ğŸ’ƒ', '1300-1400', 'aboveBullish', '850']"
CryptoSignalCrazy,2022-11-13,21:48:54,#CVX ğŸ‘ˆÂ  Call given hereHit 7950 All Target done âœ… 200% profit If you invested 1 btc it's now 3 btc now ğŸ¤‘ğŸ¤‘Signal before pump @ low levelAlways trade with us for max profit ğŸ˜ŠğŸ¤‘ğŸ’ƒWe are best pump tracker ğŸ¤‘,"['CVX', 'ğŸ‘ˆ', 'Call', 'given', 'hereHit', '7950', 'All', 'Target', 'done', 'âœ…', '200', 'profit', 'If', 'invested', '1', 'btc', '3', 'btc', 'ğŸ¤‘ğŸ¤‘Signal', 'pump', 'low', 'levelAlways', 'trade', 'u', 'max', 'profit', 'ğŸ˜ŠğŸ¤‘ğŸ’ƒWe', 'best', 'pump', 'tracker', 'ğŸ¤‘']"
CryptoSignalCrazy,2022-11-14,10:06:12,#ELF ğŸ‘ˆ  https://www.binance.com/en/trade/ELF_BTC  Buy range 660- 675  Highly pumpable Coin  Sell  ğŸ¤‘ 710-740 ğŸ¤‘ 740-800 ğŸ¤‘ 800 - 870 ğŸ¤‘ 870-950 ğŸ¤‘ 950 -1050 ğŸš€ 1050-1200 & above SL 630,"['ELF', 'ğŸ‘ˆ', 'httpswww.binance.comentradeELFBTC', 'Buy', 'range', '660-', '675', 'Highly', 'pumpable', 'Coin', 'Sell', 'ğŸ¤‘', '710-740', 'ğŸ¤‘', '740-800', 'ğŸ¤‘', '800', '-', '870', 'ğŸ¤‘', '870-950', 'ğŸ¤‘', '950', '-1050', 'ğŸš€', '1050-1200', 'SL', '630']"
CryptoSignalCrazy,2022-11-14,10:12:26,#ASR ğŸ‘ˆ  https://www.binance.com/en/trade/ASR_BTC  Buying Zone 1360- 1400                  ğŸ‘†  Highly pumpable Coin  Buy in parts ğŸ‘ˆstrictly follow for max profits   Sell  ğŸ¤‘ 1470-1540 ğŸ¤‘ 1540-1600 ğŸ¤‘ 1600-1700 ğŸš€ 1700- 1800 & above Exit/Re-Entry -1320,"['ASR', 'ğŸ‘ˆ', 'httpswww.binance.comentradeASRBTC', 'Buying', 'Zone', '1360-', '1400', 'ğŸ‘†', 'Highly', 'pumpable', 'Coin', 'Buy', 'part', 'ğŸ‘ˆstrictly', 'follow', 'max', 'profit', 'Sell', 'ğŸ¤‘', '1470-1540', 'ğŸ¤‘', '1540-1600', 'ğŸ¤‘', '1600-1700', 'ğŸš€', '1700-', '1800', 'ExitRe-Entry', '-1320']"
CryptoSignalCrazy,2022-11-14,12:52:20,#KLAYhttps://www.binance.com/en/trade/KLAY_BTCBuyZone 1050-1070Expecting a bull run in this Coin ğŸš€ Strictly buy in partsSell ğŸ¤‘ 1130 -1170ğŸ¤‘ 1170-1250ğŸ¤‘ 1250- 1320ğŸš€ 1320- 1400 & aboveBullish above 1000Always use OCO after rising of CoinğŸ‘ˆ,"['KLAYhttpswww.binance.comentradeKLAYBTCBuyZone', '1050-1070Expecting', 'bull', 'run', 'Coin', 'ğŸš€', 'Strictly', 'buy', 'partsSell', 'ğŸ¤‘', '1130', '-1170ğŸ¤‘', '1170-1250ğŸ¤‘', '1250-', '1320ğŸš€', '1320-', '1400', 'aboveBullish', '1000Always', 'use', 'OCO', 'rising', 'CoinğŸ‘ˆ']"
CryptoSignalCrazy,2022-11-15,16:20:29,#DOCKBullishÂ  ğŸš€ğŸš€https://www.binance.com/en/trade/DOCK_BTCBuying Zone 83-85News based CallğŸ¤‘Sell ğŸ¤‘ 95-100ğŸ¤‘ 100- 110ğŸ¤‘ 110-120ğŸš€ 120-130 & aboveBullish above 79,"['DOCKBullish', 'ğŸš€ğŸš€httpswww.binance.comentradeDOCKBTCBuying', 'Zone', '83-85News', 'based', 'CallğŸ¤‘Sell', 'ğŸ¤‘', '95-100ğŸ¤‘', '100-', '110ğŸ¤‘', '110-120ğŸš€', '120-130', 'aboveBullish', '79']"
CryptoSignalCrazy,2022-11-15,16:22:30,ğŸ†•Â New Dock (DOCK) event!  17 November 2022 YouTube AMA,"['ğŸ†•', 'New', 'Dock', 'DOCK', 'event', '17', 'November', '2022', 'YouTube', 'AMA']"
CryptoSignalCrazy,2022-11-15,16:26:59,#DOCK upcoming hot eventsğŸ‘‡ğŸ†•Â New Dock (DOCK) event! 31 December 2022 (or earlier) White Label Mobile WalletğŸ†•Â New Dock (DOCK) event! 31 December 2022 (or earlier) Credentials BuilderğŸ†•Â New Dock (DOCK) event! 31 December 2022 (or earlier) EVM & Native Chain Comm.ğŸ†•Â New Dock (DOCK) event! 31 December 2022 (or earlier) V2: Relay ServiceğŸ†•Â New Dock (DOCK) event! 31 December 2022 (or earlier) Private Delegatable CredsğŸ†•Â New Dock (DOCK) event! 31 March 2023 (or earlier) Integrate Traceable CredsğŸ†•Â New Dock (DOCK) event! 31 March 2023 (or earlier) Delegatable CredentialsğŸ†•Â New Dock (DOCK) event! 31 March 2023 (or earlier) Ethereum Bridge Audit,"['DOCK', 'upcoming', 'hot', 'eventsğŸ‘‡ğŸ†•', 'New', 'Dock', 'DOCK', 'event', '31', 'December', '2022', 'or', 'earlier', 'White', 'Label', 'Mobile', 'WalletğŸ†•', 'New', 'Dock', 'DOCK', 'event', '31', 'December', '2022', 'or', 'earlier', 'Credentials', 'BuilderğŸ†•', 'New', 'Dock', 'DOCK', 'event', '31', 'December', '2022', 'or', 'earlier', 'EVM', 'Native', 'Chain', 'Comm.ğŸ†•', 'New', 'Dock', 'DOCK', 'event', '31', 'December', '2022', 'or', 'earlier', 'V2', 'Relay', 'ServiceğŸ†•', 'New', 'Dock', 'DOCK', 'event', '31', 'December', '2022', 'or', 'earlier', 'Private', 'Delegatable', 'CredsğŸ†•', 'New', 'Dock', 'DOCK', 'event', '31', 'March', '2023', 'or', 'earlier', 'Integrate', 'Traceable', 'CredsğŸ†•', 'New', 'Dock', 'DOCK', 'event', '31', 'March', '2023', 'or', 'earlier', 'Delegatable', 'CredentialsğŸ†•', 'New', 'Dock', 'DOCK', 'event', '31', 'March', '2023', 'or', 'earlier', 'Ethereum', 'Bridge', 'Audit']"
CryptoSignalCrazy,2022-11-15,16:56:30,#LRC ğŸ‘ˆhttps://www.binance.com/en/trade/LRC_BTCBuyzone 1500-1550SellğŸ¤‘ 1620-1650ğŸ¤‘ 1650-1750ğŸ¤‘ 1750- 1850ğŸš€ 1850-1950 & aboveBullish above 1450,"['LRC', 'ğŸ‘ˆhttpswww.binance.comentradeLRCBTCBuyzone', '1500-1550SellğŸ¤‘', '1620-1650ğŸ¤‘', '1650-1750ğŸ¤‘', '1750-', '1850ğŸš€', '1850-1950', 'aboveBullish', '1450']"
CryptoSignalCrazy,2022-11-15,17:52:45,#PNT ğŸ‘ˆhttps://www.binance.com/en/trade/PNT_BTCBuying Zone 980-1010SellğŸ¤‘ 1060-1100ğŸ¤‘ 1100 - 1200ğŸ¤‘ 1200  - 1300ğŸš€ 1300 -1400 & above Bullish above 950,"['PNT', 'ğŸ‘ˆhttpswww.binance.comentradePNTBTCBuying', 'Zone', '980-1010SellğŸ¤‘', '1060-1100ğŸ¤‘', '1100', '-', '1200ğŸ¤‘', '1200', '-', '1300ğŸš€', '1300', '-1400', 'Bullish', '950']"
CryptoSignalCrazy,2022-11-15,18:43:17,#ASR ğŸ‘ˆÂ   Call given here Hit 1370 first selling Range Target 1 done âœ…  10% profit  If you invested 1 btc it's now 1.1 btc now ğŸ¤‘ğŸ¤‘ Signal before pump @ low level Always trade with us for max profit ğŸ˜ŠğŸ¤‘ğŸ’ƒ We are best pump tracker ğŸ¤‘,"['ASR', 'ğŸ‘ˆ', 'Call', 'given', 'Hit', '1370', 'first', 'selling', 'Range', 'Target', '1', 'done', 'âœ…', '10', 'profit', 'If', 'invested', '1', 'btc', '1.1', 'btc', 'ğŸ¤‘ğŸ¤‘', 'Signal', 'pump', 'low', 'level', 'Always', 'trade', 'u', 'max', 'profit', 'ğŸ˜ŠğŸ¤‘ğŸ’ƒ', 'We', 'best', 'pump', 'tracker', 'ğŸ¤‘']"
CryptoSignalCrazy,2022-11-16,07:23:52,#WABI https://www.binance.com/en/trade/WABI_BTCBuying Zone 350-375We are expecting bull ride in this Coin ğŸš€ğŸš€ğŸš€ğŸš€Buy in parts and Strictly followÂ  as directed ğŸ‘†Sell ğŸ¤‘ 394-410ğŸ¤‘ 410-450ğŸš€ 450-490 ğŸ’ƒ 490 -530 & aboveBullish above 330,"['WABI', 'httpswww.binance.comentradeWABIBTCBuying', 'Zone', '350-375We', 'expecting', 'bull', 'ride', 'Coin', 'ğŸš€ğŸš€ğŸš€ğŸš€Buy', 'part', 'Strictly', 'follow', 'directed', 'ğŸ‘†Sell', 'ğŸ¤‘', '394-410ğŸ¤‘', '410-450ğŸš€', '450-490', 'ğŸ’ƒ', '490', '-530', 'aboveBullish', '330']"
CryptoSignalCrazy,2022-11-16,14:16:16,#WABI ğŸ‘ˆÂ  Call given hereHit 439 second selling Range Target 1 n 2 doneÂ  âœ…17% profit ğŸ¤‘If you invested 1 btc its now 1.17 btc ğŸ¤‘Signal before pump @ low levelAlways trade with us for max profit ğŸ˜ŠğŸ¤‘ğŸ’ƒ,"['WABI', 'ğŸ‘ˆ', 'Call', 'given', 'hereHit', '439', 'second', 'selling', 'Range', 'Target', '1', 'n', '2', 'done', 'âœ…17', 'profit', 'ğŸ¤‘If', 'invested', '1', 'btc', '1.17', 'btc', 'ğŸ¤‘Signal', 'pump', 'low', 'levelAlways', 'trade', 'u', 'max', 'profit', 'ğŸ˜ŠğŸ¤‘ğŸ’ƒ']"
CryptoSignalCrazy,2022-11-16,15:38:50,#GMT ğŸ‘ˆhttps://www.binance.com/en/trade/GMT_BTCBuying Zone 2350-2400 ğŸ‘†SellğŸ¤‘ 2520-2640ğŸ¤‘ 2640-2800ğŸš€ 2800-3000ğŸ’ƒ 3000-3200 & aboveBullish above  - 2280,"['GMT', 'ğŸ‘ˆhttpswww.binance.comentradeGMTBTCBuying', 'Zone', '2350-2400', 'ğŸ‘†SellğŸ¤‘', '2520-2640ğŸ¤‘', '2640-2800ğŸš€', '2800-3000ğŸ’ƒ', '3000-3200', 'aboveBullish', '-', '2280']"
CryptoSignalCrazy,2022-11-17,03:05:28,#WABI ğŸ‘ˆÂ   Call given here Hit 439 second selling Range  Target 1 n 2 doneÂ  âœ… 17% profit ğŸ¤‘ If you invested 1 btc its now 1.17 btc ğŸ¤‘ Signal before pump @ low level Always trade with us for max profit ğŸ˜ŠğŸ¤‘ğŸ’ƒ,"['WABI', 'ğŸ‘ˆ', 'Call', 'given', 'Hit', '439', 'second', 'selling', 'Range', 'Target', '1', 'n', '2', 'done', 'âœ…', '17', 'profit', 'ğŸ¤‘', 'If', 'invested', '1', 'btc', '1.17', 'btc', 'ğŸ¤‘', 'Signal', 'pump', 'low', 'level', 'Always', 'trade', 'u', 'max', 'profit', 'ğŸ˜ŠğŸ¤‘ğŸ’ƒ']"
CryptoSignalCrazy,2022-11-17,05:55:51,#ASR ğŸ‘ˆÂ   Call given here Hit 1620 second selling zone Target 2 done âœ…  16% profit  If you invested 1 btc it's now 1.16 btc now ğŸ¤‘ğŸ¤‘ Signal before pump @ low level Always trade with us for max profit ğŸ˜ŠğŸ¤‘ğŸ’ƒ We are best pump tracker ğŸ¤‘,"['ASR', 'ğŸ‘ˆ', 'Call', 'given', 'Hit', '1620', 'second', 'selling', 'zone', 'Target', '2', 'done', 'âœ…', '16', 'profit', 'If', 'invested', '1', 'btc', '1.16', 'btc', 'ğŸ¤‘ğŸ¤‘', 'Signal', 'pump', 'low', 'level', 'Always', 'trade', 'u', 'max', 'profit', 'ğŸ˜ŠğŸ¤‘ğŸ’ƒ', 'We', 'best', 'pump', 'tracker', 'ğŸ¤‘']"
CryptoSignalCrazy,2022-11-17,14:26:58,#PHA ğŸ‘ˆ  https://www.binance.com/en/trade/PHA_BTC  Buying Zone 960-990                  ğŸ‘† Sitting at bottom  Sell  ğŸ¤‘ 1050-1100 ğŸ¤‘ 1100-1200 ğŸš€ 1200-1300 ğŸ’ƒ 1300-1400 & above Bullish above 850,"['PHA', 'ğŸ‘ˆ', 'httpswww.binance.comentradePHABTC', 'Buying', 'Zone', '960-990', 'ğŸ‘†', 'Sitting', 'bottom', 'Sell', 'ğŸ¤‘', '1050-1100', 'ğŸ¤‘', '1100-1200', 'ğŸš€', '1200-1300', 'ğŸ’ƒ', '1300-1400', 'Bullish', '850']"
CryptoSignalCrazy,2022-11-17,18:00:02,#BETA https://www.binance.com/en/trade/BETA_BTCBuying Zone 370-390Buy in parts and Strictly followÂ  as directed ğŸ‘†Sell ğŸ¤‘ 410-430ğŸ¤‘ 430-450ğŸš€ 450-490 ğŸ’ƒ 490 -530 & aboveBullish above 350,"['BETA', 'httpswww.binance.comentradeBETABTCBuying', 'Zone', '370-390Buy', 'part', 'Strictly', 'follow', 'directed', 'ğŸ‘†Sell', 'ğŸ¤‘', '410-430ğŸ¤‘', '430-450ğŸš€', '450-490', 'ğŸ’ƒ', '490', '-530', 'aboveBullish', '350']"
CryptoSignalCrazy,2022-11-18,03:44:42,#PHA ğŸ‘ˆ  https://www.binance.com/en/trade/PHA_BTC  Buying Zone 960-990                  ğŸ‘† Sitting at bottom  Sell  ğŸ¤‘ 1050-1100 ğŸ¤‘ 1100-1200 ğŸš€ 1200-1300 ğŸ’ƒ 1300-1400 & above Bullish above 850,"['PHA', 'ğŸ‘ˆ', 'httpswww.binance.comentradePHABTC', 'Buying', 'Zone', '960-990', 'ğŸ‘†', 'Sitting', 'bottom', 'Sell', 'ğŸ¤‘', '1050-1100', 'ğŸ¤‘', '1100-1200', 'ğŸš€', '1200-1300', 'ğŸ’ƒ', '1300-1400', 'Bullish', '850']"
CryptoSignalCrazy,2022-11-18,04:06:36,#BETA   https://www.binance.com/en/trade/BETA_BTC  Buying Zone 370-390  Buy in parts and Strictly followÂ  as directed ğŸ‘†  Sell   ğŸ¤‘ 410-430 ğŸ¤‘ 430-450 ğŸš€ 450-490  ğŸ’ƒ 490 -530 & above Bullish above 350,"['BETA', 'httpswww.binance.comentradeBETABTC', 'Buying', 'Zone', '370-390', 'Buy', 'part', 'Strictly', 'follow', 'directed', 'ğŸ‘†', 'Sell', 'ğŸ¤‘', '410-430', 'ğŸ¤‘', '430-450', 'ğŸš€', '450-490', 'ğŸ’ƒ', '490', '-530', 'Bullish', '350']"
CryptoSignalCrazy,2022-11-18,08:55:05,#AERGO ğŸ‘ˆhttps://www.binance.com/en/trade/AERGO_BTCBuying Zone 600-620Â Â Â Â Â Â Â Â Â Â Â Â Â Â Â Â  ğŸ‘†SellğŸ¤‘ 650-680ğŸ¤‘ 680-740ğŸ¤‘ 740-800ğŸš€ 800-860 & aboveBullish above  - 560,"['AERGO', 'ğŸ‘ˆhttpswww.binance.comentradeAERGOBTCBuying', 'Zone', '600-620', 'ğŸ‘†SellğŸ¤‘', '650-680ğŸ¤‘', '680-740ğŸ¤‘', '740-800ğŸš€', '800-860', 'aboveBullish', '-', '560']"
CryptoSignalCrazy,2022-11-18,10:12:26,#AION BuyBullishÂ  ğŸš€ğŸš€https://www.binance.com/en/trade/AION_BTCBuyZone 165-175Sitting on bottom.. bull run awaitedSell ğŸ¤‘ 184-200ğŸ¤‘ 200-220ğŸ¤‘ 220-240ğŸ¤‘ 240-260ğŸš€ 260-280  & aboveBullish above 150,"['AION', 'BuyBullish', 'ğŸš€ğŸš€httpswww.binance.comentradeAIONBTCBuyZone', '165-175Sitting', 'bottom..', 'bull', 'run', 'awaitedSell', 'ğŸ¤‘', '184-200ğŸ¤‘', '200-220ğŸ¤‘', '220-240ğŸ¤‘', '240-260ğŸš€', '260-280', 'aboveBullish', '150']"
CryptoSignalCrazy,2022-11-18,13:50:17,#AION ğŸ‘ˆ Call given hereHit 204 first selling RangeTarget 1 done âœ… 17% profit If you invested 1 btc it's now 1.17 btc now ğŸ¤‘ğŸ¤‘Signal before pump @ low levelAlways trade with us for max profit ğŸ˜ŠğŸ¤‘ğŸ’ƒWe are best pump tracker ğŸ¤‘,"['AION', 'ğŸ‘ˆ', 'Call', 'given', 'hereHit', '204', 'first', 'selling', 'RangeTarget', '1', 'done', 'âœ…', '17', 'profit', 'If', 'invested', '1', 'btc', '1.17', 'btc', 'ğŸ¤‘ğŸ¤‘Signal', 'pump', 'low', 'levelAlways', 'trade', 'u', 'max', 'profit', 'ğŸ˜ŠğŸ¤‘ğŸ’ƒWe', 'best', 'pump', 'tracker', 'ğŸ¤‘']"
CryptoSignalCrazy,2022-11-19,05:34:32,#AERGO ğŸ‘ˆ  https://www.binance.com/en/trade/AERGO_BTC  Buying Zone 600-620 Â Â Â Â Â Â Â Â Â Â Â Â Â Â Â Â  ğŸ‘†  Sell  ğŸ¤‘ 650-680 ğŸ¤‘ 680-740 ğŸ¤‘ 740-800 ğŸš€ 800-860 & above Bullish above  - 560,"['AERGO', 'ğŸ‘ˆ', 'httpswww.binance.comentradeAERGOBTC', 'Buying', 'Zone', '600-620', 'ğŸ‘†', 'Sell', 'ğŸ¤‘', '650-680', 'ğŸ¤‘', '680-740', 'ğŸ¤‘', '740-800', 'ğŸš€', '800-860', 'Bullish', '-', '560']"
CryptoSignalCrazy,2022-11-20,08:44:20,#SNM ğŸ‘ˆ  https://www.binance.com/en/trade/SNM_BTC  Buying Zone 1250 - 1290  Buy in parts Strictly follow as directed ğŸ‘†  Sell  ğŸ¤‘ 1350-1400 ğŸ¤‘ 1400- 1500 ğŸ¤‘ 1500- 1600 ğŸš€ 1600- 1700 & above  Bullish above- 1240,"['SNM', 'ğŸ‘ˆ', 'httpswww.binance.comentradeSNMBTC', 'Buying', 'Zone', '1250', '-', '1290', 'Buy', 'part', 'Strictly', 'follow', 'directed', 'ğŸ‘†', 'Sell', 'ğŸ¤‘', '1350-1400', 'ğŸ¤‘', '1400-', '1500', 'ğŸ¤‘', '1500-', '1600', 'ğŸš€', '1600-', '1700', 'Bullish', 'above-', '1240']"
CryptoSignalCrazy,2022-11-20,11:19:21,#CTXC ğŸ‘ˆ  https://www.binance.com/en/trade/CTXC_BTC  Buyzone 470 - 485 Â Â Â Â Â Â Â Â Â Â Â Â Â Â Â Â  ğŸ‘†  Buy in parts ğŸ‘ˆstrictly follow for max profitsÂ    Sell ğŸ¤‘ 509-533 ğŸ¤‘ 533 -570 ğŸ¤‘ 570- 610 ğŸš€ 610-650  Exit/Re-Entry point-450,"['CTXC', 'ğŸ‘ˆ', 'httpswww.binance.comentradeCTXCBTC', 'Buyzone', '470', '-', '485', 'ğŸ‘†', 'Buy', 'part', 'ğŸ‘ˆstrictly', 'follow', 'max', 'profit', 'Sell', 'ğŸ¤‘', '509-533', 'ğŸ¤‘', '533', '-570', 'ğŸ¤‘', '570-', '610', 'ğŸš€', '610-650', 'ExitRe-Entry', 'point-450']"
