AlphaTradeZone,2022-09-15,15:47:08,$BTCUSDTPutting orders at 5m breaker (grey). We got a sweep and a three drives low setupTargeting the first supply as a trade-safe trigger and then waiting for a 5m supply test at the high of the current range.https://www.tradingview.com/x/nW7JgCsy/,"['BTCUSDTPutting', 'order', '5m', 'breaker', 'grey.', 'We', 'got', 'sweep', 'three', 'drive', 'low', 'setupTargeting', 'first', 'supply', 'trade-safe', 'trigger', 'waiting', '5m', 'supply', 'test', 'high', 'current', 'range.httpswww.tradingview.comxnW7JgCsy']"
AlphaTradeZone,2022-09-15,15:50:32,"Please, manage your risk, I saw a lot of times we dumped after a small bounce SO be ready to close earlier than supposed to.",
AlphaTradeZone,2022-09-16,05:55:57,$BTCUSDT Putting orders at 5m breaker (grey). We got a sweep and a three drives low setup Targeting the first supply as a trade-safe trigger and then waiting for a 5m supply test at the high of the current range.  https://www.tradingview.com/x/nW7JgCsy/,"['BTCUSDT', 'Putting', 'order', '5m', 'breaker', 'grey.', 'We', 'got', 'sweep', 'three', 'drive', 'low', 'setup', 'Targeting', 'first', 'supply', 'trade-safe', 'trigger', 'waiting', '5m', 'supply', 'test', 'high', 'current', 'range.', 'httpswww.tradingview.comxnW7JgCsy']"
AlphaTradeZone,2022-09-16,05:58:40,$BTCUSDT Thank you for perfect hit to sl with no lower prices. If someone managed to put lower SL - keep holding. I will be looking for a re-entry.  https://www.tradingview.com/x/hSriJY15/,"['BTCUSDT', 'Thank', 'perfect', 'hit', 'sl', 'lower', 'prices.', 'If', 'someone', 'managed', 'put', 'lower', 'SL', '-', 'keep', 'holding.', 'I', 'looking', 're-entry.', 'httpswww.tradingview.comxhSriJY15']"
AlphaTradeZone,2022-09-16,09:52:31,$BTCUSDT Putting orders in 0.5 in the grey zone. Wider and safer SL. TPs are the same. Just re-joining.  https://www.tradingview.com/x/UnnRJX91/,
AlphaTradeZone,2022-09-16,13:53:24,$BTCUSDT Caught an entry here. Setting stop at penny profit $19636.  https://www.tradingview.com/x/rx4fuIgf/,
AlphaTradeZone,2022-09-17,13:23:02,"Also a side note. Whenever over the past years ETH has been facing severe downside moves, XRP has been pumping. They have had their inverse correlation many times in the past. Merge just passed. ETH is bearish, maybe it's time for whales to manipulate XRP again. (it's just speculation but i've seen this play out several times in the past)","['Also', 'side', 'note.', 'Whenever', 'past', 'year', 'ETH', 'facing', 'severe', 'downside', 'move', 'XRP', 'pumping.', 'They', 'inverse', 'correlation', 'many', 'time', 'past.', 'Merge', 'passed.', 'ETH', 'bearish', 'maybe', 'time', 'whale', 'manipulate', 'XRP', 'again.', 'it', 'speculation', 'ive', 'seen', 'play', 'several', 'time', 'past']"
AlphaTradeZone,2022-09-18,09:18:09,ByBit#XRP/USD Take-Profit target 2 ‚úÖProfit: 280.4709% üìàPeriod: 20 Hours 1 Minutes ‚è∞,
AlphaTradeZone,2022-09-19,12:06:26,Let's do market predictions with charts. Show us your prediction in the chat with a chart.I go first.We drop to around 16k +- 1k and then we go for MSB above 23k to confirm the mega ultra total bullish trend.https://www.tradingview.com/x/GT8sospM/,
AlphaTradeZone,2022-09-19,19:33:34,boom xrp ‚úÖüåü,"['boom', 'xrp', '‚úÖüåü']"
AlphaTradeZone,2022-09-19,19:33:34,ByBit#XRP/USD Take-Profit target 2 ‚úÖProfit: 384.887% üìàPeriod: 18 Hours 49 Minutes ‚è∞,
AlphaTradeZone,2022-09-20,19:04:51,"$ETHUSDTWant to see ETH going to daily supply and will be looking for shorts.Right now, possible to play quick bounces as Longs.https://www.tradingview.com/x/XI71XjM2/","['ETHUSDTWant', 'see', 'ETH', 'going', 'daily', 'supply', 'looking', 'shorts.Right', 'now', 'possible', 'play', 'quick', 'bounce', 'Longs.httpswww.tradingview.comxXI71XjM2']"
AlphaTradeZone,2022-09-21,18:40:19,#BTC/USDbtc plan remains unchanged for nowhttps://www.tradingview.com/x/odpPzWoZ/,
AlphaTradeZone,2022-09-22,18:23:59,$BTCUSDTLooking for a range high to short the corn. We've been barely moving last few days and still near the swing low. I think that could be the last HTF drop this year. So waiting for the range high now. No actions yet.https://www.tradingview.com/x/sBUrag1o/,"['BTCUSDTLooking', 'range', 'high', 'short', 'corn.', 'Weve', 'barely', 'moving', 'last', 'day', 'still', 'near', 'swing', 'low.', 'I', 'think', 'could', 'last', 'HTF', 'drop', 'year.', 'So', 'waiting', 'range', 'high', 'now.', 'No', 'action', 'yet.httpswww.tradingview.comxsBUrag1o']"
AlphaTradeZone,2022-09-22,19:51:50,ByBit#XRP/USD All take-profit targets achieved üòéProfit: 936.7938% üìàPeriod: 3 Days 19 Hours 11 Minutes ‚è∞,
AlphaTradeZone,2022-09-24,13:30:00,One trend to watch for 22/23 is the Real Yield narrativeEverybody is tired of yields from token inflation - sustainable yields can come from dividends from real-life revenue-earning businesses @AcquireFi are putting business revenue on-chain right nowüî•$ACQ could be hugeüöÄCheck their community on TG: https://t.me/+jNPRdHFs24ZiNjQx Website: https://acquire.fi/ ‚¨ÜÔ∏è‚¨ÜÔ∏èSponsored content,"['One', 'trend', 'watch', '2223', 'Real', 'Yield', 'narrativeEverybody', 'tired', 'yield', 'token', 'inflation', '-', 'sustainable', 'yield', 'come', 'dividend', 'real-life', 'revenue-earning', 'business', 'AcquireFi', 'putting', 'business', 'revenue', 'on-chain', 'right', 'nowüî•ACQ', 'could', 'hugeüöÄCheck', 'community', 'TG', 'httpst.mejNPRdHFs24ZiNjQx', 'Website', 'httpsacquire.fi', '‚¨ÜÔ∏è‚¨ÜÔ∏èSponsored', 'content']"
AlphaTradeZone,2022-09-24,17:54:14,$MATICUSDT Can't say for me it's a valid rw since it's out of context but looking pretty good on HTF. Would be a good chance to catch an LTF move to take some money out of this.  https://www.tradingview.com/x/IGgBulRK/,"['MATICUSDT', 'Cant', 'say', 'valid', 'rw', 'since', 'context', 'looking', 'pretty', 'good', 'HTF.', 'Would', 'good', 'chance', 'catch', 'LTF', 'move', 'take', 'money', 'this.', 'httpswww.tradingview.comxIGgBulRK']"
AlphaTradeZone,2022-09-25,14:28:52,"#BTC/USDpossible weekend scenario, waiting for reaction if we hit range lowhttps://www.tradingview.com/x/ltklj3JZ/",
AlphaTradeZone,2022-09-26,08:29:31,#BTC/USDRange low got frontran and playing out ‚úîÔ∏èhttps://www.tradingview.com/x/ekIus24B/,
AlphaTradeZone,2022-09-26,19:32:20,"$ETHUSDTWe are slowly suppressing the resistance.As always, we won't retrace to breakout point so try to lower your risk longing under resistance for a breakout.https://www.tradingview.com/x/r47XXgUG/",
AlphaTradeZone,2022-09-27,03:12:19,#BTC/USD‚úîÔ∏èhttps://www.tradingview.com/x/h3V9xwyv/,
AlphaTradeZone,2022-09-27,16:59:30,$BTCUSDT Looking for a range high to short the corn. We've been barely moving last few days and still near the swing low. I think that could be the last HTF drop this year. So waiting for the range high now. No actions yet.  https://www.tradingview.com/x/sBUrag1o/,"['BTCUSDT', 'Looking', 'range', 'high', 'short', 'corn.', 'Weve', 'barely', 'moving', 'last', 'day', 'still', 'near', 'swing', 'low.', 'I', 'think', 'could', 'last', 'HTF', 'drop', 'year.', 'So', 'waiting', 'range', 'high', 'now.', 'No', 'action', 'yet.', 'httpswww.tradingview.comxsBUrag1o']"
AlphaTradeZone,2022-09-28,11:21:06,$MATICUSDT The HTF plan partially played out nut missed resistance and missed support. Instead we got an s/r flip above resistance and imo at least sweep+grey resistance tap would happen.  https://www.tradingview.com/x/NNfAQD0F/,"['MATICUSDT', 'The', 'HTF', 'plan', 'partially', 'played', 'nut', 'missed', 'resistance', 'missed', 'support.', 'Instead', 'got', 'sr', 'flip', 'resistance', 'imo', 'least', 'sweepgrey', 'resistance', 'tap', 'would', 'happen.', 'httpswww.tradingview.comxNNfAQD0F']"
AlphaTradeZone,2022-09-30,18:26:22,$BTCUSDT Nice one. Waiting for a range high test to get into short to range low.  https://www.tradingview.com/x/xbLS8Ikx/,"['BTCUSDT', 'Nice', 'one.', 'Waiting', 'range', 'high', 'test', 'get', 'short', 'range', 'low.', 'httpswww.tradingview.comxxbLS8Ikx']"
AlphaTradeZone,2022-10-01,19:33:28,$ETHUSDTNothing changed. Still below daily supply and all these buybacks are not producing continuation. Still betting for a downside.https://www.tradingview.com/x/Z0ipliv4/,
AlphaTradeZone,2022-10-03,16:36:02,"Do not trade right now, this micro-flat is a deposit killer. Postponing all analysis and waiting for a clear signs for any direction. This week is huge for trad markets due to a lot of news and meetings in EU.Today, 22:10 FOMC meeting (not that one that impacts market a lot). It should be a start of a good trend (at least hourly).","['Do', 'trade', 'right', 'now', 'micro-flat', 'deposit', 'killer.', 'Postponing', 'analysis', 'waiting', 'clear', 'sign', 'direction.', 'This', 'week', 'huge', 'trad', 'market', 'due', 'lot', 'news', 'meeting', 'EU.Today', '2210', 'FOMC', 'meeting', 'not', 'one', 'impact', 'market', 'lot.', 'It', 'start', 'good', 'trend', 'at', 'least', 'hourly.']"
AlphaTradeZone,2022-10-04,18:31:17,$ETHUSDT Nothing changed. Still below daily supply and all these buybacks are not producing continuation. Still betting for a downside.  https://www.tradingview.com/x/Z0ipliv4/,
AlphaTradeZone,2022-10-05,16:18:20,"$ETHUSDT Finally, we got some direction for this week. Willing to buy some ETH at 4h demand and will be looking for sells at 1d supply. Easy as it is.  https://www.tradingview.com/x/D76dxK4y/",
AlphaTradeZone,2022-10-06,08:37:30,$ETHUSDT Safe to say it's filled. Let's go!   https://www.tradingview.com/x/kOpad8AF/,
AlphaTradeZone,2022-10-06,16:51:39,#ATOM/USDTdoing nicely immediately after entry. holding the rest for higher tp‚úîÔ∏èhttps://www.tradingview.com/x/FJ1BGn9i/,"['ATOMUSDTdoing', 'nicely', 'immediately', 'entry.', 'holding', 'rest', 'higher', 'tp‚úîÔ∏èhttpswww.tradingview.comxFJ1BGn9i']"
AlphaTradeZone,2022-10-07,10:56:32,Today is non farm payrolls. In 1 hour 34 minutes. Prepare your stops to bep. Volatility is coming.,"['Today', 'non', 'farm', 'payrolls.', 'In', '1', 'hour', '34', 'minutes.', 'Prepare', 'stop', 'bep.', 'Volatility', 'coming.']"
AlphaTradeZone,2022-10-07,19:29:16,"$ETHUSDT More likely we are heading down on hourly tf. Just to get to inducement and then we can continue going up.  Anyway, replace stops to breakeven or small profit above your entry. Free trade, no risk.  https://www.tradingview.com/x/5CfAY94F/",
AlphaTradeZone,2022-10-08,17:59:40,$XMRUSDTHTF plan is to short 1d supply (blue area) since it's an extremum supply. BTC looks alike finished it's upside for now and more likely we can get a new low before going bullish.https://www.tradingview.com/x/UgEKVFkK/,"['XMRUSDTHTF', 'plan', 'short', '1d', 'supply', 'blue', 'area', 'since', 'extremum', 'supply.', 'BTC', 'look', 'alike', 'finished', 'upside', 'likely', 'get', 'new', 'low', 'going', 'bullish.httpswww.tradingview.comxUgEKVFkK']"
AlphaTradeZone,2022-10-08,17:59:50,$MATICUSDTThe same as XMR. Will be focusing HTF supply (blue area).https://www.tradingview.com/x/jis77zv2/,"['MATICUSDTThe', 'XMR.', 'Will', 'focusing', 'HTF', 'supply', 'blue', 'area.httpswww.tradingview.comxjis77zv2']"
AlphaTradeZone,2022-10-10,14:41:02,ByBit USDT#BIT/USDT All take-profit targets achieved üòéProfit: 20.4104% üìàPeriod: 1 Hours 5 Minutes ‚è∞,
AlphaTradeZone,2022-10-10,14:41:10,#BIT/USDüò±üéØ‚úîÔ∏è‚≠êÔ∏èhttps://www.tradingview.com/x/FnjcSF8G/,
AlphaTradeZone,2022-10-10,15:05:19,#SPXSP500 under 3640 is signalling weakness and bearish continuation. Close below this key level will likely lead to further decline.next downside target is 3500https://www.tradingview.com/x/za7O8TYu/,"['SPXSP500', '3640', 'signalling', 'weakness', 'bearish', 'continuation.', 'Close', 'key', 'level', 'likely', 'lead', 'decline.next', 'downside', 'target', '3500httpswww.tradingview.comxza7O8TYu']"
AlphaTradeZone,2022-10-10,18:21:24,$ETHUSDT No follow up after taking out an inducement. Closed half at profit and the rest in bep. Waiting for the next setup to appear.  https://www.tradingview.com/x/bA9RUu7l/,
AlphaTradeZone,2022-10-12,18:59:23,$BTCUSDTWaiting for the range high to short. But I feel like inducement will be taken first. Acting accordingly.https://www.tradingview.com/x/QZVMkwCb/,"['BTCUSDTWaiting', 'range', 'high', 'short.', 'But', 'I', 'feel', 'like', 'inducement', 'taken', 'first.', 'Acting', 'accordingly.httpswww.tradingview.comxQZVMkwCb']"
AlphaTradeZone,2022-10-13,11:24:16,ByBit#ETH/USD Take-Profit target 1 ‚úÖProfit: 235.8491% üìàPeriod: 2 Hours 50 Minutes ‚è∞,
AlphaTradeZone,2022-10-13,12:58:03,‚≠êÔ∏è ATZ Premium ‚≠êÔ∏èMeanwhile guys in our Premium printing money more than the FEDWant to join too?Visit: https://dashboard.alphatradezone.com,
AlphaTradeZone,2022-10-13,18:46:51,$ETHUSDT Let's wait for the price to come to an inducement and we can short to the 1h demand.  https://www.tradingview.com/x/pSSYrFgc/,
AlphaTradeZone,2022-10-14,18:41:25,$BTCUSDT Waiting for the range high to short. But I feel like inducement will be taken first. Acting accordingly.  https://www.tradingview.com/x/QZVMkwCb/,"['BTCUSDT', 'Waiting', 'range', 'high', 'short.', 'But', 'I', 'feel', 'like', 'inducement', 'taken', 'first.', 'Acting', 'accordingly.', 'httpswww.tradingview.comxQZVMkwCb']"
AlphaTradeZone,2022-10-14,21:27:51,"#HDRN/USDafter getting some retracement , HDRN still holding support, there's no change in the analysis and positioning. I keep holding my spot bag. For the ones still not in, its traded on Uniswaphttps://www.tradingview.com/x/9uhoL8b1/","['HDRNUSDafter', 'getting', 'retracement', 'HDRN', 'still', 'holding', 'support', 'there', 'change', 'analysis', 'positioning.', 'I', 'keep', 'holding', 'spot', 'bag.', 'For', 'one', 'still', 'in', 'traded', 'Uniswaphttpswww.tradingview.comx9uhoL8b1']"
AlphaTradeZone,2022-10-14,21:28:11,Some clarification why i am bullish on HDRN aside of technical side.on HDRN token is used to buy back HSI (HEX Stake instances) in the ICOSA platform https://app.icosa.pro/from the liquidation auction.on 13th of November there will be insane amount (around 3000 hex stakes will go to liquidation and be able to be bought with Hedron)The amount of hedron used to buy back HEX stakes in the auction will be permanently burned.Hence -> I expect:1) Hype to start increasing soonish with the approaching of next month and people will buy more and sell less hedron2) The burning itself should also positively impact price3) I expect more HSI to be sent out to the liquidation auction in the future and this process of hedron burning to continue,"['Some', 'clarification', 'bullish', 'HDRN', 'aside', 'technical', 'side.on', 'HDRN', 'token', 'used', 'buy', 'back', 'HSI', 'HEX', 'Stake', 'instance', 'ICOSA', 'platform', 'httpsapp.icosa.profrom', 'liquidation', 'auction.on', '13th', 'November', 'insane', 'amount', 'around', '3000', 'hex', 'stake', 'go', 'liquidation', 'able', 'bought', 'HedronThe', 'amount', 'hedron', 'used', 'buy', 'back', 'HEX', 'stake', 'auction', 'permanently', 'burned.Hence', '-', 'I', 'expect1', 'Hype', 'start', 'increasing', 'soonish', 'approaching', 'next', 'month', 'people', 'buy', 'sell', 'le', 'hedron2', 'The', 'burning', 'also', 'positively', 'impact', 'price3', 'I', 'expect', 'HSI', 'sent', 'liquidation', 'auction', 'future', 'process', 'hedron', 'burning', 'continue']"
AlphaTradeZone,2022-10-15,19:57:47,$ETHUSDT Pretty big liquidity grab but still valid. Downside is done now probably moving to the daily supply higher to grab upside liquidity.  https://www.tradingview.com/x/9U7Ir7Li/,
AlphaTradeZone,2022-10-15,19:58:25,$ETHUSDT No follow up with BTC. Still weak. Shorts still priority.  https://www.tradingview.com/x/bPdly44X/,
AlphaTradeZone,2022-10-17,20:05:39,$FLMUSDTJust to watch double bottom. Can be a good trade for the following weeks.https://www.tradingview.com/x/d1lWqr4V/,"['FLMUSDTJust', 'watch', 'double', 'bottom.', 'Can', 'good', 'trade', 'following', 'weeks.httpswww.tradingview.comxd1lWqr4V']"
AlphaTradeZone,2022-10-18,19:00:53,ByBit#ETH/USD Take-Profit target 1 ‚úÖProfit: 127.3276% üìàPeriod: 49 Minutes ‚è∞,
AlphaTradeZone,2022-10-19,08:24:35,#XRPThis fractal is playing out nicely. Keep holding the xrp shorthttps://www.tradingview.com/x/yBl5nc4W/,"['XRPThis', 'fractal', 'playing', 'nicely.', 'Keep', 'holding', 'xrp', 'shorthttpswww.tradingview.comxyBl5nc4W']"
AlphaTradeZone,2022-10-19,17:43:10,$BNBUSDTWilling to see the price comes to daily POI and form any kind of LTF setup to short. Downside we have equal lows and they should be taken.https://www.tradingview.com/x/GtqBfgxM/,"['BNBUSDTWilling', 'see', 'price', 'come', 'daily', 'POI', 'form', 'kind', 'LTF', 'setup', 'short.', 'Downside', 'equal', 'low', 'taken.httpswww.tradingview.comxGtqBfgxM']"
AlphaTradeZone,2022-10-20,01:44:57,#BTC/USDperfect playout so far ‚úîÔ∏èhttps://www.tradingview.com/x/ydEvLVaK/,
AlphaTradeZone,2022-10-20,09:43:13,#GOLDapproaching my buy areas slowlyhttps://www.tradingview.com/x/PQZ8Vudx/,
AlphaTradeZone,2022-10-20,18:16:42,ByBit#XRP/USD Take-Profit target 2 ‚úÖProfit: 262.7389% üìàPeriod: 2 Days 8 Hours 6 Minutes ‚è∞,
AlphaTradeZone,2022-10-21,15:55:30,#BTC/USDPlayed out entirely. üéØhttps://www.tradingview.com/x/BhRwhe0P/,
AlphaTradeZone,2022-10-21,18:22:01,$ETHUSDTToo much liquidity upside. Virgin daily supply would be a good short area to take the low at $1khttps://www.tradingview.com/x/JuGjqBUo/,
AlphaTradeZone,2022-10-23,17:56:09,Buying back 10% BTC spot at $19180,
AlphaTradeZone,2022-10-23,17:56:17,ByBit#BTC/USD Take-Profit target 1 ‚úÖProfit: 132.8125% üìàPeriod: 3 Hours 35 Minutes ‚è∞,
AlphaTradeZone,2022-10-23,18:59:14,$ETHUSDT Too much liquidity upside. Virgin daily supply would be a good short area to take the low at $1k  https://www.tradingview.com/x/JuGjqBUo/,
AlphaTradeZone,2022-10-24,07:59:47,#DXYanalysis on low TF on DXY if this projection plays out this means good environment for risk short termhttps://www.tradingview.com/x/X0757X14/,
AlphaTradeZone,2022-10-24,16:24:03,$ETHUSDT Would be nice to get something like that to Long LTF.  https://www.tradingview.com/x/LIxOQldN/,
AlphaTradeZone,2022-10-25,08:04:23,"üö® Cheelee: GameFi short video platform. Watch. Play. Earn. üö®üî∞ A few days ago I discovered Cheelee: GameFi short video platform. New trend in the market. ‚û°Ô∏è  HIGHLIGHTS:‚úÖ 1. A sustainable financial model. Cheelee is a social network, whose revenue is by 30% provided by advertising, in-game purchases and collaborations with brands.‚úÖ 2. The project is focused on a variety of social networks, it is 4.6 billion people, and plans to reach the 1st billion in the next 4 years.‚úÖ 3. Three years of development behind it, 100+ team members.‚úÖ 4. Free project entry. Sign-up and start using the app!‚úÖ 5. Earn without changing any of your habits. Scroll through the feed, watch videos and get rewards!Token emission is limited. There is a deflationary economic model.‚ö†Ô∏è To support the token rates, the project has a Stability Fund, where up to 100% of profits from NFT sales and in-app transactions and 70% of advertising revenue, is donated!‚ÄºÔ∏è Join discord: https://bit.ly/3Dq50I2","['üö®', 'Cheelee', 'GameFi', 'short', 'video', 'platform.', 'Watch.', 'Play.', 'Earn.', 'üö®üî∞', 'A', 'day', 'ago', 'I', 'discovered', 'Cheelee', 'GameFi', 'short', 'video', 'platform.', 'New', 'trend', 'market.', '‚û°Ô∏è', 'HIGHLIGHTS‚úÖ', '1.', 'A', 'sustainable', 'financial', 'model.', 'Cheelee', 'social', 'network', 'whose', 'revenue', '30', 'provided', 'advertising', 'in-game', 'purchase', 'collaboration', 'brands.‚úÖ', '2.', 'The', 'project', 'focused', 'variety', 'social', 'network', '4.6', 'billion', 'people', 'plan', 'reach', '1st', 'billion', 'next', '4', 'years.‚úÖ', '3.', 'Three', 'year', 'development', 'behind', 'it', '100', 'team', 'members.‚úÖ', '4.', 'Free', 'project', 'entry.', 'Sign-up', 'start', 'using', 'app‚úÖ', '5.', 'Earn', 'without', 'changing', 'habits.', 'Scroll', 'feed', 'watch', 'video', 'get', 'rewardsToken', 'emission', 'limited.', 'There', 'deflationary', 'economic', 'model.‚ö†Ô∏è', 'To', 'support', 'token', 'rate', 'project', 'Stability', 'Fund', '100', 'profit', 'NFT', 'sale', 'in-app', 'transaction', '70', 'advertising', 'revenue', 'donated‚ÄºÔ∏è', 'Join', 'discord', 'httpsbit.ly3Dq50I2']"
AlphaTradeZone,2022-10-25,15:19:24,ByBit#ETH/USD Take-Profit target 1 ‚úÖProfit: 434.1289% üìàPeriod: 1 Days 6 Hours 9 Minutes ‚è∞,
AlphaTradeZone,2022-10-25,17:16:02,$ETHUSDT Retracing. Still waiting for the 3h demand tap.  https://www.tradingview.com/x/dsCmO3P1/,
AlphaTradeZone,2022-10-25,17:16:55,"$ETHUSDT Ok, hit target without retracing to the entry. Now, looking for structure to form and break before jumping into shorts. Means that can spend some time waiting on a sideways before entering a position.  https://www.tradingview.com/x/MUiQz8Mk/",
AlphaTradeZone,2022-10-25,18:58:00,#BTC/USDI will just leave this here without further comments. üéØhttps://www.tradingview.com/x/MtltP54O/,
AlphaTradeZone,2022-10-25,19:31:05,#ETH/USDWe caught absolute low of wick at $1325. That's a great trade.  üéØhttps://www.tradingview.com/x/3DnY1eQM/,
AlphaTradeZone,2022-10-25,20:49:36,‚≠êÔ∏è Our day in ATZ Premium was like this: ‚≠êÔ∏è‚úÖ How to join us?‚û°Ô∏è https://dashboard.alphatradezone.com,
AlphaTradeZone,2022-10-26,08:44:38,ByBit#ETH/USD All take-profit targets achieved üòéProfit: 941.5523% üìàPeriod: 1 Days 23 Hours 38 Minutes ‚è∞,
AlphaTradeZone,2022-10-26,11:49:59,#ETH/USDPerfect analysis and execution. üéØhttps://www.tradingview.com/x/Awmnhm0u/,
AlphaTradeZone,2022-10-26,12:01:50,#DXYanalysis fully played out if you remember what I said few days ago:if this projection plays out this means good environment for risk short termhttps://www.tradingview.com/x/NiU5qaQe/,
AlphaTradeZone,2022-10-27,18:27:36,ETHUSDTWe came to the second daily POI. Looking for a trend change then entering a short. Before that no actions at all.https://www.tradingview.com/x/hC7KoRzu/,
AlphaTradeZone,2022-10-27,20:41:33,ByBit#BTC/USD All take-profit targets achieved üòéProfit: 455.4339% üìàPeriod: 3 Days 5 Hours 45 Minutes ‚è∞,
AlphaTradeZone,2022-10-27,21:27:45,"ATZ keeps Trading on ByBit ‚≠êIf you're enjoing our content, feel free to support us by joining our squad on ByBit.We rock it there aswell. Been a nice ride ever since we left BitMEX for good in 2018!üî∞Appreciate your support!https://www.bybit.com/a/atz","['ATZ', 'keep', 'Trading', 'ByBit', '‚≠êIf', 'enjoing', 'content', 'feel', 'free', 'support', 'u', 'joining', 'squad', 'ByBit.We', 'rock', 'aswell.', 'Been', 'nice', 'ride', 'ever', 'since', 'left', 'BitMEX', 'good', '2018üî∞Appreciate', 'supporthttpswww.bybit.comaatz']"
AlphaTradeZone,2022-10-28,20:49:51,$BNBUSDTMoving to the key high liquidity. Current POI did not provid any LTF/HTF reaction.Sweep>LTF BOS>ShortThis is a plan. https://www.tradingview.com/x/LFeOheyj/,"['BNBUSDTMoving', 'key', 'high', 'liquidity.', 'Current', 'POI', 'provid', 'LTFHTF', 'reaction.SweepLTF', 'BOSShortThis', 'plan.', 'httpswww.tradingview.comxLFeOheyj']"
AlphaTradeZone,2022-10-29,16:57:01,$BNBUSDT Moving to the key high liquidity. Current POI did not provid any LTF/HTF reaction. Sweep>LTF BOS>Short This is a plan.   https://www.tradingview.com/x/LFeOheyj/,"['BNBUSDT', 'Moving', 'key', 'high', 'liquidity.', 'Current', 'POI', 'provid', 'LTFHTF', 'reaction.', 'SweepLTF', 'BOSShort', 'This', 'plan.', 'httpswww.tradingview.comxLFeOheyj']"
AlphaTradeZone,2022-10-30,17:08:26,ByBit#BTC/USD Take-Profit target 1 ‚úÖProfit: 99.5432% üìàPeriod: 7 Hours 44 Minutes ‚è∞,
AlphaTradeZone,2022-10-30,17:08:36,"#BTC/USDsetup still active and in profit, took some time to reduce risk and get a better entry. Soon will lock some profit and eliminate risk again. https://www.tradingview.com/x/lmEWDP6H/",
AlphaTradeZone,2022-10-31,05:51:57,"#LINK/USDChainlink about to breakout from 6 months accumulation. With staking coming up, should net a good return in a month or two for a swing higher. Hence our long position.https://www.tradingview.com/x/CS77vcsK/",
AlphaTradeZone,2022-10-31,13:57:25,ByBit#BTC/USD Take-Profit target 2 ‚úÖProfit: 63.9885% üìàPeriod: 2 Hours 39 Minutes ‚è∞,
AlphaTradeZone,2022-10-31,14:12:31,‚≠êÔ∏è What a month for ATZ Premium! ‚≠êÔ∏èüéØ 86% Accuracy on calls!‚û°Ô∏è Win after win in this choppy market. Proper capital preservation and risk management.‚ÄºÔ∏è That's what years of improvement and learning are getting. Back in 2017 when we started ATZ we said we will never stop improving.‚ö†Ô∏è Want to join?https://dashboard.alphatradezone.com,"['‚≠êÔ∏è', 'What', 'month', 'ATZ', 'Premium', '‚≠êÔ∏èüéØ', '86', 'Accuracy', 'calls‚û°Ô∏è', 'Win', 'win', 'choppy', 'market.', 'Proper', 'capital', 'preservation', 'risk', 'management.‚ÄºÔ∏è', 'Thats', 'year', 'improvement', 'learning', 'getting.', 'Back', '2017', 'started', 'ATZ', 'said', 'never', 'stop', 'improving.‚ö†Ô∏è', 'Want', 'joinhttpsdashboard.alphatradezone.com']"
AlphaTradeZone,2022-10-31,14:12:39,AlphaTradeZone¬Æ pinned a photo,
AlphaTradeZone,2022-10-31,14:37:01,#BTC/USDfollowing plan perfectly and second short also nailed entry at the high. üéØhttps://www.tradingview.com/x/J7KILpVH/,"['BTCUSDfollowing', 'plan', 'perfectly', 'second', 'short', 'also', 'nailed', 'entry', 'high.', 'üéØhttpswww.tradingview.comxJ7KILpVH']"
AlphaTradeZone,2022-10-31,19:55:05,$ETHUSDTWas wrong about the previous ETH analysis. Will keep considering 1h structure for setups and 4h for MS.Waiting for the price to print bos and then 1h to find shorts. https://www.tradingview.com/x/ThV5hciG/,"['ETHUSDTWas', 'wrong', 'previous', 'ETH', 'analysis.', 'Will', 'keep', 'considering', '1h', 'structure', 'setup', '4h', 'MS.Waiting', 'price', 'print', 'bos', '1h', 'find', 'shorts.', 'httpswww.tradingview.comxThV5hciG']"
AlphaTradeZone,2022-11-02,19:57:46,$ETHUSDT Was wrong about the previous ETH analysis. Will keep considering 1h structure for setups and 4h for MS. Waiting for the price to print bos and then 1h to find shorts.   https://www.tradingview.com/x/ThV5hciG/,"['ETHUSDT', 'Was', 'wrong', 'previous', 'ETH', 'analysis.', 'Will', 'keep', 'considering', '1h', 'structure', 'setup', '4h', 'MS.', 'Waiting', 'price', 'print', 'bos', '1h', 'find', 'shorts.', 'httpswww.tradingview.comxThV5hciG']"
AlphaTradeZone,2022-11-04,20:13:20,"$ETHUSDT Nothing to look for here. The market is in a chop mode. Still waiting for eth and bnb to break structure to the downside on 4h. Like, don't even try to trade this mess on hourly. Stick to waiting.  https://www.tradingview.com/x/ddh0CLl6/","['ETHUSDT', 'Nothing', 'look', 'here.', 'The', 'market', 'chop', 'mode.', 'Still', 'waiting', 'eth', 'bnb', 'break', 'structure', 'downside', '4h.', 'Like', 'even', 'try', 'trade', 'mess', 'hourly.', 'Stick', 'waiting.', 'httpswww.tradingview.comxddh0CLl6']"
AlphaTradeZone,2022-11-04,21:10:47,#LINK/USDfinally breaking out of accumulation box. Holding for the targets above https://www.tradingview.com/x/N12dqvq0/,
AlphaTradeZone,2022-11-05,20:03:58,$FTTUSDT1d POI holds the price and here comes 4h POI with bos confirmation. Waiting for a good upside to daily poi above.Invalidation once the price closes below daily POI.https://www.tradingview.com/x/VBRGEZGV/,"['FTTUSDT1d', 'POI', 'hold', 'price', 'come', '4h', 'POI', 'bos', 'confirmation.', 'Waiting', 'good', 'upside', 'daily', 'poi', 'above.Invalidation', 'price', 'close', 'daily', 'POI.httpswww.tradingview.comxVBRGEZGV']"
AlphaTradeZone,2022-11-05,20:14:30,$FTTUSDT 1d POI holds the price and here comes 4h POI with bos confirmation. Waiting for a good upside to daily poi above. Invalidation once the price closes below daily POI.  https://www.tradingview.com/x/VBRGEZGV/,"['FTTUSDT', '1d', 'POI', 'hold', 'price', 'come', '4h', 'POI', 'bos', 'confirmation.', 'Waiting', 'good', 'upside', 'daily', 'poi', 'above.', 'Invalidation', 'price', 'close', 'daily', 'POI.', 'httpswww.tradingview.comxVBRGEZGV']"
AlphaTradeZone,2022-11-06,23:21:12,seems like we will get some Binance vs FTX drama next,
AlphaTradeZone,2022-11-06,23:21:23,The entire market may sell off due to this big confrontation between the two biggest players in the industry.,
AlphaTradeZone,2022-11-06,23:21:32,seems its happening. for now im cancelling all previous limit buys on everything,
AlphaTradeZone,2022-11-07,12:17:35,$ETHUSDT There is a short setup on 1h tf. Looks good after the sweep and also consider heading into weekend might be some tricky PA.  https://www.tradingview.com/x/FgnkEnAF/,
AlphaTradeZone,2022-11-08,02:56:28,"Binance Futures, ByBit USDT#FTT/USDT Take-Profit target 2 ‚úÖProfit: 41.5557% üìàPeriod: 17 Hours 38 Minutes ‚è∞","['Binance', 'Futures', 'ByBit', 'USDTFTTUSDT', 'Take-Profit', 'target', '2', '‚úÖProfit', '41.5557', 'üìàPeriod', '17', 'Hours', '38', 'Minutes', '‚è∞']"
AlphaTradeZone,2022-11-08,09:45:01,"üî∞ #ByBit has no beef with anyone! üî∞With recent FTX Binance drama, it comes to light again that our preferred exchange for trading is namely BYBIT‚ö†Ô∏è And always has been since 2018 when we left BitMEX for good.If you're enjoying our content, feel free to join using our link.We rock it there as well. Been a nice ride thus far.üî∞Appreciate your time!https://www.bybit.com/a/atz","['üî∞', 'ByBit', 'beef', 'anyone', 'üî∞With', 'recent', 'FTX', 'Binance', 'drama', 'come', 'light', 'preferred', 'exchange', 'trading', 'namely', 'BYBIT‚ö†Ô∏è', 'And', 'always', 'since', '2018', 'left', 'BitMEX', 'good.If', 'enjoying', 'content', 'feel', 'free', 'join', 'using', 'link.We', 'rock', 'well.', 'Been', 'nice', 'ride', 'thus', 'far.üî∞Appreciate', 'timehttpswww.bybit.comaatz']"
AlphaTradeZone,2022-11-08,09:45:19,"AlphaTradeZone¬Æ pinned ¬´üî∞ #ByBit has no beef with anyone! üî∞  With recent FTX Binance drama, it comes to light again that our preferred exchange for trading is namely BYBIT  ‚ö†Ô∏è And always has been since 2018 when we left BitMEX for good.  If you're enjoying our content, feel free‚Ä¶¬ª",
AlphaTradeZone,2022-11-08,09:45:45,#SPX‚úîÔ∏èhttps://www.tradingview.com/x/ZgHWxKOe/,
AlphaTradeZone,2022-11-08,16:05:13,4. minutes. üéØ,
AlphaTradeZone,2022-11-08,16:05:14,"ByBit USDT, Binance Futures#SOL/USDT Take-Profit target 1 ‚úÖProfit: 11.1231% üìàPeriod: 4 Minutes ‚è∞","['ByBit', 'USDT', 'Binance', 'FuturesSOLUSDT', 'Take-Profit', 'target', '1', '‚úÖProfit', '11.1231', 'üìàPeriod', '4', 'Minutes', '‚è∞']"
AlphaTradeZone,2022-11-08,16:09:24,ByBit#BTC/USD Take-Profit target 1 ‚úÖProfit: 180.1136% üìàPeriod: 6 Hours 37 Minutes ‚è∞,
AlphaTradeZone,2022-11-08,16:09:35,Looks we are back on track,
AlphaTradeZone,2022-11-08,16:09:51,#DXYlost key support. you already know what this means for risk assetshttps://www.tradingview.com/x/g7Oy636r/,"['DXYlost', 'key', 'support.', 'already', 'know', 'mean', 'risk', 'assetshttpswww.tradingview.comxg7Oy636r']"
AlphaTradeZone,2022-11-08,16:35:34,ByBit#BTC/USD All take-profit targets achieved üòéProfit: 310.1674% üìàPeriod: 7 Hours 3 Minutes ‚è∞,
AlphaTradeZone,2022-11-08,19:10:38,"$ETHUSDTOkie, what a sell-off day!Currently, ETH landed on 1d POI and looks like it's slowly bouncing. Would not mess up with a daily bias that still bearish and will be looking for a short setup. 30m POI looks good for a peak of the bounce so decision is up to you.Maybe there will be another setup to play overnight. Still not rushing into this mess.https://www.tradingview.com/x/Wb3w3qmD/",
AlphaTradeZone,2022-11-08,19:36:42,Let's do market predictions with charts. Show us your prediction in the chat with a chart. I go first. We drop to around 16k +- 1k and then we go for MSB above 23k to confirm the mega ultra total bullish trend.  https://www.tradingview.com/x/GT8sospM/,
AlphaTradeZone,2022-11-09,20:05:10,"Oh, found it, but need a small correction here. In overall, the idea still the same. We need to break the key low to form a closest key high.  https://www.tradingview.com/x/RHsI5AKd/","['Oh', 'found', 'it', 'need', 'small', 'correction', 'here.', 'In', 'overall', 'idea', 'still', 'same.', 'We', 'need', 'break', 'key', 'low', 'form', 'closest', 'key', 'high.', 'httpswww.tradingview.comxRHsI5AKd']"
AlphaTradeZone,2022-11-11,15:31:23,"$BNBUSDTWas scared to post this the day BNB was ~$356 but dreams are real. So BNB printed a bullish BoS on HTF (1D) and dropped to the closest/strongest HTF POI. Imo, even if BTC decides to go lower we won't see BNB dropping as much. So officially (I hope) BNB entered long-waited bullish phase.https://www.tradingview.com/x/9Exkm3ls/","['BNBUSDTWas', 'scared', 'post', 'day', 'BNB', '356', 'dream', 'real.', 'So', 'BNB', 'printed', 'bullish', 'BoS', 'HTF', '1D', 'dropped', 'closeststrongest', 'HTF', 'POI.', 'Imo', 'even', 'BTC', 'decides', 'go', 'lower', 'see', 'BNB', 'dropping', 'much.', 'So', 'officially', 'I', 'hope', 'BNB', 'entered', 'long-waited', 'bullish', 'phase.httpswww.tradingview.comx9Exkm3ls']"
AlphaTradeZone,2022-11-12,20:15:20,"$BNBUSDT Was scared to post this the day BNB was ~$356 but dreams are real. So BNB printed a bullish BoS on HTF (1D) and dropped to the closest/strongest HTF POI. Imo, even if BTC decides to go lower we won't see BNB dropping as much. So officially (I hope)‚Ä¶","['BNBUSDT', 'Was', 'scared', 'post', 'day', 'BNB', '356', 'dream', 'real.', 'So', 'BNB', 'printed', 'bullish', 'BoS', 'HTF', '1D', 'dropped', 'closeststrongest', 'HTF', 'POI.', 'Imo', 'even', 'BTC', 'decides', 'go', 'lower', 'see', 'BNB', 'dropping', 'much.', 'So', 'officially', 'I', 'hope‚Ä¶']"
AlphaTradeZone,2022-11-13,14:23:03,"üö® Be careful with Crypto.com üö®Likely they are next under the snowball effect of a ""bank run"".Be aware.",
AlphaTradeZone,2022-11-13,16:51:53,üéØ #TWT in ATZ Premium‚û°Ô∏è That's what you get in ATZ premium.üî∞ We filled our bags of #TWT just yesterday. Now CZ shilling it relentlessly.üòé #feelsgoodman,"['üéØ', 'TWT', 'ATZ', 'Premium‚û°Ô∏è', 'Thats', 'get', 'ATZ', 'premium.üî∞', 'We', 'filled', 'bag', 'TWT', 'yesterday.', 'Now', 'CZ', 'shilling', 'relentlessly.üòé', 'feelsgoodman']"
AlphaTradeZone,2022-11-13,16:52:31,AlphaTradeZone¬Æ pinned a photo,
AlphaTradeZone,2022-11-13,18:56:07,ByBit #BTC/USD All take-profit targets achieved üòé Profit: 310.1674% üìà Period: 7 Hours 3 Minutes ‚è∞,
AlphaTradeZone,2022-11-14,02:12:33,ByBit#ETH/USD Take-Profit target 1 ‚úÖProfit: 135.3503% üìàPeriod: 20 Hours 9 Minutes ‚è∞,
AlphaTradeZone,2022-11-14,11:29:50,$ETHUSDT Rejected from 4h POI. Currently slowly dropping. Waiting for a bos and then a pullback to grab a liquidity. Then we can continue dumping.  https://www.tradingview.com/x/EBjM6bf5/,
AlphaTradeZone,2022-11-15,21:33:07,"$ETHUSDT And here we are at the resistance. Waiting was worth. If we stay here then we will print weekly high on Tuesday, means that pullback is not done yet and drop will happen after the Tuesday.   https://www.tradingview.com/x/JjyJwovO/","['ETHUSDT', 'And', 'resistance.', 'Waiting', 'worth.', 'If', 'stay', 'print', 'weekly', 'high', 'Tuesday', 'mean', 'pullback', 'done', 'yet', 'drop', 'happen', 'Tuesday.', 'httpswww.tradingview.comxJjyJwovO']"
AlphaTradeZone,2022-11-17,19:28:42,$XMRUSDT HTF plan is to short 1d supply (blue area) since it's an extremum supply. BTC looks alike finished it's upside for now and more likely we can get a new low before going bullish.  https://www.tradingview.com/x/UgEKVFkK/,"['XMRUSDT', 'HTF', 'plan', 'short', '1d', 'supply', 'blue', 'area', 'since', 'extremum', 'supply.', 'BTC', 'look', 'alike', 'finished', 'upside', 'likely', 'get', 'new', 'low', 'going', 'bullish.', 'httpswww.tradingview.comxUgEKVFkK']"
AlphaTradeZone,2022-11-17,19:30:37,$XMRUSDT Can't be more precious than this one. Such trades happen 1 on million when you have a perfect entry without any kind of a sweep.  https://www.tradingview.com/x/uhup9aSl/,"['XMRUSDT', 'Cant', 'precious', 'one.', 'Such', 'trade', 'happen', '1', 'million', 'perfect', 'entry', 'without', 'kind', 'sweep.', 'httpswww.tradingview.comxuhup9aSl']"
AlphaTradeZone,2022-11-19,20:11:50,$CHZUSDTRejecting from the fresh daily POI.Chart messed up due to huge volatility. But should go down from here.https://www.tradingview.com/x/nwSkox1h/,"['CHZUSDTRejecting', 'fresh', 'daily', 'POI.Chart', 'messed', 'due', 'huge', 'volatility.', 'But', 'go', 'here.httpswww.tradingview.comxnwSkox1h']"
AlphaTradeZone,2022-11-20,13:02:37,"$LINKUSDTSeems like a range here.Will be looking for a deviation downside, ltf bos then good to long.https://www.tradingview.com/x/VIVpbVbz/","['LINKUSDTSeems', 'like', 'range', 'here.Will', 'looking', 'deviation', 'downside', 'ltf', 'bos', 'good', 'long.httpswww.tradingview.comxVIVpbVbz']"
AlphaTradeZone,2022-11-20,22:09:29,Binance Futures#SOL/USDT Take-Profit target 1 ‚úÖProfit: 33.7773% üìàPeriod: 6 Days 17 Hours 55 Minutes ‚è∞,"['Binance', 'FuturesSOLUSDT', 'Take-Profit', 'target', '1', '‚úÖProfit', '33.7773', 'üìàPeriod', '6', 'Days', '17', 'Hours', '55', 'Minutes', '‚è∞']"
AlphaTradeZone,2022-11-21,07:49:11,$ETHUSDT Takes a little more time but still rejecting from the supply. Still valid.  https://www.tradingview.com/x/UuBG0LpX/,
