next10xgem1,2022-09-15,14:14:07,#CHZ ğŸ‘€,"['CHZ', 'ğŸ‘€']"
next10xgem1,2022-09-15,14:24:54,#Coti news,"['Coti', 'news']"
next10xgem1,2022-09-15,19:16:07,#ILV on coinbase ğŸš€ğŸš€,"['ILV', 'coinbase', 'ğŸš€ğŸš€']"
next10xgem1,2022-09-18,11:41:23,#xrpÂ  long use only 5lev to 30lev Buy : 0.3750 0.3760Sell : 0.3850Â  0.4000- 0.4500+++Sl : no ....0.3150Buy and hold,"['xrp', 'long', 'use', '5lev', '30lev', 'Buy', '0.3750', '0.3760Sell', '0.3850', '0.4000-', '0.4500Sl', '....0.3150Buy', 'hold']"
next10xgem1,2022-09-18,11:50:25,Xrp long time chart,"['Xrp', 'long', 'time', 'chart']"
next10xgem1,2022-09-18,18:19:57,#xrpÂ  long use only 5lev to 30lev   Buy : 0.3750 0.3760  Sell : 0.3850Â  0.4000- 0.4500+++  Sl : no ....0.3150  Buy and hold,"['xrp', 'long', 'use', '5lev', '30lev', 'Buy', '0.3750', '0.3760', 'Sell', '0.3850', '0.4000-', '0.4500', 'Sl', '....0.3150', 'Buy', 'hold']"
next10xgem1,2022-09-18,18:45:24,Whales kill KNC coin Today ğŸ¥´ğŸ¥´ğŸ™„ğŸ˜¶,"['Whales', 'kill', 'KNC', 'coin', 'Today', 'ğŸ¥´ğŸ¥´ğŸ™„ğŸ˜¶']"
next10xgem1,2022-09-19,14:44:15,WaZirX Delist $USDC Next week,"['WaZirX', 'Delist', 'USDC', 'Next', 'week']"
next10xgem1,2022-09-19,19:39:26,#XRPğŸ‘€,['XRPğŸ‘€']
next10xgem1,2022-09-20,12:32:06,#DOGEÂ  longÂ  use 5lev to 20lev Buy : 0.05800Sell : 0.05900  -0.06000 -0.06100+++Sl 0.05500,"['DOGE', 'long', 'use', '5lev', '20lev', 'Buy', '0.05800Sell', '0.05900', '-0.06000', '-0.06100Sl', '0.05500']"
next10xgem1,2022-09-20,13:06:22,Indian crypto exchangeCoinDCX's Twitter account has beenhacked to post $XRP scam links.,"['Indian', 'crypto', 'exchangeCoinDCXs', 'Twitter', 'account', 'beenhacked', 'post', 'XRP', 'scam', 'links.']"
next10xgem1,2022-09-20,15:10:18,#xrpÂ  long use only 5lev to 30lev   Buy : 0.3750 0.3760  Sell : 0.3850Â  0.4000- 0.4500+++  Sl : no ....0.3150  Buy and hold,"['xrp', 'long', 'use', '5lev', '30lev', 'Buy', '0.3750', '0.3760', 'Sell', '0.3850', '0.4000-', '0.4500', 'Sl', '....0.3150', 'Buy', 'hold']"
next10xgem1,2022-09-20,17:14:17,#DOGEÂ  longÂ  use 5lev to 20lev    Buy : 0.05800  Sell : 0.05900  -0.06000 -0.06100+++  Sl 0.05500,"['DOGE', 'long', 'use', '5lev', '20lev', 'Buy', '0.05800', 'Sell', '0.05900', '-0.06000', '-0.06100', 'Sl', '0.05500']"
next10xgem1,2022-09-20,17:26:03,#DOGEÂ  longÂ  use 5lev to 20lev    Buy : 0.05800  Sell : 0.05900  -0.06000 -0.06100+++  Sl 0.05500,"['DOGE', 'long', 'use', '5lev', '20lev', 'Buy', '0.05800', 'Sell', '0.05900', '-0.06000', '-0.06100', 'Sl', '0.05500']"
next10xgem1,2022-09-20,18:49:14,ğŸš€ğŸ’¥ğŸ’¥ğŸ’ª #XRP,"['ğŸš€ğŸ’¥ğŸ’¥ğŸ’ª', 'XRP']"
next10xgem1,2022-09-21,10:42:46,"FOMC Made simple.Rate hike expected is 75 bps. â—½ï¸75 bps is announced -> Positive market reaction.â—½ï¸100 bps is announced -> Extremely bearish, risk-on assets get slaughtered & #DXY to the moon. There's a high probability that 75 bps is already priced in.","['FOMC', 'Made', 'simple.Rate', 'hike', 'expected', '75', 'bps.', 'â—½ï¸75', 'bps', 'announced', '-', 'Positive', 'market', 'reaction.â—½ï¸100', 'bps', 'announced', '-', 'Extremely', 'bearish', 'risk-on', 'asset', 'get', 'slaughtered', 'DXY', 'moon.', 'Theres', 'high', 'probability', '75', 'bps', 'already', 'priced', 'in.']"
next10xgem1,2022-09-21,14:15:45,#Today's economic news will be crucial for the stock market and crypto.FOMC meeting and FED interest rate decision today 18:00 GMT 75 : btc will stay above 19000100 : will see hard dump maybe below support 17200 50: market will recovre above 20k25: btc will flay above rÃ©sistance 22700 so stay awake..creed,"['Todays', 'economic', 'news', 'crucial', 'stock', 'market', 'crypto.FOMC', 'meeting', 'FED', 'interest', 'rate', 'decision', 'today', '1800', 'GMT', '75', 'btc', 'stay', '19000100', 'see', 'hard', 'dump', 'maybe', 'support', '17200', '50', 'market', 'recovre', '20k25', 'btc', 'flay', 'rÃ©sistance', '22700', 'stay', 'awake..creed']"
next10xgem1,2022-09-21,20:05:55,Look at the volume on the daily â˜ï¸ XRP BiG Pump soon ğŸ‘ğŸš€,"['Look', 'volume', 'daily', 'â˜ï¸', 'XRP', 'BiG', 'Pump', 'soon', 'ğŸ‘ğŸš€']"
next10xgem1,2022-09-22,08:31:59,A typical occurrence in a $BTC bear market.,"['A', 'typical', 'occurrence', 'BTC', 'bear', 'market.']"
next10xgem1,2022-09-22,13:16:50,Xrp Look at The volume on today,"['Xrp', 'Look', 'The', 'volume', 'today']"
next10xgem1,2022-09-22,13:20:24,#xrpÂ  long use only 5lev to 30lev   Buy : 0.3750 0.3760  Sell : 0.3850Â  0.4000- 0.4500+++  Sl : no ....0.3150  Buy and hold,"['xrp', 'long', 'use', '5lev', '30lev', 'Buy', '0.3750', '0.3760', 'Sell', '0.3850', '0.4000-', '0.4500', 'Sl', '....0.3150', 'Buy', 'hold']"
next10xgem1,2022-09-22,20:09:51,#xrpÂ  long use only 5lev to 30lev   Buy : 0.3750 0.3760  Sell : 0.3850Â  0.4000- 0.4500+++  Sl : no ....0.3150  Buy and hold,"['xrp', 'long', 'use', '5lev', '30lev', 'Buy', '0.3750', '0.3760', 'Sell', '0.3850', '0.4000-', '0.4500', 'Sl', '....0.3150', 'Buy', 'hold']"
next10xgem1,2022-09-22,21:03:42,"Now whales Working in XRP CoinXRP  VOLUME to much now XRP will pump moreOur next target 0.5200 , 0.5500 , 0.6000","['Now', 'whale', 'Working', 'XRP', 'CoinXRP', 'VOLUME', 'much', 'XRP', 'pump', 'moreOur', 'next', 'target', '0.5200', '0.5500', '0.6000']"
next10xgem1,2022-09-22,21:13:07,#XRP long Time chart ğŸ‘ğŸ™ŒğŸ’ª,"['XRP', 'long', 'Time', 'chart', 'ğŸ‘ğŸ™ŒğŸ’ª']"
next10xgem1,2022-09-23,04:38:43,Xrp 2 target done XRp reached 0.5588 profit 160%ğŸ¤‘ğŸ¤‘ğŸ’ªğŸ’ªğŸš€ğŸš€ğŸ’¥,"['Xrp', '2', 'target', 'done', 'XRp', 'reached', '0.5588', 'profit', '160ğŸ¤‘ğŸ¤‘ğŸ’ªğŸ’ªğŸš€ğŸš€ğŸ’¥']"
next10xgem1,2022-09-23,20:34:15,#DOGEÂ  longÂ  use 5lev to 20lev    Buy : 0.05800  Sell : 0.05900  -0.06000 -0.06100+++  Sl 0.05500,"['DOGE', 'long', 'use', '5lev', '20lev', 'Buy', '0.05800', 'Sell', '0.05900', '-0.06000', '-0.06100', 'Sl', '0.05500']"
next10xgem1,2022-09-23,20:37:37,#LUNC,['LUNC']
next10xgem1,2022-09-24,06:33:40,#DOGEÂ  longÂ  use 5lev to 20lev    Buy : 0.05800  Sell : 0.05900  -0.06000 -0.06100+++  Sl 0.05500,"['DOGE', 'long', 'use', '5lev', '20lev', 'Buy', '0.05800', 'Sell', '0.05900', '-0.06000', '-0.06100', 'Sl', '0.05500']"
next10xgem1,2022-09-24,17:17:56,#XRP,['XRP']
next10xgem1,2022-09-24,17:26:22,#xrpÂ  long use only 5lev to 30lev Buy : 0.4700  0.4800Sell : 0.5200Â  0.5500- 0.6000+++Sl : no ....0.4100Buy and hold,"['xrp', 'long', 'use', '5lev', '30lev', 'Buy', '0.4700', '0.4800Sell', '0.5200', '0.5500-', '0.6000Sl', '....0.4100Buy', 'hold']"
next10xgem1,2022-09-24,19:52:43,#xrpÂ  long use only 5lev to 30lev   Buy : 0.4700  0.4800  Sell : 0.5200Â  0.5500- 0.6000+++  Sl : no ....0.4100  Buy and hold,"['xrp', 'long', 'use', '5lev', '30lev', 'Buy', '0.4700', '0.4800', 'Sell', '0.5200', '0.5500-', '0.6000', 'Sl', '....0.4100', 'Buy', 'hold']"
next10xgem1,2022-09-25,12:20:28,XRP volume Again To much High Today ğŸ’¥ğŸš€ğŸ‘€,"['XRP', 'volume', 'Again', 'To', 'much', 'High', 'Today', 'ğŸ’¥ğŸš€ğŸ‘€']"
next10xgem1,2022-09-25,12:53:10,#xrpÂ  long use only 5lev to 30lev   Buy : 0.4700  0.4800  Sell : 0.5200Â  0.5500- 0.6000+++  Sl : no ....0.4100  Buy and hold,"['xrp', 'long', 'use', '5lev', '30lev', 'Buy', '0.4700', '0.4800', 'Sell', '0.5200', '0.5500-', '0.6000', 'Sl', '....0.4100', 'Buy', 'hold']"
next10xgem1,2022-09-26,10:46:27,#LUNC,['LUNC']
next10xgem1,2022-09-26,14:58:07,#DOGEÂ  longÂ  use 5lev to 20lev Buy : 0.06080Sell : 0.06200Â  -0.06300 -0.06500+++Sl 0.05500,"['DOGE', 'long', 'use', '5lev', '20lev', 'Buy', '0.06080Sell', '0.06200', '-0.06300', '-0.06500Sl', '0.05500']"
next10xgem1,2022-09-27,04:25:27,#DOGEÂ  longÂ  use 5lev to 20lev    Buy : 0.06080  Sell : 0.06200Â  -0.06300 -0.06500+++  Sl 0.05500,"['DOGE', 'long', 'use', '5lev', '20lev', 'Buy', '0.06080', 'Sell', '0.06200', '-0.06300', '-0.06500', 'Sl', '0.05500']"
next10xgem1,2022-09-27,19:41:07,140 million people are estimated to hodl #bitcoinÂ ,"['140', 'million', 'people', 'estimated', 'hodl', 'bitcoin']"
next10xgem1,2022-09-28,12:15:44,#GBP ğŸ’·  /  #BTCÂ  trading volume,"['GBP', 'ğŸ’·', 'BTC', 'trading', 'volume']"
next10xgem1,2022-09-28,19:39:49,"24.93% of the #BitcoinÂ  supply has not moved in at least 5 years, a new all-time high. That's over 4.77 million coins.","['24.93', 'Bitcoin', 'supply', 'moved', 'least', '5', 'year', 'new', 'all-time', 'high.', 'Thats', '4.77', 'million', 'coins.']"
next10xgem1,2022-09-30,04:22:05,Ripple going to go full send mode $XRP,"['Ripple', 'going', 'go', 'full', 'send', 'mode', 'XRP']"
next10xgem1,2022-09-30,12:10:56,#xrpÂ  shortÂ  use only 5lev to 30lev Buy : 0.4800Sell : 0.4700 0.4650- 0.4500+++Sl : no ....0.5100,"['xrp', 'short', 'use', '5lev', '30lev', 'Buy', '0.4800Sell', '0.4700', '0.4650-', '0.4500Sl', '....0.5100']"
next10xgem1,2022-09-30,17:27:53,#xrpÂ  shortÂ  use only 5lev to 30lev   Buy : 0.4800  Sell : 0.4700 0.4650- 0.4500+++  Sl : no ....0.5100,"['xrp', 'short', 'use', '5lev', '30lev', 'Buy', '0.4800', 'Sell', '0.4700', '0.4650-', '0.4500', 'Sl', '....0.5100']"
next10xgem1,2022-10-02,13:32:18,#xrpÂ  shortÂ  use only 5lev to 30lev   Buy : 0.4800  Sell : 0.4700 0.4650- 0.4500+++  Sl : no ....0.5100,"['xrp', 'short', 'use', '5lev', '30lev', 'Buy', '0.4800', 'Sell', '0.4700', '0.4650-', '0.4500', 'Sl', '....0.5100']"
next10xgem1,2022-10-02,19:10:46,#xrpÂ  long use only 5lev to 30lev Buy : 0.4550 0.4600Sell : 0.4700 0.4850- 0.5000+++Sl : no ....0.4000,"['xrp', 'long', 'use', '5lev', '30lev', 'Buy', '0.4550', '0.4600Sell', '0.4700', '0.4850-', '0.5000Sl', '....0.4000']"
next10xgem1,2022-10-03,13:53:08,#Dock,['Dock']
next10xgem1,2022-10-03,18:13:32,#LUNC,['LUNC']
next10xgem1,2022-10-04,08:15:25,#XRP,['XRP']
next10xgem1,2022-10-04,09:42:07,#xrpÂ  long use only 5lev to 30lev   Buy : 0.4550 0.4600  Sell : 0.4700 0.4850- 0.5000+++  Sl : no ....0.4000,"['xrp', 'long', 'use', '5lev', '30lev', 'Buy', '0.4550', '0.4600', 'Sell', '0.4700', '0.4850-', '0.5000', 'Sl', '....0.4000']"
next10xgem1,2022-10-04,17:58:52,#DOGEÂ  longÂ  use 5lev to 20lev    Buy : 0.06080  Sell : 0.06200Â  -0.06300 -0.06500+++  Sl 0.05500,"['DOGE', 'long', 'use', '5lev', '20lev', 'Buy', '0.06080', 'Sell', '0.06200', '-0.06300', '-0.06500', 'Sl', '0.05500']"
next10xgem1,2022-10-05,06:57:35,#xrpÂ  long use only 5lev to 30lev   Buy : 0.4550 0.4600  Sell : 0.4700 0.4850- 0.5000+++  Sl : no ....0.4000,"['xrp', 'long', 'use', '5lev', '30lev', 'Buy', '0.4550', '0.4600', 'Sell', '0.4700', '0.4850-', '0.5000', 'Sl', '....0.4000']"
next10xgem1,2022-10-05,18:51:39,XRP All target done  XRP reached 0.5023 profit 120%ğŸ¤‘ğŸ¤‘ğŸš€ğŸš€,"['XRP', 'All', 'target', 'done', 'XRP', 'reached', '0.5023', 'profit', '120ğŸ¤‘ğŸ¤‘ğŸš€ğŸš€']"
next10xgem1,2022-10-05,18:53:08,#xrpÂ  Short  use only 5lev to 30lev Buy : 0.5000 04950Sell : 0.4800 0.4700- 0.4600+++Sl : no ....0.5400,"['xrp', 'Short', 'use', '5lev', '30lev', 'Buy', '0.5000', '04950Sell', '0.4800', '0.4700-', '0.4600Sl', '....0.5400']"
next10xgem1,2022-10-06,08:04:56,#XRP,['XRP']
next10xgem1,2022-10-07,05:55:42,#BNB,['BNB']
next10xgem1,2022-10-07,13:09:40,#xrpÂ  Short  use only 5lev to 30lev   Buy : 0.5000 04950  Sell : 0.4800 0.4700- 0.4600+++  Sl : no ....0.5400,"['xrp', 'Short', 'use', '5lev', '30lev', 'Buy', '0.5000', '04950', 'Sell', '0.4800', '0.4700-', '0.4600', 'Sl', '....0.5400']"
next10xgem1,2022-10-10,12:55:09,"Bitcoin's mining difficulty has increased by +13.55%, hits a new all-time-high.","['Bitcoins', 'mining', 'difficulty', 'increased', '13.55', 'hit', 'new', 'all-time-high.']"
next10xgem1,2022-10-12,08:59:23,Which #BitcoinÂ  bear market has felt longer; 2018 or 2022?,"['Which', 'Bitcoin', 'bear', 'market', 'felt', 'longer', '2018', '2022']"
next10xgem1,2022-10-12,11:28:23,#DOGEÂ  longÂ  use 5lev to 20lev Buy : 0.06000 0.06020Sell : 0.06100Â  -0.06200 -0.06400+++Sl 0.05600,"['DOGE', 'long', 'use', '5lev', '20lev', 'Buy', '0.06000', '0.06020Sell', '0.06100', '-0.06200', '-0.06400Sl', '0.05600']"
next10xgem1,2022-10-12,18:22:42,#BNB,['BNB']
next10xgem1,2022-10-13,06:07:56,#TRX itâ€™s huge,"['TRX', 'itâ€™s', 'huge']"
next10xgem1,2022-10-13,09:43:43,"Binance will Delist DNT , NBS , BTG and TCT on 2022-10-24","['Binance', 'Delist', 'DNT', 'NBS', 'BTG', 'TCT', '2022-10-24']"
next10xgem1,2022-10-13,11:29:20,#BNB,['BNB']
next10xgem1,2022-10-15,15:44:46,Should Terra Classic (LUNC) 1.2% Tax Burn Be Reduced? Hereâ€™s What Community ThinkRead more,"['Should', 'Terra', 'Classic', 'LUNC', '1.2', 'Tax', 'Burn', 'Be', 'Reduced', 'Hereâ€™s', 'What', 'Community', 'ThinkRead']"
next10xgem1,2022-10-15,15:49:02,#xrpÂ  long  use only 5lev to 30lev Buy : 0.4800 04850Sell : 0.4950 0.5100- 0.5300+++Sl : no ....0.4300,"['xrp', 'long', 'use', '5lev', '30lev', 'Buy', '0.4800', '04850Sell', '0.4950', '0.5100-', '0.5300Sl', '....0.4300']"
next10xgem1,2022-10-16,12:34:24,#XRP,['XRP']
next10xgem1,2022-10-18,07:08:13,Just Google It... #XRPğŸ¤ª,"['Just', 'Google', 'It...', 'XRPğŸ¤ª']"
next10xgem1,2022-10-18,17:27:40,How to earn in bear season ğŸ»Practice makes perfect âœŒï¸,"['How', 'earn', 'bear', 'season', 'ğŸ»Practice', 'make', 'perfect', 'âœŒï¸']"
next10xgem1,2022-10-19,14:57:15,#MATIC big news ğŸ”¥ğŸ”¥,"['MATIC', 'big', 'news', 'ğŸ”¥ğŸ”¥']"
next10xgem1,2022-10-21,12:05:01,Median Ethereum gas prices at their highest levels since early July,"['Median', 'Ethereum', 'gas', 'price', 'highest', 'level', 'since', 'early', 'July']"
next10xgem1,2022-10-22,13:24:45,Median Ethereum gas prices at their highest levels since early July,"['Median', 'Ethereum', 'gas', 'price', 'highest', 'level', 'since', 'early', 'July']"
next10xgem1,2022-10-22,14:56:13,"$BTC Bottom Analysis Report Comparing to 2014, 2018 & 2022 Bear market","['BTC', 'Bottom', 'Analysis', 'Report', 'Comparing', '2014', '2018', '2022', 'Bear', 'market']"
next10xgem1,2022-10-23,18:36:10,#DOGEÂ  longÂ  use 5lev to 20lev Buy : 0.05930 0.05960Sell : 0.06100Â  -0.06200 -0.06400+++Sl 0.05500,"['DOGE', 'long', 'use', '5lev', '20lev', 'Buy', '0.05930', '0.05960Sell', '0.06100', '-0.06200', '-0.06400Sl', '0.05500']"
next10xgem1,2022-10-25,15:25:45,#DOGEÂ  longÂ  use 5lev to 20lev    Buy : 0.05930 0.05960  Sell : 0.06100Â  -0.06200 -0.06400+++  Sl 0.05500,"['DOGE', 'long', 'use', '5lev', '20lev', 'Buy', '0.05930', '0.05960', 'Sell', '0.06100', '-0.06200', '-0.06400', 'Sl', '0.05500']"
next10xgem1,2022-10-25,15:26:49,#DOGEÂ  longÂ  use 5lev to 20lev    Buy : 0.05930 0.05960  Sell : 0.06100Â  -0.06200 -0.06400+++  Sl 0.05500,"['DOGE', 'long', 'use', '5lev', '20lev', 'Buy', '0.05930', '0.05960', 'Sell', '0.06100', '-0.06200', '-0.06400', 'Sl', '0.05500']"
next10xgem1,2022-10-25,18:03:29,#DOGEÂ  longÂ  use 5lev to 20lev    Buy : 0.05930 0.05960  Sell : 0.06100Â  -0.06200 -0.06400+++  Sl 0.05500,"['DOGE', 'long', 'use', '5lev', '20lev', 'Buy', '0.05930', '0.05960', 'Sell', '0.06100', '-0.06200', '-0.06400', 'Sl', '0.05500']"
next10xgem1,2022-10-25,18:18:18,Reality... #XRP,"['Reality...', 'XRP']"
next10xgem1,2022-10-26,09:06:43,#DOGEÂ  longÂ  use 5lev to 20lev    Buy : 0.05930 0.05960  Sell : 0.06100Â  -0.06200 -0.06400+++  Sl 0.05500,"['DOGE', 'long', 'use', '5lev', '20lev', 'Buy', '0.05930', '0.05960', 'Sell', '0.06100', '-0.06200', '-0.06400', 'Sl', '0.05500']"
next10xgem1,2022-10-26,13:18:39,"Small retail transactions rise in Venezuela and Argentina, both of which have been hit hard by inflation","['Small', 'retail', 'transaction', 'rise', 'Venezuela', 'Argentina', 'hit', 'hard', 'inflation']"
next10xgem1,2022-10-26,17:23:49,#DOGEÂ  longÂ  use 5lev to 20lev    Buy : 0.05930 0.05960  Sell : 0.06100Â  -0.06200 -0.06400+++  Sl 0.05500,"['DOGE', 'long', 'use', '5lev', '20lev', 'Buy', '0.05930', '0.05960', 'Sell', '0.06100', '-0.06200', '-0.06400', 'Sl', '0.05500']"
next10xgem1,2022-10-27,08:23:29,#BNBğŸš€,['BNBğŸš€']
next10xgem1,2022-10-27,08:24:14,#DOGEÂ  longÂ  use 5lev to 20lev    Buy : 0.05930 0.05960  Sell : 0.06100Â  -0.06200 -0.06400+++  Sl 0.05500,"['DOGE', 'long', 'use', '5lev', '20lev', 'Buy', '0.05930', '0.05960', 'Sell', '0.06100', '-0.06200', '-0.06400', 'Sl', '0.05500']"
next10xgem1,2022-10-27,12:56:42,"#BNBÂ  long use 5lev to 20levBuy : 282 , 286Sell : 295 -305 -315 + Sl : no ....265","['BNB', 'long', 'use', '5lev', '20levBuy', '282', '286Sell', '295', '-305', '-315', 'Sl', '....265']"
next10xgem1,2022-10-27,17:47:11,"Most crypto scams on BNB Chain, Solidus Labs says","['Most', 'crypto', 'scam', 'BNB', 'Chain', 'Solidus', 'Labs', 'say']"
next10xgem1,2022-10-28,14:23:26,"#BNBÂ  long use 5lev to 20lev  Buy : 282 , 286  Sell : 295 -305 -315 +   Sl : no ....265","['BNB', 'long', 'use', '5lev', '20lev', 'Buy', '282', '286', 'Sell', '295', '-305', '-315', 'Sl', '....265']"
next10xgem1,2022-10-28,17:09:49,"#BNBÂ  long use 5lev to 20lev  Buy : 282 , 286  Sell : 295 -305 -315 +   Sl : no ....265","['BNB', 'long', 'use', '5lev', '20lev', 'Buy', '282', '286', 'Sell', '295', '-305', '-315', 'Sl', '....265']"
next10xgem1,2022-10-29,07:20:29,"#BNBÂ  long use 5lev to 20lev  Buy : 282 , 286  Sell : 295 -305 -315 +   Sl : no ....265","['BNB', 'long', 'use', '5lev', '20lev', 'Buy', '282', '286', 'Sell', '295', '-305', '-315', 'Sl', '....265']"
next10xgem1,2022-10-29,07:21:59,#DOGEÂ  longÂ  use 5lev to 20lev    Buy : 0.05930 0.05960  Sell : 0.06100Â  -0.06200 -0.06400+++  Sl 0.05500,"['DOGE', 'long', 'use', '5lev', '20lev', 'Buy', '0.05930', '0.05960', 'Sell', '0.06100', '-0.06200', '-0.06400', 'Sl', '0.05500']"
next10xgem1,2022-10-29,13:34:59,#DOGEÂ  longÂ  use 5lev to 20lev Buy : 0.10300 10450Sell : 0.10800Â  -0.1100 -0.1300 +++Sl 0.09400,"['DOGE', 'long', 'use', '5lev', '20lev', 'Buy', '0.10300', '10450Sell', '0.10800', '-0.1100', '-0.1300', 'Sl', '0.09400']"
next10xgem1,2022-10-29,13:35:55,ğŸ¥¹ğŸ‘€ğŸš€ğŸš€ğŸš€ğŸš€ğŸ¤‘ğŸ¤‘ #Doge,"['\U0001f979ğŸ‘€ğŸš€ğŸš€ğŸš€ğŸš€ğŸ¤‘ğŸ¤‘', 'Doge']"
next10xgem1,2022-10-29,14:19:51,#DOGEÂ  longÂ  use 5lev to 20lev    Buy : 0.10300 10450  Sell : 0.10800Â  -0.1100 -0.1300 +++  Sl 0.09400,"['DOGE', 'long', 'use', '5lev', '20lev', 'Buy', '0.10300', '10450', 'Sell', '0.10800', '-0.1100', '-0.1300', 'Sl', '0.09400']"
next10xgem1,2022-10-29,15:37:38,#DOGEÂ  longÂ  use 5lev to 20lev    Buy : 0.10300 10450  Sell : 0.10800Â  -0.1100 -0.1300 +++  Sl 0.09400,"['DOGE', 'long', 'use', '5lev', '20lev', 'Buy', '0.10300', '10450', 'Sell', '0.10800', '-0.1100', '-0.1300', 'Sl', '0.09400']"
next10xgem1,2022-10-29,19:36:06,"286,953,266 $DOGE ($22,140,740 USD) was transferred from a #Top20 wallet to a #BinanceÂ wallet.","['286953266', 'DOGE', '22140740', 'USD', 'transferred', 'Top20', 'wallet', 'Binance', 'wallet.']"
next10xgem1,2022-10-31,12:27:30,"#BNBÂ  long use 5lev to 20lev  Buy : 282 , 286  Sell : 295 -305 -315 +   Sl : no ....265","['BNB', 'long', 'use', '5lev', '20lev', 'Buy', '282', '286', 'Sell', '295', '-305', '-315', 'Sl', '....265']"
next10xgem1,2022-10-31,16:27:01,#FIL tweet newsğŸš€,"['FIL', 'tweet', 'newsğŸš€']"
next10xgem1,2022-11-01,05:14:28,ELON musk pump doge ğŸš€ğŸš€ğŸš€ğŸ¤‘ğŸ¤‘ğŸ¤‘ğŸ¤‘ğŸ¤‘,"['ELON', 'musk', 'pump', 'doge', 'ğŸš€ğŸš€ğŸš€ğŸ¤‘ğŸ¤‘ğŸ¤‘ğŸ¤‘ğŸ¤‘']"
next10xgem1,2022-11-01,05:17:01,#DogeğŸš€ğŸš€ğŸš€,['DogeğŸš€ğŸš€ğŸš€']
next10xgem1,2022-11-01,05:25:58,#DOGEÂ  long  use 5lev to 20lev Buy : 0.13900 0.14000Sell : 0.14800Â  -0.15800 -0.16800+++Sl 0.10000,"['DOGE', 'long', 'use', '5lev', '20lev', 'Buy', '0.13900', '0.14000Sell', '0.14800', '-0.15800', '-0.16800Sl', '0.10000']"
next10xgem1,2022-11-01,05:55:32,#DOGEÂ  long  use 5lev to 20lev    Buy : 0.13900 0.14000  Sell : 0.14800Â  -0.15800 -0.16800+++  Sl 0.10000,"['DOGE', 'long', 'use', '5lev', '20lev', 'Buy', '0.13900', '0.14000', 'Sell', '0.14800', '-0.15800', '-0.16800', 'Sl', '0.10000']"
next10xgem1,2022-11-01,08:28:15,#DOGE Shorters might get squeeze,"['DOGE', 'Shorters', 'might', 'get', 'squeeze']"
next10xgem1,2022-11-01,10:07:25,#DOGEÂ  long  use 5lev to 20lev    Buy : 0.13900 0.14000  Sell : 0.14800Â  -0.15800 -0.16800+++  Sl 0.10000,"['DOGE', 'long', 'use', '5lev', '20lev', 'Buy', '0.13900', '0.14000', 'Sell', '0.14800', '-0.15800', '-0.16800', 'Sl', '0.10000']"
next10xgem1,2022-11-02,08:39:50,"#BitcoinÂ  light show above the City of Lugano, SwitzerlandğŸ‡¨ğŸ‡­","['Bitcoin', 'light', 'show', 'City', 'Lugano', 'SwitzerlandğŸ‡¨ğŸ‡­']"
next10xgem1,2022-11-03,08:35:41,#BLZ big news coming ğŸ‘€ğŸš€,"['BLZ', 'big', 'news', 'coming', 'ğŸ‘€ğŸš€']"
next10xgem1,2022-11-03,10:41:40,#xrpÂ  longÂ  use only 3lev to 20lev Buy : 0.4550 0.4580Sell : 0.4650  0.4800- 0.5000+++Sl : no ....0.4000,"['xrp', 'long', 'use', '3lev', '20lev', 'Buy', '0.4550', '0.4580Sell', '0.4650', '0.4800-', '0.5000Sl', '....0.4000']"
next10xgem1,2022-11-03,12:30:11,ğŸ“Š FUTURES (BINANCE) #OCEANUSDTLONG Below : 0.18400 0.18550MAX ğŸ‘‰3x-20x LEVERAGE HoldTAKE PROFIT:0.19500|0.20500|0.21800+Sl 0.16500,"['ğŸ“Š', 'FUTURES', 'BINANCE', 'OCEANUSDTLONG', 'Below', '0.18400', '0.18550MAX', 'ğŸ‘‰3x-20x', 'LEVERAGE', 'HoldTAKE', 'PROFIT0.195000.205000.21800Sl', '0.16500']"
next10xgem1,2022-11-03,12:30:33,#OCEAN ğŸ‘€ğŸ‘ˆ,"['OCEAN', 'ğŸ‘€ğŸ‘ˆ']"
next10xgem1,2022-11-03,13:26:48,ğŸ“Š FUTURES (BINANCE)   #OCEANUSDT  LONG Below : 0.18400 0.18550  MAX ğŸ‘‰3x-20x LEVERAGE Hold  TAKE PROFIT:0.19500|0.20500|0.21800+  Sl 0.16500,"['ğŸ“Š', 'FUTURES', 'BINANCE', 'OCEANUSDT', 'LONG', 'Below', '0.18400', '0.18550', 'MAX', 'ğŸ‘‰3x-20x', 'LEVERAGE', 'Hold', 'TAKE', 'PROFIT0.195000.205000.21800', 'Sl', '0.16500']"
next10xgem1,2022-11-03,13:28:35,ğŸ“Š FUTURES (BINANCE)   #OCEANUSDT  LONG Below : 0.18400 0.18550  MAX ğŸ‘‰3x-20x LEVERAGE Hold  TAKE PROFIT:0.19500|0.20500|0.21800+  Sl 0.16500,"['ğŸ“Š', 'FUTURES', 'BINANCE', 'OCEANUSDT', 'LONG', 'Below', '0.18400', '0.18550', 'MAX', 'ğŸ‘‰3x-20x', 'LEVERAGE', 'Hold', 'TAKE', 'PROFIT0.195000.205000.21800', 'Sl', '0.16500']"
next10xgem1,2022-11-03,19:24:23,ğŸ“Š FUTURES (BINANCE)   #OCEANUSDT  LONG Below : 0.18400 0.18550  MAX ğŸ‘‰3x-20x LEVERAGE Hold  TAKE PROFIT:0.19500|0.20500|0.21800+  Sl 0.16500,"['ğŸ“Š', 'FUTURES', 'BINANCE', 'OCEANUSDT', 'LONG', 'Below', '0.18400', '0.18550', 'MAX', 'ğŸ‘‰3x-20x', 'LEVERAGE', 'Hold', 'TAKE', 'PROFIT0.195000.205000.21800', 'Sl', '0.16500']"
next10xgem1,2022-11-04,05:59:03,ğŸ“Š FUTURES (BINANCE)   #OCEANUSDT  LONG Below : 0.18400 0.18550  MAX ğŸ‘‰3x-20x LEVERAGE Hold  TAKE PROFIT:0.19500|0.20500|0.21800+  Sl 0.16500,"['ğŸ“Š', 'FUTURES', 'BINANCE', 'OCEANUSDT', 'LONG', 'Below', '0.18400', '0.18550', 'MAX', 'ğŸ‘‰3x-20x', 'LEVERAGE', 'Hold', 'TAKE', 'PROFIT0.195000.205000.21800', 'Sl', '0.16500']"
next10xgem1,2022-11-04,07:49:21,#xrpÂ  longÂ  use only 3lev to 20lev   Buy : 0.4550 0.4580  Sell : 0.4650  0.4800- 0.5000+++  Sl : no ....0.4000,"['xrp', 'long', 'use', '3lev', '20lev', 'Buy', '0.4550', '0.4580', 'Sell', '0.4650', '0.4800-', '0.5000', 'Sl', '....0.4000']"
next10xgem1,2022-11-04,09:42:48,#xrpÂ  longÂ  use only 3lev to 20lev   Buy : 0.4550 0.4580  Sell : 0.4650  0.4800- 0.5000+++  Sl : no ....0.4000,"['xrp', 'long', 'use', '3lev', '20lev', 'Buy', '0.4550', '0.4580', 'Sell', '0.4650', '0.4800-', '0.5000', 'Sl', '....0.4000']"
next10xgem1,2022-11-05,11:07:01,#ADAÂ  long use only 5lev to 30lev Buy : 0.4230 0.4245Sell : 0.4340Â  0.4450- 0.4600+++Sl : no ....0.3850,"['ADA', 'long', 'use', '5lev', '30lev', 'Buy', '0.4230', '0.4245Sell', '0.4340', '0.4450-', '0.4600Sl', '....0.3850']"
next10xgem1,2022-11-05,17:14:10,$SOL big news.,"['SOL', 'big', 'news.']"
next10xgem1,2022-11-05,18:11:01,#ADAÂ  long use only 5lev to 30lev   Buy : 0.4230 0.4245  Sell : 0.4340Â  0.4450- 0.4600+++  Sl : no ....0.3850,"['ADA', 'long', 'use', '5lev', '30lev', 'Buy', '0.4230', '0.4245', 'Sell', '0.4340', '0.4450-', '0.4600', 'Sl', '....0.3850']"
next10xgem1,2022-11-06,10:44:11,#SOLUSDT longÂ  use only 3lev to 20lev Buy : 36.00 36.10Sell : 37.00Â Â  38.00 - 39.00+++Sl : no ....33.00,"['SOLUSDT', 'long', 'use', '3lev', '20lev', 'Buy', '36.00', '36.10Sell', '37.00', '38.00', '-', '39.00Sl', '....33.00']"
next10xgem1,2022-11-08,06:59:27,#FTT,['FTT']
next10xgem1,2022-11-08,19:27:11,#LUNA 2.0 ğŸ˜±ğŸ˜­ğŸ¥´ big dump FTT  today,"['LUNA', '2.0', 'ğŸ˜±ğŸ˜­ğŸ¥´', 'big', 'dump', 'FTT', 'today']"
next10xgem1,2022-11-08,19:42:41,BTC Made A New All Time Low 16830$ In This Bear Market,"['BTC', 'Made', 'A', 'New', 'All', 'Time', 'Low', '16830', 'In', 'This', 'Bear', 'Market']"
next10xgem1,2022-11-09,13:28:54,#NEBL ğŸ‘€,"['NEBL', 'ğŸ‘€']"
next10xgem1,2022-11-09,13:51:13,"More and more people stop staking $SOL Now 49,619,880 $SOL ($982M) will hit the market after 20 hours.","['More', 'people', 'stop', 'staking', 'SOL', 'Now', '49619880', 'SOL', '982M', 'hit', 'market', '20', 'hours.']"
next10xgem1,2022-11-09,17:01:31,#sol,['sol']
next10xgem1,2022-11-10,08:04:42,Reminder: US CPI Inflation data will be coming up today 10th November at 7:00PM IST.,"['Reminder', 'US', 'CPI', 'Inflation', 'data', 'coming', 'today', '10th', 'November', '700PM', 'IST.']"
next10xgem1,2022-11-10,19:17:58,Crypto Drama 2022 in one post,"['Crypto', 'Drama', '2022', 'one', 'post']"
next10xgem1,2022-11-11,09:05:59,APT + Google = ğŸŒ•,"['APT', 'Google', 'ğŸŒ•']"
next10xgem1,2022-11-14,10:03:54,#FLM massive news ğŸš€,"['FLM', 'massive', 'news', 'ğŸš€']"
next10xgem1,2022-11-16,07:57:18,"Data show that, after FTX collapse, Binance has taken over the FTX futures market","['Data', 'show', 'that', 'FTX', 'collapse', 'Binance', 'taken', 'FTX', 'future', 'market']"
next10xgem1,2022-11-17,07:15:01,El Salvador President says they will start buying one Bitcoin everyday from tommorow,"['El', 'Salvador', 'President', 'say', 'start', 'buying', 'one', 'Bitcoin', 'everyday', 'tommorow']"
next10xgem1,2022-11-18,13:39:54,#xrpÂ  longÂ  use only 3lev to 20lev Buy : 0.3770 0.3805Sell : 0.3950Â  0.4100- 0.4300+++Sl : no ....0.3300,"['xrp', 'long', 'use', '3lev', '20lev', 'Buy', '0.3770', '0.3805Sell', '0.3950', '0.4100-', '0.4300Sl', '....0.3300']"
next10xgem1,2022-11-18,17:35:08,#CHZÂ  FA: WorldCup is coming.TA: A Broadening Wedge is printed.,"['CHZ', 'FA', 'WorldCup', 'coming.TA', 'A', 'Broadening', 'Wedge', 'printed.']"
next10xgem1,2022-11-19,15:17:16,#SANDUSDT longÂ  use only 3lev to 20lev Buy : 0.5900 Sell : 0.6100Â  0.6200 - 0.6300+++Sl : no ....0.5500,"['SANDUSDT', 'long', 'use', '3lev', '20lev', 'Buy', '0.5900', 'Sell', '0.6100', '0.6200', '-', '0.6300Sl', '....0.5500']"
next10xgem1,2022-11-19,15:18:02,#SANDUSDT longÂ  use only 3lev to 20lev   Buy : 0.5900   Sell : 0.6100Â  0.6200 - 0.6300+++  Sl : no ....0.5500,"['SANDUSDT', 'long', 'use', '3lev', '20lev', 'Buy', '0.5900', 'Sell', '0.6100', '0.6200', '-', '0.6300', 'Sl', '....0.5500']"
next10xgem1,2022-11-19,15:18:47,#SAND news ğŸš€ğŸ¤‘,"['SAND', 'news', 'ğŸš€ğŸ¤‘']"
next10xgem1,2022-11-19,17:26:53,#SANDUSDT longÂ  use only 3lev to 20lev   Buy : 0.5900   Sell : 0.6100Â  0.6200 - 0.6300+++  Sl : no ....0.5500,"['SANDUSDT', 'long', 'use', '3lev', '20lev', 'Buy', '0.5900', 'Sell', '0.6100', '0.6200', '-', '0.6300', 'Sl', '....0.5500']"
next10xgem1,2022-11-20,18:04:47,#xrpÂ  longÂ  use only 3lev to 20lev   Buy : 0.3770 0.3805  Sell : 0.3950Â  0.4100- 0.4300+++  Sl : no ....0.3300,"['xrp', 'long', 'use', '3lev', '20lev', 'Buy', '0.3770', '0.3805', 'Sell', '0.3950', '0.4100-', '0.4300', 'Sl', '....0.3300']"
next10xgem1,2022-11-21,06:03:31,this is big if true.this FUD is even bigger than FTX 3AC LUNA,"['big', 'true.this', 'FUD', 'even', 'bigger', 'FTX', '3AC', 'LUNA']"
next10xgem1,2022-11-21,13:31:34,#IOTA big news ğŸš€ğŸš€,"['IOTA', 'big', 'news', 'ğŸš€ğŸš€']"
next10xgem1,2022-11-23,11:43:55,FOMC minutes will be release today at 7:00 PM GMT,"['FOMC', 'minute', 'release', 'today', '700', 'PM', 'GMT']"
next10xgem1,2022-11-25,10:28:49,#xrpÂ  longÂ  use only 3lev to 20lev   Buy : 0.3770 0.3805  Sell : 0.3950Â  0.4100- 0.4300+++  Sl : no ....0.3300,"['xrp', 'long', 'use', '3lev', '20lev', 'Buy', '0.3770', '0.3805', 'Sell', '0.3950', '0.4100-', '0.4300', 'Sl', '....0.3300']"
next10xgem1,2022-11-25,16:16:03,Bitcoin is on track with previous bear market ğŸ˜,"['Bitcoin', 'track', 'previous', 'bear', 'market', 'ğŸ˜']"
next10xgem1,2022-11-26,12:08:49,#ALICE,['ALICE']
next10xgem1,2022-11-28,10:51:52,#DOGEÂ  longÂ  use 3lev to 20lev Buy : 0.09375 0.09400Sell : 0.09800 Â  -0.10400 -0.10900+++Sl 0.08000,"['DOGE', 'long', 'use', '3lev', '20lev', 'Buy', '0.09375', '0.09400Sell', '0.09800', '-0.10400', '-0.10900Sl', '0.08000']"
next10xgem1,2022-11-28,20:09:25,Futures to spot volume ratio hits multi-month low.,"['Futures', 'spot', 'volume', 'ratio', 'hit', 'multi-month', 'low.']"
next10xgem1,2022-11-29,02:18:36,#DOGEÂ  longÂ  use 3lev to 20lev    Buy : 0.09375 0.09400  Sell : 0.09800 Â  -0.10400 -0.10900+++  Sl 0.08000,"['DOGE', 'long', 'use', '3lev', '20lev', 'Buy', '0.09375', '0.09400', 'Sell', '0.09800', '-0.10400', '-0.10900', 'Sl', '0.08000']"
next10xgem1,2022-11-29,07:13:22,#DOGEÂ  longÂ  use 3lev to 20lev    Buy : 0.09375 0.09400  Sell : 0.09800 Â  -0.10400 -0.10900+++  Sl 0.08000,"['DOGE', 'long', 'use', '3lev', '20lev', 'Buy', '0.09375', '0.09400', 'Sell', '0.09800', '-0.10400', '-0.10900', 'Sl', '0.08000']"
